ruta,clase,clase_idx,grupo
C:\Users\joeyk\OneDrive\Desktop\CNN\Creación_de_Dataset_híbrido\Face-Recognition Proyect\Dataset_aumentado\Leonardo DiCaprio\Leonardo_DiCaprio_67_proc_aug03.jpg,Leonardo DiCaprio,7,Directo
C:\Users\joeyk\OneDrive\Desktop\CNN\Creación_de_Dataset_híbrido\Face-Recognition Proyect\Dataset_aumentado\Natalie Portman\Natalie_Portman_26_proc.jpg,Natalie Portman,8,Directo
C:\Users\joeyk\OneDrive\Desktop\CNN\Creación_de_Dataset_híbrido\Face-Recognition Proyect\Dataset_aumentado\Kevin\Kevin_145_proc_aug03.jpg,Kevin,6,Directo
C:\Users\joeyk\OneDrive\Desktop\CNN\Creación_de_Dataset_híbrido\Face-Recognition Proyect\Dataset_aumentado\Natalie Portman\Natalie_Portman_93_proc_aug03.jpg,Natalie Portman,8,Directo
C:\Users\joeyk\OneDrive\Desktop\CNN\Creación_de_Dataset_híbrido\Face-Recognition Proyect\Dataset_aumentado\Brad Pitt\BradPitt_75_proc_aug01.jpg,Brad Pitt,1,Directo
C:\Users\joeyk\OneDrive\Desktop\CNN\Creación_de_Dataset_híbrido\Face-Recognition Proyect\Dataset_aumentado\Angelina Jolie\Angelina_Jolie_77_proc_aug01.jpg,Angelina Jolie,0,Directo
C:\Users\joeyk\OneDrive\Desktop\CNN\Creación_de_Dataset_híbrido\Face-Recognition Proyect\Dataset_aumentado\Nicole Kidman\Nicole_Kidman_35_proc_aug01.jpg,Nicole Kidman,9,Directo
C:\Users\joeyk\OneDrive\Desktop\CNN\Creación_de_Dataset_híbrido\Face-Recognition Proyect\Dataset_aumentado\Israel\Israel_159_proc.jpg,Israel,2,Directo
C:\Users\joeyk\OneDrive\Desktop\CNN\Creación_de_Dataset_híbrido\Face-Recognition Proyect\Dataset_aumentado\Nicole Kidman\Nicole_Kidman_39_proc_aug01.jpg,Nicole Kidman,9,Directo
C:\Users\joeyk\OneDrive\Desktop\CNN\Creación_de_Dataset_híbrido\Face-Recognition Proyect\Dataset_aumentado\Kevin\Kevin_188_proc.jpg,Kevin,6,Directo
C:\Users\joeyk\OneDrive\Desktop\CNN\Creación_de_Dataset_híbrido\Face-Recognition Proyect\Dataset_aumentado\Joey\Joey_29_proc_aug02.jpg,Joey,4,Directo
C:\Users\joeyk\OneDrive\Desktop\CNN\Creación_de_Dataset_híbrido\Face-Recognition Proyect\Dataset_aumentado\Joey\Joey_24_proc_aug01.jpg,Joey,4,Directo
C:\Users\joeyk\OneDrive\Desktop\CNN\Creación_de_Dataset_híbrido\Face-Recognition Proyect\Dataset_aumentado\Brad Pitt\BradPitt_74_proc.jpg,Brad Pitt,1,Directo
C:\Users\joeyk\OneDrive\Desktop\CNN\Creación_de_Dataset_híbrido\Face-Recognition Proyect\Dataset_aumentado\Brad Pitt\BradPitt_87_proc_aug03.jpg,Brad Pitt,1,Directo
C:\Users\joeyk\OneDrive\Desktop\CNN\Creación_de_Dataset_híbrido\Face-Recognition Proyect\Dataset_aumentado\Nicole Kidman\Nicole_Kidman_70_proc_aug01.jpg,Nicole Kidman,9,Directo
C:\Users\joeyk\OneDrive\Desktop\CNN\Creación_de_Dataset_híbrido\Face-Recognition Proyect\Dataset_aumentado\Nicole Kidman\Nicole_Kidman_27_proc_aug02.jpg,Nicole Kidman,9,Directo
C:\Users\joeyk\OneDrive\Desktop\CNN\Creación_de_Dataset_híbrido\Face-Recognition Proyect\Dataset_aumentado\Natalie Portman\Natalie_Portman_64_proc.jpg,Natalie Portman,8,Directo
C:\Users\joeyk\OneDrive\Desktop\CNN\Creación_de_Dataset_híbrido\Face-Recognition Proyect\Dataset_aumentado\Johnny Depp\Johnny_Depp_95_proc_aug03.jpg,Johnny Depp,5,Directo
C:\Users\joeyk\OneDrive\Desktop\CNN\Creación_de_Dataset_híbrido\Face-Recognition Proyect\Dataset_aumentado\Leonardo DiCaprio\Leonardo_DiCaprio_38_proc_aug01.jpg,Leonardo DiCaprio,7,Directo
C:\Users\joeyk\OneDrive\Desktop\CNN\Creación_de_Dataset_híbrido\Face-Recognition Proyect\Dataset_aumentado\Israel\Israel_184_proc.jpg,Israel,2,Directo
C:\Users\joeyk\OneDrive\Desktop\CNN\Creación_de_Dataset_híbrido\Face-Recognition Proyect\Dataset_aumentado\Kevin\Kevin_68_proc_aug01.jpg,Kevin,6,Directo
C:\Users\joeyk\OneDrive\Desktop\CNN\Creación_de_Dataset_híbrido\Face-Recognition Proyect\Dataset_aumentado\Jennifer Lawrence\JenniferLawrence_32_proc_aug01.jpg,Jennifer Lawrence,3,Directo
C:\Users\joeyk\OneDrive\Desktop\CNN\Creación_de_Dataset_híbrido\Face-Recognition Proyect\Dataset_aumentado\Brad Pitt\BradPitt_49_proc_aug02.jpg,Brad Pitt,1,Directo
C:\Users\joeyk\OneDrive\Desktop\CNN\Creación_de_Dataset_híbrido\Face-Recognition Proyect\Dataset_aumentado\Nicole Kidman\Nicole_Kidman_20_proc_aug01.jpg,Nicole Kidman,9,Directo
C:\Users\joeyk\OneDrive\Desktop\CNN\Creación_de_Dataset_híbrido\Face-Recognition Proyect\Dataset_aumentado\Joey\Joey_230_proc_aug03.jpg,Joey,4,Directo
C:\Users\joeyk\OneDrive\Desktop\CNN\Creación_de_Dataset_híbrido\Face-Recognition Proyect\Dataset_aumentado\Brad Pitt\BradPitt_85_proc_aug01.jpg,Brad Pitt,1,Directo
C:\Users\joeyk\OneDrive\Desktop\CNN\Creación_de_Dataset_híbrido\Face-Recognition Proyect\Dataset_aumentado\Jennifer Lawrence\JenniferLawrence_42_proc.jpg,Jennifer Lawrence,3,Directo
C:\Users\joeyk\OneDrive\Desktop\CNN\Creación_de_Dataset_híbrido\Face-Recognition Proyect\Dataset_aumentado\Brad Pitt\BradPitt_55_proc_aug03.jpg,Brad Pitt,1,Directo
C:\Users\joeyk\OneDrive\Desktop\CNN\Creación_de_Dataset_híbrido\Face-Recognition Proyect\Dataset_aumentado\Nicole Kidman\Nicole_Kidman_35_proc_aug03.jpg,Nicole Kidman,9,Directo
C:\Users\joeyk\OneDrive\Desktop\CNN\Creación_de_Dataset_híbrido\Face-Recognition Proyect\Dataset_aumentado\Kevin\Kevin_125_proc_aug02.jpg,Kevin,6,Directo
C:\Users\joeyk\OneDrive\Desktop\CNN\Creación_de_Dataset_híbrido\Face-Recognition Proyect\Dataset_aumentado\Joey\Joey_287_proc_aug01.jpg,Joey,4,Directo
C:\Users\joeyk\OneDrive\Desktop\CNN\Creación_de_Dataset_híbrido\Face-Recognition Proyect\Dataset_aumentado\Israel\Israel_209_proc.jpg,Israel,2,Directo
C:\Users\joeyk\OneDrive\Desktop\CNN\Creación_de_Dataset_híbrido\Face-Recognition Proyect\Dataset_aumentado\Israel\Israel_185_proc_aug01.jpg,Israel,2,Directo
C:\Users\joeyk\OneDrive\Desktop\CNN\Creación_de_Dataset_híbrido\Face-Recognition Proyect\Dataset_aumentado\Israel\Israel_275_proc_aug03.jpg,Israel,2,Directo
C:\Users\joeyk\OneDrive\Desktop\CNN\Creación_de_Dataset_híbrido\Face-Recognition Proyect\Dataset_aumentado\Brad Pitt\BradPitt_35_proc_aug01.jpg,Brad Pitt,1,Directo
C:\Users\joeyk\OneDrive\Desktop\CNN\Creación_de_Dataset_híbrido\Face-Recognition Proyect\Dataset_aumentado\Kevin\Kevin_19_proc.jpg,Kevin,6,Directo
C:\Users\joeyk\OneDrive\Desktop\CNN\Creación_de_Dataset_híbrido\Face-Recognition Proyect\Dataset_aumentado\Angelina Jolie\Angelina_Jolie_15_proc_aug03.jpg,Angelina Jolie,0,Directo
C:\Users\joeyk\OneDrive\Desktop\CNN\Creación_de_Dataset_híbrido\Face-Recognition Proyect\Dataset_aumentado\Joey\Joey_286_proc_aug01.jpg,Joey,4,Directo
C:\Users\joeyk\OneDrive\Desktop\CNN\Creación_de_Dataset_híbrido\Face-Recognition Proyect\Dataset_aumentado\Joey\Joey_144_proc.jpg,Joey,4,Directo
C:\Users\joeyk\OneDrive\Desktop\CNN\Creación_de_Dataset_híbrido\Face-Recognition Proyect\Dataset_aumentado\Israel\Israel_142_proc.jpg,Israel,2,Directo
C:\Users\joeyk\OneDrive\Desktop\CNN\Creación_de_Dataset_híbrido\Face-Recognition Proyect\Dataset_aumentado\Kevin\Kevin_17_proc_aug03.jpg,Kevin,6,Directo
C:\Users\joeyk\OneDrive\Desktop\CNN\Creación_de_Dataset_híbrido\Face-Recognition Proyect\Dataset_aumentado\Leonardo DiCaprio\Leonardo_DiCaprio_85_proc_aug03.jpg,Leonardo DiCaprio,7,Directo
C:\Users\joeyk\OneDrive\Desktop\CNN\Creación_de_Dataset_híbrido\Face-Recognition Proyect\Dataset_aumentado\Nicole Kidman\Nicole_Kidman_22_proc.jpg,Nicole Kidman,9,Directo
C:\Users\joeyk\OneDrive\Desktop\CNN\Creación_de_Dataset_híbrido\Face-Recognition Proyect\Dataset_aumentado\Kevin\Kevin_125_proc.jpg,Kevin,6,Directo
C:\Users\joeyk\OneDrive\Desktop\CNN\Creación_de_Dataset_híbrido\Face-Recognition Proyect\Dataset_aumentado\Israel\Israel_164_proc_aug03.jpg,Israel,2,Directo
C:\Users\joeyk\OneDrive\Desktop\CNN\Creación_de_Dataset_híbrido\Face-Recognition Proyect\Dataset_aumentado\Angelina Jolie\Angelina_Jolie_73_proc_aug03.jpg,Angelina Jolie,0,Directo
C:\Users\joeyk\OneDrive\Desktop\CNN\Creación_de_Dataset_híbrido\Face-Recognition Proyect\Dataset_aumentado\Joey\Joey_275_proc_aug02.jpg,Joey,4,Directo
C:\Users\joeyk\OneDrive\Desktop\CNN\Creación_de_Dataset_híbrido\Face-Recognition Proyect\Dataset_aumentado\Israel\Israel_328_proc_aug03.jpg,Israel,2,Directo
C:\Users\joeyk\OneDrive\Desktop\CNN\Creación_de_Dataset_híbrido\Face-Recognition Proyect\Dataset_aumentado\Israel\Israel_95_proc_aug03.jpg,Israel,2,Directo
C:\Users\joeyk\OneDrive\Desktop\CNN\Creación_de_Dataset_híbrido\Face-Recognition Proyect\Dataset_aumentado\Natalie Portman\Natalie_Portman_4_proc_aug03.jpg,Natalie Portman,8,Directo
C:\Users\joeyk\OneDrive\Desktop\CNN\Creación_de_Dataset_híbrido\Face-Recognition Proyect\Dataset_aumentado\Brad Pitt\BradPitt_17_proc_aug03.jpg,Brad Pitt,1,Directo
C:\Users\joeyk\OneDrive\Desktop\CNN\Creación_de_Dataset_híbrido\Face-Recognition Proyect\Dataset_aumentado\Angelina Jolie\Angelina_Jolie_99_proc_aug03.jpg,Angelina Jolie,0,Directo
C:\Users\joeyk\OneDrive\Desktop\CNN\Creación_de_Dataset_híbrido\Face-Recognition Proyect\Dataset_aumentado\Jennifer Lawrence\JenniferLawrence_76_proc_aug01.jpg,Jennifer Lawrence,3,Directo
C:\Users\joeyk\OneDrive\Desktop\CNN\Creación_de_Dataset_híbrido\Face-Recognition Proyect\Dataset_aumentado\Jennifer Lawrence\JenniferLawrence_69_proc_aug02.jpg,Jennifer Lawrence,3,Directo
C:\Users\joeyk\OneDrive\Desktop\CNN\Creación_de_Dataset_híbrido\Face-Recognition Proyect\Dataset_aumentado\Joey\Joey_121_proc_aug01.jpg,Joey,4,Directo
C:\Users\joeyk\OneDrive\Desktop\CNN\Creación_de_Dataset_híbrido\Face-Recognition Proyect\Dataset_aumentado\Israel\Israel_200_proc_aug01.jpg,Israel,2,Directo
C:\Users\joeyk\OneDrive\Desktop\CNN\Creación_de_Dataset_híbrido\Face-Recognition Proyect\Dataset_aumentado\Angelina Jolie\Angelina_Jolie_47_proc_aug02.jpg,Angelina Jolie,0,Directo
C:\Users\joeyk\OneDrive\Desktop\CNN\Creación_de_Dataset_híbrido\Face-Recognition Proyect\Dataset_aumentado\Angelina Jolie\Angelina_Jolie_84_proc_aug02.jpg,Angelina Jolie,0,Directo
C:\Users\joeyk\OneDrive\Desktop\CNN\Creación_de_Dataset_híbrido\Face-Recognition Proyect\Dataset_aumentado\Natalie Portman\Natalie_Portman_29_proc_aug02.jpg,Natalie Portman,8,Directo
C:\Users\joeyk\OneDrive\Desktop\CNN\Creación_de_Dataset_híbrido\Face-Recognition Proyect\Dataset_aumentado\Israel\Israel_240_proc_aug01.jpg,Israel,2,Directo
C:\Users\joeyk\OneDrive\Desktop\CNN\Creación_de_Dataset_híbrido\Face-Recognition Proyect\Dataset_aumentado\Nicole Kidman\Nicole_Kidman_43_proc_aug01.jpg,Nicole Kidman,9,Directo
C:\Users\joeyk\OneDrive\Desktop\CNN\Creación_de_Dataset_híbrido\Face-Recognition Proyect\Dataset_aumentado\Israel\Israel_120_proc_aug02.jpg,Israel,2,Directo
C:\Users\joeyk\OneDrive\Desktop\CNN\Creación_de_Dataset_híbrido\Face-Recognition Proyect\Dataset_aumentado\Kevin\Kevin_172_proc_aug02.jpg,Kevin,6,Directo
C:\Users\joeyk\OneDrive\Desktop\CNN\Creación_de_Dataset_híbrido\Face-Recognition Proyect\Dataset_aumentado\Israel\Israel_222_proc.jpg,Israel,2,Directo
C:\Users\joeyk\OneDrive\Desktop\CNN\Creación_de_Dataset_híbrido\Face-Recognition Proyect\Dataset_aumentado\Israel\Israel_45_proc_aug02.jpg,Israel,2,Directo
C:\Users\joeyk\OneDrive\Desktop\CNN\Creación_de_Dataset_híbrido\Face-Recognition Proyect\Dataset_aumentado\Brad Pitt\BradPitt_43_proc.jpg,Brad Pitt,1,Directo
C:\Users\joeyk\OneDrive\Desktop\CNN\Creación_de_Dataset_híbrido\Face-Recognition Proyect\Dataset_aumentado\Brad Pitt\BradPitt_79_proc.jpg,Brad Pitt,1,Directo
C:\Users\joeyk\OneDrive\Desktop\CNN\Creación_de_Dataset_híbrido\Face-Recognition Proyect\Dataset_aumentado\Israel\Israel_309_proc.jpg,Israel,2,Directo
C:\Users\joeyk\OneDrive\Desktop\CNN\Creación_de_Dataset_híbrido\Face-Recognition Proyect\Dataset_aumentado\Joey\Joey_158_proc_aug03.jpg,Joey,4,Directo
C:\Users\joeyk\OneDrive\Desktop\CNN\Creación_de_Dataset_híbrido\Face-Recognition Proyect\Dataset_aumentado\Angelina Jolie\Angelina_Jolie_88_proc_aug03.jpg,Angelina Jolie,0,Directo
C:\Users\joeyk\OneDrive\Desktop\CNN\Creación_de_Dataset_híbrido\Face-Recognition Proyect\Dataset_aumentado\Angelina Jolie\Angelina_Jolie_53_proc_aug01.jpg,Angelina Jolie,0,Directo
C:\Users\joeyk\OneDrive\Desktop\CNN\Creación_de_Dataset_híbrido\Face-Recognition Proyect\Dataset_aumentado\Joey\Joey_292_proc_aug03.jpg,Joey,4,Directo
C:\Users\joeyk\OneDrive\Desktop\CNN\Creación_de_Dataset_híbrido\Face-Recognition Proyect\Dataset_aumentado\Natalie Portman\Natalie_Portman_64_proc_aug02.jpg,Natalie Portman,8,Directo
C:\Users\joeyk\OneDrive\Desktop\CNN\Creación_de_Dataset_híbrido\Face-Recognition Proyect\Dataset_aumentado\Natalie Portman\Natalie_Portman_29_proc_aug01.jpg,Natalie Portman,8,Directo
C:\Users\joeyk\OneDrive\Desktop\CNN\Creación_de_Dataset_híbrido\Face-Recognition Proyect\Dataset_aumentado\Leonardo DiCaprio\Leonardo_DiCaprio_26_proc.jpg,Leonardo DiCaprio,7,Directo
C:\Users\joeyk\OneDrive\Desktop\CNN\Creación_de_Dataset_híbrido\Face-Recognition Proyect\Dataset_aumentado\Israel\Israel_68_proc_aug01.jpg,Israel,2,Directo
C:\Users\joeyk\OneDrive\Desktop\CNN\Creación_de_Dataset_híbrido\Face-Recognition Proyect\Dataset_aumentado\Angelina Jolie\Angelina_Jolie_29_proc_aug02.jpg,Angelina Jolie,0,Directo
C:\Users\joeyk\OneDrive\Desktop\CNN\Creación_de_Dataset_híbrido\Face-Recognition Proyect\Dataset_aumentado\Kevin\Kevin_151_proc.jpg,Kevin,6,Directo
C:\Users\joeyk\OneDrive\Desktop\CNN\Creación_de_Dataset_híbrido\Face-Recognition Proyect\Dataset_aumentado\Israel\Israel_198_proc_aug01.jpg,Israel,2,Directo
C:\Users\joeyk\OneDrive\Desktop\CNN\Creación_de_Dataset_híbrido\Face-Recognition Proyect\Dataset_aumentado\Israel\Israel_332_proc_aug01.jpg,Israel,2,Directo
C:\Users\joeyk\OneDrive\Desktop\CNN\Creación_de_Dataset_híbrido\Face-Recognition Proyect\Dataset_aumentado\Kevin\Kevin_126_proc.jpg,Kevin,6,Directo
C:\Users\joeyk\OneDrive\Desktop\CNN\Creación_de_Dataset_híbrido\Face-Recognition Proyect\Dataset_aumentado\Leonardo DiCaprio\Leonardo_DiCaprio_34_proc_aug03.jpg,Leonardo DiCaprio,7,Directo
C:\Users\joeyk\OneDrive\Desktop\CNN\Creación_de_Dataset_híbrido\Face-Recognition Proyect\Dataset_aumentado\Natalie Portman\Natalie_Portman_97_proc.jpg,Natalie Portman,8,Directo
C:\Users\joeyk\OneDrive\Desktop\CNN\Creación_de_Dataset_híbrido\Face-Recognition Proyect\Dataset_aumentado\Jennifer Lawrence\JenniferLawrence_99_proc_aug01.jpg,Jennifer Lawrence,3,Directo
C:\Users\joeyk\OneDrive\Desktop\CNN\Creación_de_Dataset_híbrido\Face-Recognition Proyect\Dataset_aumentado\Nicole Kidman\Nicole_Kidman_100_proc.jpg,Nicole Kidman,9,Directo
C:\Users\joeyk\OneDrive\Desktop\CNN\Creación_de_Dataset_híbrido\Face-Recognition Proyect\Dataset_aumentado\Israel\Israel_224_proc_aug03.jpg,Israel,2,Directo
C:\Users\joeyk\OneDrive\Desktop\CNN\Creación_de_Dataset_híbrido\Face-Recognition Proyect\Dataset_aumentado\Kevin\Kevin_190_proc_aug03.jpg,Kevin,6,Directo
C:\Users\joeyk\OneDrive\Desktop\CNN\Creación_de_Dataset_híbrido\Face-Recognition Proyect\Dataset_aumentado\Johnny Depp\Johnny_Depp_12_proc.jpg,Johnny Depp,5,Directo
C:\Users\joeyk\OneDrive\Desktop\CNN\Creación_de_Dataset_híbrido\Face-Recognition Proyect\Dataset_aumentado\Jennifer Lawrence\JenniferLawrence_90_proc_aug03.jpg,Jennifer Lawrence,3,Directo
C:\Users\joeyk\OneDrive\Desktop\CNN\Creación_de_Dataset_híbrido\Face-Recognition Proyect\Dataset_aumentado\Kevin\Kevin_183_proc.jpg,Kevin,6,Directo
C:\Users\joeyk\OneDrive\Desktop\CNN\Creación_de_Dataset_híbrido\Face-Recognition Proyect\Dataset_aumentado\Kevin\Kevin_87_proc_aug01.jpg,Kevin,6,Directo
C:\Users\joeyk\OneDrive\Desktop\CNN\Creación_de_Dataset_híbrido\Face-Recognition Proyect\Dataset_aumentado\Nicole Kidman\Nicole_Kidman_22_proc_aug02.jpg,Nicole Kidman,9,Directo
C:\Users\joeyk\OneDrive\Desktop\CNN\Creación_de_Dataset_híbrido\Face-Recognition Proyect\Dataset_aumentado\Kevin\Kevin_7_proc.jpg,Kevin,6,Directo
C:\Users\joeyk\OneDrive\Desktop\CNN\Creación_de_Dataset_híbrido\Face-Recognition Proyect\Dataset_aumentado\Israel\Israel_110_proc_aug01.jpg,Israel,2,Directo
C:\Users\joeyk\OneDrive\Desktop\CNN\Creación_de_Dataset_híbrido\Face-Recognition Proyect\Dataset_aumentado\Angelina Jolie\Angelina_Jolie_33_proc_aug02.jpg,Angelina Jolie,0,Directo
C:\Users\joeyk\OneDrive\Desktop\CNN\Creación_de_Dataset_híbrido\Face-Recognition Proyect\Dataset_aumentado\Angelina Jolie\Angelina_Jolie_94_proc_aug01.jpg,Angelina Jolie,0,Directo
C:\Users\joeyk\OneDrive\Desktop\CNN\Creación_de_Dataset_híbrido\Face-Recognition Proyect\Dataset_aumentado\Kevin\Kevin_97_proc.jpg,Kevin,6,Directo
C:\Users\joeyk\OneDrive\Desktop\CNN\Creación_de_Dataset_híbrido\Face-Recognition Proyect\Dataset_aumentado\Kevin\Kevin_22_proc_aug02.jpg,Kevin,6,Directo
C:\Users\joeyk\OneDrive\Desktop\CNN\Creación_de_Dataset_híbrido\Face-Recognition Proyect\Dataset_aumentado\Jennifer Lawrence\JenniferLawrence_91_proc_aug01.jpg,Jennifer Lawrence,3,Directo
C:\Users\joeyk\OneDrive\Desktop\CNN\Creación_de_Dataset_híbrido\Face-Recognition Proyect\Dataset_aumentado\Leonardo DiCaprio\Leonardo_DiCaprio_7_proc_aug03.jpg,Leonardo DiCaprio,7,Directo
C:\Users\joeyk\OneDrive\Desktop\CNN\Creación_de_Dataset_híbrido\Face-Recognition Proyect\Dataset_aumentado\Israel\Israel_301_proc_aug03.jpg,Israel,2,Directo
C:\Users\joeyk\OneDrive\Desktop\CNN\Creación_de_Dataset_híbrido\Face-Recognition Proyect\Dataset_aumentado\Israel\Israel_261_proc_aug03.jpg,Israel,2,Directo
C:\Users\joeyk\OneDrive\Desktop\CNN\Creación_de_Dataset_híbrido\Face-Recognition Proyect\Dataset_aumentado\Kevin\Kevin_187_proc_aug01.jpg,Kevin,6,Directo
C:\Users\joeyk\OneDrive\Desktop\CNN\Creación_de_Dataset_híbrido\Face-Recognition Proyect\Dataset_aumentado\Israel\Israel_131_proc_aug02.jpg,Israel,2,Directo
C:\Users\joeyk\OneDrive\Desktop\CNN\Creación_de_Dataset_híbrido\Face-Recognition Proyect\Dataset_aumentado\Joey\Joey_95_proc.jpg,Joey,4,Directo
C:\Users\joeyk\OneDrive\Desktop\CNN\Creación_de_Dataset_híbrido\Face-Recognition Proyect\Dataset_aumentado\Kevin\Kevin_33_proc_aug03.jpg,Kevin,6,Directo
C:\Users\joeyk\OneDrive\Desktop\CNN\Creación_de_Dataset_híbrido\Face-Recognition Proyect\Dataset_aumentado\Nicole Kidman\Nicole_Kidman_13_proc_aug03.jpg,Nicole Kidman,9,Directo
C:\Users\joeyk\OneDrive\Desktop\CNN\Creación_de_Dataset_híbrido\Face-Recognition Proyect\Dataset_aumentado\Kevin\Kevin_110_proc_aug01.jpg,Kevin,6,Directo
C:\Users\joeyk\OneDrive\Desktop\CNN\Creación_de_Dataset_híbrido\Face-Recognition Proyect\Dataset_aumentado\Johnny Depp\Johnny_Depp_77_proc_aug01.jpg,Johnny Depp,5,Directo
C:\Users\joeyk\OneDrive\Desktop\CNN\Creación_de_Dataset_híbrido\Face-Recognition Proyect\Dataset_aumentado\Joey\Joey_210_proc_aug02.jpg,Joey,4,Directo
C:\Users\joeyk\OneDrive\Desktop\CNN\Creación_de_Dataset_híbrido\Face-Recognition Proyect\Dataset_aumentado\Joey\Joey_77_proc_aug01.jpg,Joey,4,Directo
C:\Users\joeyk\OneDrive\Desktop\CNN\Creación_de_Dataset_híbrido\Face-Recognition Proyect\Dataset_aumentado\Israel\Israel_242_proc.jpg,Israel,2,Directo
C:\Users\joeyk\OneDrive\Desktop\CNN\Creación_de_Dataset_híbrido\Face-Recognition Proyect\Dataset_aumentado\Joey\Joey_177_proc_aug01.jpg,Joey,4,Directo
C:\Users\joeyk\OneDrive\Desktop\CNN\Creación_de_Dataset_híbrido\Face-Recognition Proyect\Dataset_aumentado\Israel\Israel_69_proc.jpg,Israel,2,Directo
C:\Users\joeyk\OneDrive\Desktop\CNN\Creación_de_Dataset_híbrido\Face-Recognition Proyect\Dataset_aumentado\Joey\Joey_244_proc_aug03.jpg,Joey,4,Directo
C:\Users\joeyk\OneDrive\Desktop\CNN\Creación_de_Dataset_híbrido\Face-Recognition Proyect\Dataset_aumentado\Nicole Kidman\Nicole_Kidman_34_proc_aug02.jpg,Nicole Kidman,9,Directo
C:\Users\joeyk\OneDrive\Desktop\CNN\Creación_de_Dataset_híbrido\Face-Recognition Proyect\Dataset_aumentado\Leonardo DiCaprio\Leonardo_DiCaprio_96_proc_aug03.jpg,Leonardo DiCaprio,7,Directo
C:\Users\joeyk\OneDrive\Desktop\CNN\Creación_de_Dataset_híbrido\Face-Recognition Proyect\Dataset_aumentado\Johnny Depp\Johnny_Depp_94_proc.jpg,Johnny Depp,5,Directo
C:\Users\joeyk\OneDrive\Desktop\CNN\Creación_de_Dataset_híbrido\Face-Recognition Proyect\Dataset_aumentado\Jennifer Lawrence\JenniferLawrence_23_proc_aug03.jpg,Jennifer Lawrence,3,Directo
C:\Users\joeyk\OneDrive\Desktop\CNN\Creación_de_Dataset_híbrido\Face-Recognition Proyect\Dataset_aumentado\Israel\Israel_121_proc_aug03.jpg,Israel,2,Directo
C:\Users\joeyk\OneDrive\Desktop\CNN\Creación_de_Dataset_híbrido\Face-Recognition Proyect\Dataset_aumentado\Kevin\Kevin_132_proc.jpg,Kevin,6,Directo
C:\Users\joeyk\OneDrive\Desktop\CNN\Creación_de_Dataset_híbrido\Face-Recognition Proyect\Dataset_aumentado\Angelina Jolie\Angelina_Jolie_51_proc.jpg,Angelina Jolie,0,Directo
C:\Users\joeyk\OneDrive\Desktop\CNN\Creación_de_Dataset_híbrido\Face-Recognition Proyect\Dataset_aumentado\Natalie Portman\Natalie_Portman_49_proc_aug01.jpg,Natalie Portman,8,Directo
C:\Users\joeyk\OneDrive\Desktop\CNN\Creación_de_Dataset_híbrido\Face-Recognition Proyect\Dataset_aumentado\Natalie Portman\Natalie_Portman_65_proc_aug01.jpg,Natalie Portman,8,Directo
C:\Users\joeyk\OneDrive\Desktop\CNN\Creación_de_Dataset_híbrido\Face-Recognition Proyect\Dataset_aumentado\Israel\Israel_197_proc_aug03.jpg,Israel,2,Directo
C:\Users\joeyk\OneDrive\Desktop\CNN\Creación_de_Dataset_híbrido\Face-Recognition Proyect\Dataset_aumentado\Kevin\Kevin_39_proc.jpg,Kevin,6,Directo
C:\Users\joeyk\OneDrive\Desktop\CNN\Creación_de_Dataset_híbrido\Face-Recognition Proyect\Dataset_aumentado\Johnny Depp\Johnny_Depp_35_proc_aug01.jpg,Johnny Depp,5,Directo
C:\Users\joeyk\OneDrive\Desktop\CNN\Creación_de_Dataset_híbrido\Face-Recognition Proyect\Dataset_aumentado\Johnny Depp\Johnny_Depp_56_proc_aug02.jpg,Johnny Depp,5,Directo
C:\Users\joeyk\OneDrive\Desktop\CNN\Creación_de_Dataset_híbrido\Face-Recognition Proyect\Dataset_aumentado\Israel\Israel_279_proc.jpg,Israel,2,Directo
C:\Users\joeyk\OneDrive\Desktop\CNN\Creación_de_Dataset_híbrido\Face-Recognition Proyect\Dataset_aumentado\Kevin\Kevin_221_proc.jpg,Kevin,6,Directo
C:\Users\joeyk\OneDrive\Desktop\CNN\Creación_de_Dataset_híbrido\Face-Recognition Proyect\Dataset_aumentado\Israel\Israel_3_proc_aug02.jpg,Israel,2,Directo
C:\Users\joeyk\OneDrive\Desktop\CNN\Creación_de_Dataset_híbrido\Face-Recognition Proyect\Dataset_aumentado\Johnny Depp\Johnny_Depp_15_proc_aug02.jpg,Johnny Depp,5,Directo
C:\Users\joeyk\OneDrive\Desktop\CNN\Creación_de_Dataset_híbrido\Face-Recognition Proyect\Dataset_aumentado\Jennifer Lawrence\JenniferLawrence_59_proc.jpg,Jennifer Lawrence,3,Directo
C:\Users\joeyk\OneDrive\Desktop\CNN\Creación_de_Dataset_híbrido\Face-Recognition Proyect\Dataset_aumentado\Johnny Depp\Johnny_Depp_11_proc.jpg,Johnny Depp,5,Directo
C:\Users\joeyk\OneDrive\Desktop\CNN\Creación_de_Dataset_híbrido\Face-Recognition Proyect\Dataset_aumentado\Israel\Israel_96_proc_aug02.jpg,Israel,2,Directo
C:\Users\joeyk\OneDrive\Desktop\CNN\Creación_de_Dataset_híbrido\Face-Recognition Proyect\Dataset_aumentado\Johnny Depp\Johnny_Depp_60_proc.jpg,Johnny Depp,5,Directo
C:\Users\joeyk\OneDrive\Desktop\CNN\Creación_de_Dataset_híbrido\Face-Recognition Proyect\Dataset_aumentado\Nicole Kidman\Nicole_Kidman_74_proc_aug03.jpg,Nicole Kidman,9,Directo
C:\Users\joeyk\OneDrive\Desktop\CNN\Creación_de_Dataset_híbrido\Face-Recognition Proyect\Dataset_aumentado\Kevin\Kevin_166_proc_aug02.jpg,Kevin,6,Directo
C:\Users\joeyk\OneDrive\Desktop\CNN\Creación_de_Dataset_híbrido\Face-Recognition Proyect\Dataset_aumentado\Israel\Israel_23_proc.jpg,Israel,2,Directo
C:\Users\joeyk\OneDrive\Desktop\CNN\Creación_de_Dataset_híbrido\Face-Recognition Proyect\Dataset_aumentado\Kevin\Kevin_122_proc_aug02.jpg,Kevin,6,Directo
C:\Users\joeyk\OneDrive\Desktop\CNN\Creación_de_Dataset_híbrido\Face-Recognition Proyect\Dataset_aumentado\Israel\Israel_173_proc_aug02.jpg,Israel,2,Directo
C:\Users\joeyk\OneDrive\Desktop\CNN\Creación_de_Dataset_híbrido\Face-Recognition Proyect\Dataset_aumentado\Kevin\Kevin_198_proc.jpg,Kevin,6,Directo
C:\Users\joeyk\OneDrive\Desktop\CNN\Creación_de_Dataset_híbrido\Face-Recognition Proyect\Dataset_aumentado\Israel\Israel_137_proc_aug03.jpg,Israel,2,Directo
C:\Users\joeyk\OneDrive\Desktop\CNN\Creación_de_Dataset_híbrido\Face-Recognition Proyect\Dataset_aumentado\Nicole Kidman\Nicole_Kidman_15_proc_aug02.jpg,Nicole Kidman,9,Directo
C:\Users\joeyk\OneDrive\Desktop\CNN\Creación_de_Dataset_híbrido\Face-Recognition Proyect\Dataset_aumentado\Joey\Joey_66_proc.jpg,Joey,4,Directo
C:\Users\joeyk\OneDrive\Desktop\CNN\Creación_de_Dataset_híbrido\Face-Recognition Proyect\Dataset_aumentado\Israel\Israel_267_proc_aug03.jpg,Israel,2,Directo
C:\Users\joeyk\OneDrive\Desktop\CNN\Creación_de_Dataset_híbrido\Face-Recognition Proyect\Dataset_aumentado\Joey\Joey_82_proc.jpg,Joey,4,Directo
C:\Users\joeyk\OneDrive\Desktop\CNN\Creación_de_Dataset_híbrido\Face-Recognition Proyect\Dataset_aumentado\Israel\Israel_211_proc.jpg,Israel,2,Directo
C:\Users\joeyk\OneDrive\Desktop\CNN\Creación_de_Dataset_híbrido\Face-Recognition Proyect\Dataset_aumentado\Israel\Israel_329_proc_aug03.jpg,Israel,2,Directo
C:\Users\joeyk\OneDrive\Desktop\CNN\Creación_de_Dataset_híbrido\Face-Recognition Proyect\Dataset_aumentado\Johnny Depp\Johnny_Depp_44_proc_aug02.jpg,Johnny Depp,5,Directo
C:\Users\joeyk\OneDrive\Desktop\CNN\Creación_de_Dataset_híbrido\Face-Recognition Proyect\Dataset_aumentado\Natalie Portman\Natalie_Portman_36_proc.jpg,Natalie Portman,8,Directo
C:\Users\joeyk\OneDrive\Desktop\CNN\Creación_de_Dataset_híbrido\Face-Recognition Proyect\Dataset_aumentado\Kevin\Kevin_211_proc_aug03.jpg,Kevin,6,Directo
C:\Users\joeyk\OneDrive\Desktop\CNN\Creación_de_Dataset_híbrido\Face-Recognition Proyect\Dataset_aumentado\Kevin\Kevin_82_proc.jpg,Kevin,6,Directo
C:\Users\joeyk\OneDrive\Desktop\CNN\Creación_de_Dataset_híbrido\Face-Recognition Proyect\Dataset_aumentado\Joey\Joey_124_proc_aug02.jpg,Joey,4,Directo
C:\Users\joeyk\OneDrive\Desktop\CNN\Creación_de_Dataset_híbrido\Face-Recognition Proyect\Dataset_aumentado\Leonardo DiCaprio\Leonardo_DiCaprio_40_proc_aug02.jpg,Leonardo DiCaprio,7,Directo
C:\Users\joeyk\OneDrive\Desktop\CNN\Creación_de_Dataset_híbrido\Face-Recognition Proyect\Dataset_aumentado\Israel\Israel_334_proc_aug01.jpg,Israel,2,Directo
C:\Users\joeyk\OneDrive\Desktop\CNN\Creación_de_Dataset_híbrido\Face-Recognition Proyect\Dataset_aumentado\Israel\Israel_86_proc_aug03.jpg,Israel,2,Directo
C:\Users\joeyk\OneDrive\Desktop\CNN\Creación_de_Dataset_híbrido\Face-Recognition Proyect\Dataset_aumentado\Israel\Israel_26_proc_aug03.jpg,Israel,2,Directo
C:\Users\joeyk\OneDrive\Desktop\CNN\Creación_de_Dataset_híbrido\Face-Recognition Proyect\Dataset_aumentado\Kevin\Kevin_37_proc_aug03.jpg,Kevin,6,Directo
C:\Users\joeyk\OneDrive\Desktop\CNN\Creación_de_Dataset_híbrido\Face-Recognition Proyect\Dataset_aumentado\Brad Pitt\BradPitt_4_proc.jpg,Brad Pitt,1,Directo
C:\Users\joeyk\OneDrive\Desktop\CNN\Creación_de_Dataset_híbrido\Face-Recognition Proyect\Dataset_aumentado\Johnny Depp\Johnny_Depp_23_proc.jpg,Johnny Depp,5,Directo
C:\Users\joeyk\OneDrive\Desktop\CNN\Creación_de_Dataset_híbrido\Face-Recognition Proyect\Dataset_aumentado\Kevin\Kevin_115_proc_aug03.jpg,Kevin,6,Directo
C:\Users\joeyk\OneDrive\Desktop\CNN\Creación_de_Dataset_híbrido\Face-Recognition Proyect\Dataset_aumentado\Kevin\Kevin_1_proc_aug03.jpg,Kevin,6,Directo
C:\Users\joeyk\OneDrive\Desktop\CNN\Creación_de_Dataset_híbrido\Face-Recognition Proyect\Dataset_aumentado\Israel\Israel_173_proc.jpg,Israel,2,Directo
C:\Users\joeyk\OneDrive\Desktop\CNN\Creación_de_Dataset_híbrido\Face-Recognition Proyect\Dataset_aumentado\Israel\Israel_333_proc_aug03.jpg,Israel,2,Directo
C:\Users\joeyk\OneDrive\Desktop\CNN\Creación_de_Dataset_híbrido\Face-Recognition Proyect\Dataset_aumentado\Angelina Jolie\Angelina_Jolie_19_proc_aug01.jpg,Angelina Jolie,0,Directo
C:\Users\joeyk\OneDrive\Desktop\CNN\Creación_de_Dataset_híbrido\Face-Recognition Proyect\Dataset_aumentado\Johnny Depp\Johnny_Depp_58_proc_aug01.jpg,Johnny Depp,5,Directo
C:\Users\joeyk\OneDrive\Desktop\CNN\Creación_de_Dataset_híbrido\Face-Recognition Proyect\Dataset_aumentado\Kevin\Kevin_5_proc.jpg,Kevin,6,Directo
C:\Users\joeyk\OneDrive\Desktop\CNN\Creación_de_Dataset_híbrido\Face-Recognition Proyect\Dataset_aumentado\Israel\Israel_264_proc_aug01.jpg,Israel,2,Directo
C:\Users\joeyk\OneDrive\Desktop\CNN\Creación_de_Dataset_híbrido\Face-Recognition Proyect\Dataset_aumentado\Jennifer Lawrence\JenniferLawrence_33_proc.jpg,Jennifer Lawrence,3,Directo
C:\Users\joeyk\OneDrive\Desktop\CNN\Creación_de_Dataset_híbrido\Face-Recognition Proyect\Dataset_aumentado\Jennifer Lawrence\JenniferLawrence_33_proc_aug03.jpg,Jennifer Lawrence,3,Directo
C:\Users\joeyk\OneDrive\Desktop\CNN\Creación_de_Dataset_híbrido\Face-Recognition Proyect\Dataset_aumentado\Leonardo DiCaprio\Leonardo_DiCaprio_60_proc.jpg,Leonardo DiCaprio,7,Directo
C:\Users\joeyk\OneDrive\Desktop\CNN\Creación_de_Dataset_híbrido\Face-Recognition Proyect\Dataset_aumentado\Israel\Israel_3_proc.jpg,Israel,2,Directo
C:\Users\joeyk\OneDrive\Desktop\CNN\Creación_de_Dataset_híbrido\Face-Recognition Proyect\Dataset_aumentado\Joey\Joey_263_proc_aug03.jpg,Joey,4,Directo
C:\Users\joeyk\OneDrive\Desktop\CNN\Creación_de_Dataset_híbrido\Face-Recognition Proyect\Dataset_aumentado\Johnny Depp\Johnny_Depp_15_proc_aug01.jpg,Johnny Depp,5,Directo
C:\Users\joeyk\OneDrive\Desktop\CNN\Creación_de_Dataset_híbrido\Face-Recognition Proyect\Dataset_aumentado\Leonardo DiCaprio\Leonardo_DiCaprio_34_proc_aug01.jpg,Leonardo DiCaprio,7,Directo
C:\Users\joeyk\OneDrive\Desktop\CNN\Creación_de_Dataset_híbrido\Face-Recognition Proyect\Dataset_aumentado\Israel\Israel_235_proc_aug01.jpg,Israel,2,Directo
C:\Users\joeyk\OneDrive\Desktop\CNN\Creación_de_Dataset_híbrido\Face-Recognition Proyect\Dataset_aumentado\Angelina Jolie\Angelina_Jolie_9_proc.jpg,Angelina Jolie,0,Directo
C:\Users\joeyk\OneDrive\Desktop\CNN\Creación_de_Dataset_híbrido\Face-Recognition Proyect\Dataset_aumentado\Kevin\Kevin_177_proc_aug01.jpg,Kevin,6,Directo
C:\Users\joeyk\OneDrive\Desktop\CNN\Creación_de_Dataset_híbrido\Face-Recognition Proyect\Dataset_aumentado\Leonardo DiCaprio\Leonardo_DiCaprio_64_proc_aug03.jpg,Leonardo DiCaprio,7,Directo
C:\Users\joeyk\OneDrive\Desktop\CNN\Creación_de_Dataset_híbrido\Face-Recognition Proyect\Dataset_aumentado\Leonardo DiCaprio\Leonardo_DiCaprio_26_proc_aug03.jpg,Leonardo DiCaprio,7,Directo
C:\Users\joeyk\OneDrive\Desktop\CNN\Creación_de_Dataset_híbrido\Face-Recognition Proyect\Dataset_aumentado\Kevin\Kevin_85_proc_aug02.jpg,Kevin,6,Directo
C:\Users\joeyk\OneDrive\Desktop\CNN\Creación_de_Dataset_híbrido\Face-Recognition Proyect\Dataset_aumentado\Joey\Joey_30_proc_aug01.jpg,Joey,4,Directo
C:\Users\joeyk\OneDrive\Desktop\CNN\Creación_de_Dataset_híbrido\Face-Recognition Proyect\Dataset_aumentado\Israel\Israel_219_proc.jpg,Israel,2,Directo
C:\Users\joeyk\OneDrive\Desktop\CNN\Creación_de_Dataset_híbrido\Face-Recognition Proyect\Dataset_aumentado\Leonardo DiCaprio\Leonardo_DiCaprio_57_proc_aug03.jpg,Leonardo DiCaprio,7,Directo
C:\Users\joeyk\OneDrive\Desktop\CNN\Creación_de_Dataset_híbrido\Face-Recognition Proyect\Dataset_aumentado\Kevin\Kevin_6_proc_aug03.jpg,Kevin,6,Directo
C:\Users\joeyk\OneDrive\Desktop\CNN\Creación_de_Dataset_híbrido\Face-Recognition Proyect\Dataset_aumentado\Kevin\Kevin_62_proc_aug03.jpg,Kevin,6,Directo
C:\Users\joeyk\OneDrive\Desktop\CNN\Creación_de_Dataset_híbrido\Face-Recognition Proyect\Dataset_aumentado\Israel\Israel_25_proc_aug01.jpg,Israel,2,Directo
C:\Users\joeyk\OneDrive\Desktop\CNN\Creación_de_Dataset_híbrido\Face-Recognition Proyect\Dataset_aumentado\Kevin\Kevin_67_proc_aug01.jpg,Kevin,6,Directo
C:\Users\joeyk\OneDrive\Desktop\CNN\Creación_de_Dataset_híbrido\Face-Recognition Proyect\Dataset_aumentado\Jennifer Lawrence\JenniferLawrence_31_proc_aug02.jpg,Jennifer Lawrence,3,Directo
C:\Users\joeyk\OneDrive\Desktop\CNN\Creación_de_Dataset_híbrido\Face-Recognition Proyect\Dataset_aumentado\Nicole Kidman\Nicole_Kidman_9_proc_aug02.jpg,Nicole Kidman,9,Directo
C:\Users\joeyk\OneDrive\Desktop\CNN\Creación_de_Dataset_híbrido\Face-Recognition Proyect\Dataset_aumentado\Israel\Israel_221_proc_aug02.jpg,Israel,2,Directo
C:\Users\joeyk\OneDrive\Desktop\CNN\Creación_de_Dataset_híbrido\Face-Recognition Proyect\Dataset_aumentado\Natalie Portman\Natalie_Portman_2_proc_aug01.jpg,Natalie Portman,8,Directo
C:\Users\joeyk\OneDrive\Desktop\CNN\Creación_de_Dataset_híbrido\Face-Recognition Proyect\Dataset_aumentado\Jennifer Lawrence\JenniferLawrence_28_proc.jpg,Jennifer Lawrence,3,Directo
C:\Users\joeyk\OneDrive\Desktop\CNN\Creación_de_Dataset_híbrido\Face-Recognition Proyect\Dataset_aumentado\Kevin\Kevin_151_proc_aug01.jpg,Kevin,6,Directo
C:\Users\joeyk\OneDrive\Desktop\CNN\Creación_de_Dataset_híbrido\Face-Recognition Proyect\Dataset_aumentado\Israel\Israel_321_proc.jpg,Israel,2,Directo
C:\Users\joeyk\OneDrive\Desktop\CNN\Creación_de_Dataset_híbrido\Face-Recognition Proyect\Dataset_aumentado\Brad Pitt\BradPitt_49_proc_aug01.jpg,Brad Pitt,1,Directo
C:\Users\joeyk\OneDrive\Desktop\CNN\Creación_de_Dataset_híbrido\Face-Recognition Proyect\Dataset_aumentado\Angelina Jolie\Angelina_Jolie_29_proc_aug03.jpg,Angelina Jolie,0,Directo
C:\Users\joeyk\OneDrive\Desktop\CNN\Creación_de_Dataset_híbrido\Face-Recognition Proyect\Dataset_aumentado\Israel\Israel_93_proc.jpg,Israel,2,Directo
C:\Users\joeyk\OneDrive\Desktop\CNN\Creación_de_Dataset_híbrido\Face-Recognition Proyect\Dataset_aumentado\Angelina Jolie\Angelina_Jolie_42_proc_aug03.jpg,Angelina Jolie,0,Directo
C:\Users\joeyk\OneDrive\Desktop\CNN\Creación_de_Dataset_híbrido\Face-Recognition Proyect\Dataset_aumentado\Leonardo DiCaprio\Leonardo_DiCaprio_40_proc_aug01.jpg,Leonardo DiCaprio,7,Directo
C:\Users\joeyk\OneDrive\Desktop\CNN\Creación_de_Dataset_híbrido\Face-Recognition Proyect\Dataset_aumentado\Nicole Kidman\Nicole_Kidman_31_proc.jpg,Nicole Kidman,9,Directo
C:\Users\joeyk\OneDrive\Desktop\CNN\Creación_de_Dataset_híbrido\Face-Recognition Proyect\Dataset_aumentado\Israel\Israel_261_proc.jpg,Israel,2,Directo
C:\Users\joeyk\OneDrive\Desktop\CNN\Creación_de_Dataset_híbrido\Face-Recognition Proyect\Dataset_aumentado\Nicole Kidman\Nicole_Kidman_35_proc_aug02.jpg,Nicole Kidman,9,Directo
C:\Users\joeyk\OneDrive\Desktop\CNN\Creación_de_Dataset_híbrido\Face-Recognition Proyect\Dataset_aumentado\Leonardo DiCaprio\Leonardo_DiCaprio_4_proc_aug01.jpg,Leonardo DiCaprio,7,Directo
C:\Users\joeyk\OneDrive\Desktop\CNN\Creación_de_Dataset_híbrido\Face-Recognition Proyect\Dataset_aumentado\Israel\Israel_121_proc.jpg,Israel,2,Directo
C:\Users\joeyk\OneDrive\Desktop\CNN\Creación_de_Dataset_híbrido\Face-Recognition Proyect\Dataset_aumentado\Joey\Joey_183_proc_aug01.jpg,Joey,4,Directo
C:\Users\joeyk\OneDrive\Desktop\CNN\Creación_de_Dataset_híbrido\Face-Recognition Proyect\Dataset_aumentado\Nicole Kidman\Nicole_Kidman_8_proc_aug02.jpg,Nicole Kidman,9,Directo
C:\Users\joeyk\OneDrive\Desktop\CNN\Creación_de_Dataset_híbrido\Face-Recognition Proyect\Dataset_aumentado\Joey\Joey_263_proc_aug01.jpg,Joey,4,Directo
C:\Users\joeyk\OneDrive\Desktop\CNN\Creación_de_Dataset_híbrido\Face-Recognition Proyect\Dataset_aumentado\Kevin\Kevin_86_proc_aug03.jpg,Kevin,6,Directo
C:\Users\joeyk\OneDrive\Desktop\CNN\Creación_de_Dataset_híbrido\Face-Recognition Proyect\Dataset_aumentado\Jennifer Lawrence\JenniferLawrence_92_proc_aug02.jpg,Jennifer Lawrence,3,Directo
C:\Users\joeyk\OneDrive\Desktop\CNN\Creación_de_Dataset_híbrido\Face-Recognition Proyect\Dataset_aumentado\Israel\Israel_101_proc_aug03.jpg,Israel,2,Directo
C:\Users\joeyk\OneDrive\Desktop\CNN\Creación_de_Dataset_híbrido\Face-Recognition Proyect\Dataset_aumentado\Joey\Joey_75_proc.jpg,Joey,4,Directo
C:\Users\joeyk\OneDrive\Desktop\CNN\Creación_de_Dataset_híbrido\Face-Recognition Proyect\Dataset_aumentado\Leonardo DiCaprio\Leonardo_DiCaprio_92_proc_aug02.jpg,Leonardo DiCaprio,7,Directo
C:\Users\joeyk\OneDrive\Desktop\CNN\Creación_de_Dataset_híbrido\Face-Recognition Proyect\Dataset_aumentado\Jennifer Lawrence\JenniferLawrence_59_proc_aug03.jpg,Jennifer Lawrence,3,Directo
C:\Users\joeyk\OneDrive\Desktop\CNN\Creación_de_Dataset_híbrido\Face-Recognition Proyect\Dataset_aumentado\Angelina Jolie\Angelina_Jolie_69_proc_aug02.jpg,Angelina Jolie,0,Directo
C:\Users\joeyk\OneDrive\Desktop\CNN\Creación_de_Dataset_híbrido\Face-Recognition Proyect\Dataset_aumentado\Kevin\Kevin_204_proc_aug02.jpg,Kevin,6,Directo
C:\Users\joeyk\OneDrive\Desktop\CNN\Creación_de_Dataset_híbrido\Face-Recognition Proyect\Dataset_aumentado\Joey\Joey_172_proc.jpg,Joey,4,Directo
C:\Users\joeyk\OneDrive\Desktop\CNN\Creación_de_Dataset_híbrido\Face-Recognition Proyect\Dataset_aumentado\Jennifer Lawrence\JenniferLawrence_46_proc_aug03.jpg,Jennifer Lawrence,3,Directo
C:\Users\joeyk\OneDrive\Desktop\CNN\Creación_de_Dataset_híbrido\Face-Recognition Proyect\Dataset_aumentado\Leonardo DiCaprio\Leonardo_DiCaprio_73_proc_aug03.jpg,Leonardo DiCaprio,7,Directo
C:\Users\joeyk\OneDrive\Desktop\CNN\Creación_de_Dataset_híbrido\Face-Recognition Proyect\Dataset_aumentado\Kevin\Kevin_4_proc.jpg,Kevin,6,Directo
C:\Users\joeyk\OneDrive\Desktop\CNN\Creación_de_Dataset_híbrido\Face-Recognition Proyect\Dataset_aumentado\Jennifer Lawrence\JenniferLawrence_85_proc_aug01.jpg,Jennifer Lawrence,3,Directo
C:\Users\joeyk\OneDrive\Desktop\CNN\Creación_de_Dataset_híbrido\Face-Recognition Proyect\Dataset_aumentado\Joey\Joey_261_proc_aug03.jpg,Joey,4,Directo
C:\Users\joeyk\OneDrive\Desktop\CNN\Creación_de_Dataset_híbrido\Face-Recognition Proyect\Dataset_aumentado\Israel\Israel_70_proc_aug03.jpg,Israel,2,Directo
C:\Users\joeyk\OneDrive\Desktop\CNN\Creación_de_Dataset_híbrido\Face-Recognition Proyect\Dataset_aumentado\Leonardo DiCaprio\Leonardo_DiCaprio_30_proc_aug02.jpg,Leonardo DiCaprio,7,Directo
C:\Users\joeyk\OneDrive\Desktop\CNN\Creación_de_Dataset_híbrido\Face-Recognition Proyect\Dataset_aumentado\Angelina Jolie\Angelina_Jolie_88_proc_aug02.jpg,Angelina Jolie,0,Directo
C:\Users\joeyk\OneDrive\Desktop\CNN\Creación_de_Dataset_híbrido\Face-Recognition Proyect\Dataset_aumentado\Israel\Israel_306_proc_aug01.jpg,Israel,2,Directo
C:\Users\joeyk\OneDrive\Desktop\CNN\Creación_de_Dataset_híbrido\Face-Recognition Proyect\Dataset_aumentado\Johnny Depp\Johnny_Depp_49_proc.jpg,Johnny Depp,5,Directo
C:\Users\joeyk\OneDrive\Desktop\CNN\Creación_de_Dataset_híbrido\Face-Recognition Proyect\Dataset_aumentado\Israel\Israel_83_proc.jpg,Israel,2,Directo
C:\Users\joeyk\OneDrive\Desktop\CNN\Creación_de_Dataset_híbrido\Face-Recognition Proyect\Dataset_aumentado\Israel\Israel_5_proc_aug03.jpg,Israel,2,Directo
C:\Users\joeyk\OneDrive\Desktop\CNN\Creación_de_Dataset_híbrido\Face-Recognition Proyect\Dataset_aumentado\Israel\Israel_242_proc_aug01.jpg,Israel,2,Directo
C:\Users\joeyk\OneDrive\Desktop\CNN\Creación_de_Dataset_híbrido\Face-Recognition Proyect\Dataset_aumentado\Johnny Depp\Johnny_Depp_87_proc_aug03.jpg,Johnny Depp,5,Directo
C:\Users\joeyk\OneDrive\Desktop\CNN\Creación_de_Dataset_híbrido\Face-Recognition Proyect\Dataset_aumentado\Natalie Portman\Natalie_Portman_10_proc.jpg,Natalie Portman,8,Directo
C:\Users\joeyk\OneDrive\Desktop\CNN\Creación_de_Dataset_híbrido\Face-Recognition Proyect\Dataset_aumentado\Joey\Joey_27_proc_aug02.jpg,Joey,4,Directo
C:\Users\joeyk\OneDrive\Desktop\CNN\Creación_de_Dataset_híbrido\Face-Recognition Proyect\Dataset_aumentado\Israel\Israel_193_proc_aug03.jpg,Israel,2,Directo
C:\Users\joeyk\OneDrive\Desktop\CNN\Creación_de_Dataset_híbrido\Face-Recognition Proyect\Dataset_aumentado\Jennifer Lawrence\JenniferLawrence_47_proc.jpg,Jennifer Lawrence,3,Directo
C:\Users\joeyk\OneDrive\Desktop\CNN\Creación_de_Dataset_híbrido\Face-Recognition Proyect\Dataset_aumentado\Israel\Israel_23_proc_aug03.jpg,Israel,2,Directo
C:\Users\joeyk\OneDrive\Desktop\CNN\Creación_de_Dataset_híbrido\Face-Recognition Proyect\Dataset_aumentado\Kevin\Kevin_25_proc_aug01.jpg,Kevin,6,Directo
C:\Users\joeyk\OneDrive\Desktop\CNN\Creación_de_Dataset_híbrido\Face-Recognition Proyect\Dataset_aumentado\Joey\Joey_284_proc_aug03.jpg,Joey,4,Directo
C:\Users\joeyk\OneDrive\Desktop\CNN\Creación_de_Dataset_híbrido\Face-Recognition Proyect\Dataset_aumentado\Israel\Israel_53_proc_aug01.jpg,Israel,2,Directo
C:\Users\joeyk\OneDrive\Desktop\CNN\Creación_de_Dataset_híbrido\Face-Recognition Proyect\Dataset_aumentado\Israel\Israel_228_proc_aug02.jpg,Israel,2,Directo
C:\Users\joeyk\OneDrive\Desktop\CNN\Creación_de_Dataset_híbrido\Face-Recognition Proyect\Dataset_aumentado\Brad Pitt\BradPitt_18_proc.jpg,Brad Pitt,1,Directo
C:\Users\joeyk\OneDrive\Desktop\CNN\Creación_de_Dataset_híbrido\Face-Recognition Proyect\Dataset_aumentado\Israel\Israel_180_proc.jpg,Israel,2,Directo
C:\Users\joeyk\OneDrive\Desktop\CNN\Creación_de_Dataset_híbrido\Face-Recognition Proyect\Dataset_aumentado\Johnny Depp\Johnny_Depp_73_proc_aug01.jpg,Johnny Depp,5,Directo
C:\Users\joeyk\OneDrive\Desktop\CNN\Creación_de_Dataset_híbrido\Face-Recognition Proyect\Dataset_aumentado\Joey\Joey_297_proc_aug01.jpg,Joey,4,Directo
C:\Users\joeyk\OneDrive\Desktop\CNN\Creación_de_Dataset_híbrido\Face-Recognition Proyect\Dataset_aumentado\Leonardo DiCaprio\Leonardo_DiCaprio_46_proc.jpg,Leonardo DiCaprio,7,Directo
C:\Users\joeyk\OneDrive\Desktop\CNN\Creación_de_Dataset_híbrido\Face-Recognition Proyect\Dataset_aumentado\Joey\Joey_225_proc_aug02.jpg,Joey,4,Directo
C:\Users\joeyk\OneDrive\Desktop\CNN\Creación_de_Dataset_híbrido\Face-Recognition Proyect\Dataset_aumentado\Angelina Jolie\Angelina_Jolie_73_proc_aug02.jpg,Angelina Jolie,0,Directo
C:\Users\joeyk\OneDrive\Desktop\CNN\Creación_de_Dataset_híbrido\Face-Recognition Proyect\Dataset_aumentado\Israel\Israel_275_proc_aug02.jpg,Israel,2,Directo
C:\Users\joeyk\OneDrive\Desktop\CNN\Creación_de_Dataset_híbrido\Face-Recognition Proyect\Dataset_aumentado\Israel\Israel_198_proc.jpg,Israel,2,Directo
C:\Users\joeyk\OneDrive\Desktop\CNN\Creación_de_Dataset_híbrido\Face-Recognition Proyect\Dataset_aumentado\Brad Pitt\BradPitt_66_proc.jpg,Brad Pitt,1,Directo
C:\Users\joeyk\OneDrive\Desktop\CNN\Creación_de_Dataset_híbrido\Face-Recognition Proyect\Dataset_aumentado\Israel\Israel_281_proc_aug03.jpg,Israel,2,Directo
C:\Users\joeyk\OneDrive\Desktop\CNN\Creación_de_Dataset_híbrido\Face-Recognition Proyect\Dataset_aumentado\Leonardo DiCaprio\Leonardo_DiCaprio_100_proc.jpg,Leonardo DiCaprio,7,Directo
C:\Users\joeyk\OneDrive\Desktop\CNN\Creación_de_Dataset_híbrido\Face-Recognition Proyect\Dataset_aumentado\Israel\Israel_82_proc.jpg,Israel,2,Directo
C:\Users\joeyk\OneDrive\Desktop\CNN\Creación_de_Dataset_híbrido\Face-Recognition Proyect\Dataset_aumentado\Joey\Joey_231_proc_aug02.jpg,Joey,4,Directo
C:\Users\joeyk\OneDrive\Desktop\CNN\Creación_de_Dataset_híbrido\Face-Recognition Proyect\Dataset_aumentado\Jennifer Lawrence\JenniferLawrence_96_proc_aug02.jpg,Jennifer Lawrence,3,Directo
C:\Users\joeyk\OneDrive\Desktop\CNN\Creación_de_Dataset_híbrido\Face-Recognition Proyect\Dataset_aumentado\Israel\Israel_290_proc_aug01.jpg,Israel,2,Directo
C:\Users\joeyk\OneDrive\Desktop\CNN\Creación_de_Dataset_híbrido\Face-Recognition Proyect\Dataset_aumentado\Israel\Israel_246_proc_aug01.jpg,Israel,2,Directo
C:\Users\joeyk\OneDrive\Desktop\CNN\Creación_de_Dataset_híbrido\Face-Recognition Proyect\Dataset_aumentado\Joey\Joey_158_proc_aug01.jpg,Joey,4,Directo
C:\Users\joeyk\OneDrive\Desktop\CNN\Creación_de_Dataset_híbrido\Face-Recognition Proyect\Dataset_aumentado\Brad Pitt\BradPitt_31_proc.jpg,Brad Pitt,1,Directo
C:\Users\joeyk\OneDrive\Desktop\CNN\Creación_de_Dataset_híbrido\Face-Recognition Proyect\Dataset_aumentado\Israel\Israel_242_proc_aug02.jpg,Israel,2,Directo
C:\Users\joeyk\OneDrive\Desktop\CNN\Creación_de_Dataset_híbrido\Face-Recognition Proyect\Dataset_aumentado\Israel\Israel_35_proc.jpg,Israel,2,Directo
C:\Users\joeyk\OneDrive\Desktop\CNN\Creación_de_Dataset_híbrido\Face-Recognition Proyect\Dataset_aumentado\Nicole Kidman\Nicole_Kidman_65_proc.jpg,Nicole Kidman,9,Directo
C:\Users\joeyk\OneDrive\Desktop\CNN\Creación_de_Dataset_híbrido\Face-Recognition Proyect\Dataset_aumentado\Israel\Israel_165_proc.jpg,Israel,2,Directo
C:\Users\joeyk\OneDrive\Desktop\CNN\Creación_de_Dataset_híbrido\Face-Recognition Proyect\Dataset_aumentado\Nicole Kidman\Nicole_Kidman_89_proc_aug01.jpg,Nicole Kidman,9,Directo
C:\Users\joeyk\OneDrive\Desktop\CNN\Creación_de_Dataset_híbrido\Face-Recognition Proyect\Dataset_aumentado\Jennifer Lawrence\JenniferLawrence_16_proc_aug03.jpg,Jennifer Lawrence,3,Directo
C:\Users\joeyk\OneDrive\Desktop\CNN\Creación_de_Dataset_híbrido\Face-Recognition Proyect\Dataset_aumentado\Brad Pitt\BradPitt_54_proc_aug03.jpg,Brad Pitt,1,Directo
C:\Users\joeyk\OneDrive\Desktop\CNN\Creación_de_Dataset_híbrido\Face-Recognition Proyect\Dataset_aumentado\Israel\Israel_128_proc.jpg,Israel,2,Directo
C:\Users\joeyk\OneDrive\Desktop\CNN\Creación_de_Dataset_híbrido\Face-Recognition Proyect\Dataset_aumentado\Israel\Israel_331_proc_aug03.jpg,Israel,2,Directo
C:\Users\joeyk\OneDrive\Desktop\CNN\Creación_de_Dataset_híbrido\Face-Recognition Proyect\Dataset_aumentado\Johnny Depp\Johnny_Depp_23_proc_aug01.jpg,Johnny Depp,5,Directo
C:\Users\joeyk\OneDrive\Desktop\CNN\Creación_de_Dataset_híbrido\Face-Recognition Proyect\Dataset_aumentado\Joey\Joey_30_proc.jpg,Joey,4,Directo
C:\Users\joeyk\OneDrive\Desktop\CNN\Creación_de_Dataset_híbrido\Face-Recognition Proyect\Dataset_aumentado\Joey\Joey_64_proc_aug03.jpg,Joey,4,Directo
C:\Users\joeyk\OneDrive\Desktop\CNN\Creación_de_Dataset_híbrido\Face-Recognition Proyect\Dataset_aumentado\Israel\Israel_80_proc_aug02.jpg,Israel,2,Directo
C:\Users\joeyk\OneDrive\Desktop\CNN\Creación_de_Dataset_híbrido\Face-Recognition Proyect\Dataset_aumentado\Jennifer Lawrence\JenniferLawrence_24_proc_aug02.jpg,Jennifer Lawrence,3,Directo
C:\Users\joeyk\OneDrive\Desktop\CNN\Creación_de_Dataset_híbrido\Face-Recognition Proyect\Dataset_aumentado\Joey\Joey_254_proc_aug02.jpg,Joey,4,Directo
C:\Users\joeyk\OneDrive\Desktop\CNN\Creación_de_Dataset_híbrido\Face-Recognition Proyect\Dataset_aumentado\Leonardo DiCaprio\Leonardo_DiCaprio_14_proc_aug01.jpg,Leonardo DiCaprio,7,Directo
C:\Users\joeyk\OneDrive\Desktop\CNN\Creación_de_Dataset_híbrido\Face-Recognition Proyect\Dataset_aumentado\Leonardo DiCaprio\Leonardo_DiCaprio_38_proc_aug02.jpg,Leonardo DiCaprio,7,Directo
C:\Users\joeyk\OneDrive\Desktop\CNN\Creación_de_Dataset_híbrido\Face-Recognition Proyect\Dataset_aumentado\Israel\Israel_53_proc_aug02.jpg,Israel,2,Directo
C:\Users\joeyk\OneDrive\Desktop\CNN\Creación_de_Dataset_híbrido\Face-Recognition Proyect\Dataset_aumentado\Brad Pitt\BradPitt_93_proc_aug02.jpg,Brad Pitt,1,Directo
C:\Users\joeyk\OneDrive\Desktop\CNN\Creación_de_Dataset_híbrido\Face-Recognition Proyect\Dataset_aumentado\Natalie Portman\Natalie_Portman_12_proc.jpg,Natalie Portman,8,Directo
C:\Users\joeyk\OneDrive\Desktop\CNN\Creación_de_Dataset_híbrido\Face-Recognition Proyect\Dataset_aumentado\Joey\Joey_252_proc_aug03.jpg,Joey,4,Directo
C:\Users\joeyk\OneDrive\Desktop\CNN\Creación_de_Dataset_híbrido\Face-Recognition Proyect\Dataset_aumentado\Angelina Jolie\Angelina_Jolie_56_proc.jpg,Angelina Jolie,0,Directo
C:\Users\joeyk\OneDrive\Desktop\CNN\Creación_de_Dataset_híbrido\Face-Recognition Proyect\Dataset_aumentado\Angelina Jolie\Angelina_Jolie_89_proc_aug02.jpg,Angelina Jolie,0,Directo
C:\Users\joeyk\OneDrive\Desktop\CNN\Creación_de_Dataset_híbrido\Face-Recognition Proyect\Dataset_aumentado\Kevin\Kevin_123_proc.jpg,Kevin,6,Directo
C:\Users\joeyk\OneDrive\Desktop\CNN\Creación_de_Dataset_híbrido\Face-Recognition Proyect\Dataset_aumentado\Leonardo DiCaprio\Leonardo_DiCaprio_45_proc_aug01.jpg,Leonardo DiCaprio,7,Directo
C:\Users\joeyk\OneDrive\Desktop\CNN\Creación_de_Dataset_híbrido\Face-Recognition Proyect\Dataset_aumentado\Leonardo DiCaprio\Leonardo_DiCaprio_94_proc_aug03.jpg,Leonardo DiCaprio,7,Directo
C:\Users\joeyk\OneDrive\Desktop\CNN\Creación_de_Dataset_híbrido\Face-Recognition Proyect\Dataset_aumentado\Israel\Israel_94_proc_aug02.jpg,Israel,2,Directo
C:\Users\joeyk\OneDrive\Desktop\CNN\Creación_de_Dataset_híbrido\Face-Recognition Proyect\Dataset_aumentado\Angelina Jolie\Angelina_Jolie_15_proc.jpg,Angelina Jolie,0,Directo
C:\Users\joeyk\OneDrive\Desktop\CNN\Creación_de_Dataset_híbrido\Face-Recognition Proyect\Dataset_aumentado\Kevin\Kevin_7_proc_aug02.jpg,Kevin,6,Directo
C:\Users\joeyk\OneDrive\Desktop\CNN\Creación_de_Dataset_híbrido\Face-Recognition Proyect\Dataset_aumentado\Natalie Portman\Natalie_Portman_3_proc_aug02.jpg,Natalie Portman,8,Directo
C:\Users\joeyk\OneDrive\Desktop\CNN\Creación_de_Dataset_híbrido\Face-Recognition Proyect\Dataset_aumentado\Jennifer Lawrence\JenniferLawrence_95_proc_aug03.jpg,Jennifer Lawrence,3,Directo
C:\Users\joeyk\OneDrive\Desktop\CNN\Creación_de_Dataset_híbrido\Face-Recognition Proyect\Dataset_aumentado\Joey\Joey_292_proc_aug02.jpg,Joey,4,Directo
C:\Users\joeyk\OneDrive\Desktop\CNN\Creación_de_Dataset_híbrido\Face-Recognition Proyect\Dataset_aumentado\Johnny Depp\Johnny_Depp_77_proc_aug03.jpg,Johnny Depp,5,Directo
C:\Users\joeyk\OneDrive\Desktop\CNN\Creación_de_Dataset_híbrido\Face-Recognition Proyect\Dataset_aumentado\Israel\Israel_142_proc_aug01.jpg,Israel,2,Directo
C:\Users\joeyk\OneDrive\Desktop\CNN\Creación_de_Dataset_híbrido\Face-Recognition Proyect\Dataset_aumentado\Leonardo DiCaprio\Leonardo_DiCaprio_30_proc_aug03.jpg,Leonardo DiCaprio,7,Directo
C:\Users\joeyk\OneDrive\Desktop\CNN\Creación_de_Dataset_híbrido\Face-Recognition Proyect\Dataset_aumentado\Angelina Jolie\Angelina_Jolie_40_proc_aug01.jpg,Angelina Jolie,0,Directo
C:\Users\joeyk\OneDrive\Desktop\CNN\Creación_de_Dataset_híbrido\Face-Recognition Proyect\Dataset_aumentado\Joey\Joey_133_proc.jpg,Joey,4,Directo
C:\Users\joeyk\OneDrive\Desktop\CNN\Creación_de_Dataset_híbrido\Face-Recognition Proyect\Dataset_aumentado\Kevin\Kevin_60_proc_aug01.jpg,Kevin,6,Directo
C:\Users\joeyk\OneDrive\Desktop\CNN\Creación_de_Dataset_híbrido\Face-Recognition Proyect\Dataset_aumentado\Leonardo DiCaprio\Leonardo_DiCaprio_81_proc.jpg,Leonardo DiCaprio,7,Directo
C:\Users\joeyk\OneDrive\Desktop\CNN\Creación_de_Dataset_híbrido\Face-Recognition Proyect\Dataset_aumentado\Kevin\Kevin_150_proc_aug02.jpg,Kevin,6,Directo
C:\Users\joeyk\OneDrive\Desktop\CNN\Creación_de_Dataset_híbrido\Face-Recognition Proyect\Dataset_aumentado\Brad Pitt\BradPitt_43_proc_aug01.jpg,Brad Pitt,1,Directo
C:\Users\joeyk\OneDrive\Desktop\CNN\Creación_de_Dataset_híbrido\Face-Recognition Proyect\Dataset_aumentado\Angelina Jolie\Angelina_Jolie_33_proc.jpg,Angelina Jolie,0,Directo
C:\Users\joeyk\OneDrive\Desktop\CNN\Creación_de_Dataset_híbrido\Face-Recognition Proyect\Dataset_aumentado\Kevin\Kevin_51_proc_aug02.jpg,Kevin,6,Directo
C:\Users\joeyk\OneDrive\Desktop\CNN\Creación_de_Dataset_híbrido\Face-Recognition Proyect\Dataset_aumentado\Johnny Depp\Johnny_Depp_55_proc_aug02.jpg,Johnny Depp,5,Directo
C:\Users\joeyk\OneDrive\Desktop\CNN\Creación_de_Dataset_híbrido\Face-Recognition Proyect\Dataset_aumentado\Israel\Israel_310_proc_aug01.jpg,Israel,2,Directo
C:\Users\joeyk\OneDrive\Desktop\CNN\Creación_de_Dataset_híbrido\Face-Recognition Proyect\Dataset_aumentado\Joey\Joey_190_proc.jpg,Joey,4,Directo
C:\Users\joeyk\OneDrive\Desktop\CNN\Creación_de_Dataset_híbrido\Face-Recognition Proyect\Dataset_aumentado\Kevin\Kevin_66_proc_aug01.jpg,Kevin,6,Directo
C:\Users\joeyk\OneDrive\Desktop\CNN\Creación_de_Dataset_híbrido\Face-Recognition Proyect\Dataset_aumentado\Joey\Joey_298_proc.jpg,Joey,4,Directo
C:\Users\joeyk\OneDrive\Desktop\CNN\Creación_de_Dataset_híbrido\Face-Recognition Proyect\Dataset_aumentado\Angelina Jolie\Angelina_Jolie_60_proc_aug01.jpg,Angelina Jolie,0,Directo
C:\Users\joeyk\OneDrive\Desktop\CNN\Creación_de_Dataset_híbrido\Face-Recognition Proyect\Dataset_aumentado\Brad Pitt\BradPitt_88_proc_aug01.jpg,Brad Pitt,1,Directo
C:\Users\joeyk\OneDrive\Desktop\CNN\Creación_de_Dataset_híbrido\Face-Recognition Proyect\Dataset_aumentado\Joey\Joey_230_proc.jpg,Joey,4,Directo
C:\Users\joeyk\OneDrive\Desktop\CNN\Creación_de_Dataset_híbrido\Face-Recognition Proyect\Dataset_aumentado\Joey\Joey_294_proc_aug01.jpg,Joey,4,Directo
C:\Users\joeyk\OneDrive\Desktop\CNN\Creación_de_Dataset_híbrido\Face-Recognition Proyect\Dataset_aumentado\Joey\Joey_137_proc_aug02.jpg,Joey,4,Directo
C:\Users\joeyk\OneDrive\Desktop\CNN\Creación_de_Dataset_híbrido\Face-Recognition Proyect\Dataset_aumentado\Israel\Israel_249_proc.jpg,Israel,2,Directo
C:\Users\joeyk\OneDrive\Desktop\CNN\Creación_de_Dataset_híbrido\Face-Recognition Proyect\Dataset_aumentado\Nicole Kidman\Nicole_Kidman_8_proc.jpg,Nicole Kidman,9,Directo
C:\Users\joeyk\OneDrive\Desktop\CNN\Creación_de_Dataset_híbrido\Face-Recognition Proyect\Dataset_aumentado\Israel\Israel_212_proc_aug02.jpg,Israel,2,Directo
C:\Users\joeyk\OneDrive\Desktop\CNN\Creación_de_Dataset_híbrido\Face-Recognition Proyect\Dataset_aumentado\Brad Pitt\BradPitt_30_proc_aug01.jpg,Brad Pitt,1,Directo
C:\Users\joeyk\OneDrive\Desktop\CNN\Creación_de_Dataset_híbrido\Face-Recognition Proyect\Dataset_aumentado\Angelina Jolie\Angelina_Jolie_11_proc_aug03.jpg,Angelina Jolie,0,Directo
C:\Users\joeyk\OneDrive\Desktop\CNN\Creación_de_Dataset_híbrido\Face-Recognition Proyect\Dataset_aumentado\Joey\Joey_100_proc.jpg,Joey,4,Directo
C:\Users\joeyk\OneDrive\Desktop\CNN\Creación_de_Dataset_híbrido\Face-Recognition Proyect\Dataset_aumentado\Nicole Kidman\Nicole_Kidman_52_proc_aug02.jpg,Nicole Kidman,9,Directo
C:\Users\joeyk\OneDrive\Desktop\CNN\Creación_de_Dataset_híbrido\Face-Recognition Proyect\Dataset_aumentado\Johnny Depp\Johnny_Depp_8_proc_aug03.jpg,Johnny Depp,5,Directo
C:\Users\joeyk\OneDrive\Desktop\CNN\Creación_de_Dataset_híbrido\Face-Recognition Proyect\Dataset_aumentado\Natalie Portman\Natalie_Portman_7_proc_aug01.jpg,Natalie Portman,8,Directo
C:\Users\joeyk\OneDrive\Desktop\CNN\Creación_de_Dataset_híbrido\Face-Recognition Proyect\Dataset_aumentado\Israel\Israel_310_proc_aug02.jpg,Israel,2,Directo
C:\Users\joeyk\OneDrive\Desktop\CNN\Creación_de_Dataset_híbrido\Face-Recognition Proyect\Dataset_aumentado\Israel\Israel_256_proc_aug02.jpg,Israel,2,Directo
C:\Users\joeyk\OneDrive\Desktop\CNN\Creación_de_Dataset_híbrido\Face-Recognition Proyect\Dataset_aumentado\Johnny Depp\Johnny_Depp_93_proc_aug03.jpg,Johnny Depp,5,Directo
C:\Users\joeyk\OneDrive\Desktop\CNN\Creación_de_Dataset_híbrido\Face-Recognition Proyect\Dataset_aumentado\Johnny Depp\Johnny_Depp_99_proc_aug01.jpg,Johnny Depp,5,Directo
C:\Users\joeyk\OneDrive\Desktop\CNN\Creación_de_Dataset_híbrido\Face-Recognition Proyect\Dataset_aumentado\Johnny Depp\Johnny_Depp_97_proc_aug01.jpg,Johnny Depp,5,Directo
C:\Users\joeyk\OneDrive\Desktop\CNN\Creación_de_Dataset_híbrido\Face-Recognition Proyect\Dataset_aumentado\Joey\Joey_196_proc_aug02.jpg,Joey,4,Directo
C:\Users\joeyk\OneDrive\Desktop\CNN\Creación_de_Dataset_híbrido\Face-Recognition Proyect\Dataset_aumentado\Israel\Israel_153_proc_aug01.jpg,Israel,2,Directo
C:\Users\joeyk\OneDrive\Desktop\CNN\Creación_de_Dataset_híbrido\Face-Recognition Proyect\Dataset_aumentado\Israel\Israel_24_proc.jpg,Israel,2,Directo
C:\Users\joeyk\OneDrive\Desktop\CNN\Creación_de_Dataset_híbrido\Face-Recognition Proyect\Dataset_aumentado\Joey\Joey_126_proc_aug03.jpg,Joey,4,Directo
C:\Users\joeyk\OneDrive\Desktop\CNN\Creación_de_Dataset_híbrido\Face-Recognition Proyect\Dataset_aumentado\Nicole Kidman\Nicole_Kidman_4_proc_aug03.jpg,Nicole Kidman,9,Directo
C:\Users\joeyk\OneDrive\Desktop\CNN\Creación_de_Dataset_híbrido\Face-Recognition Proyect\Dataset_aumentado\Kevin\Kevin_88_proc_aug01.jpg,Kevin,6,Directo
C:\Users\joeyk\OneDrive\Desktop\CNN\Creación_de_Dataset_híbrido\Face-Recognition Proyect\Dataset_aumentado\Natalie Portman\Natalie_Portman_5_proc.jpg,Natalie Portman,8,Directo
C:\Users\joeyk\OneDrive\Desktop\CNN\Creación_de_Dataset_híbrido\Face-Recognition Proyect\Dataset_aumentado\Joey\Joey_54_proc_aug02.jpg,Joey,4,Directo
C:\Users\joeyk\OneDrive\Desktop\CNN\Creación_de_Dataset_híbrido\Face-Recognition Proyect\Dataset_aumentado\Israel\Israel_141_proc_aug02.jpg,Israel,2,Directo
C:\Users\joeyk\OneDrive\Desktop\CNN\Creación_de_Dataset_híbrido\Face-Recognition Proyect\Dataset_aumentado\Israel\Israel_299_proc_aug03.jpg,Israel,2,Directo
C:\Users\joeyk\OneDrive\Desktop\CNN\Creación_de_Dataset_híbrido\Face-Recognition Proyect\Dataset_aumentado\Jennifer Lawrence\JenniferLawrence_12_proc_aug01.jpg,Jennifer Lawrence,3,Directo
C:\Users\joeyk\OneDrive\Desktop\CNN\Creación_de_Dataset_híbrido\Face-Recognition Proyect\Dataset_aumentado\Brad Pitt\BradPitt_21_proc.jpg,Brad Pitt,1,Directo
C:\Users\joeyk\OneDrive\Desktop\CNN\Creación_de_Dataset_híbrido\Face-Recognition Proyect\Dataset_aumentado\Kevin\Kevin_15_proc.jpg,Kevin,6,Directo
C:\Users\joeyk\OneDrive\Desktop\CNN\Creación_de_Dataset_híbrido\Face-Recognition Proyect\Dataset_aumentado\Israel\Israel_266_proc_aug02.jpg,Israel,2,Directo
C:\Users\joeyk\OneDrive\Desktop\CNN\Creación_de_Dataset_híbrido\Face-Recognition Proyect\Dataset_aumentado\Leonardo DiCaprio\Leonardo_DiCaprio_88_proc.jpg,Leonardo DiCaprio,7,Directo
C:\Users\joeyk\OneDrive\Desktop\CNN\Creación_de_Dataset_híbrido\Face-Recognition Proyect\Dataset_aumentado\Kevin\Kevin_205_proc_aug01.jpg,Kevin,6,Directo
C:\Users\joeyk\OneDrive\Desktop\CNN\Creación_de_Dataset_híbrido\Face-Recognition Proyect\Dataset_aumentado\Leonardo DiCaprio\Leonardo_DiCaprio_38_proc_aug03.jpg,Leonardo DiCaprio,7,Directo
C:\Users\joeyk\OneDrive\Desktop\CNN\Creación_de_Dataset_híbrido\Face-Recognition Proyect\Dataset_aumentado\Kevin\Kevin_30_proc_aug01.jpg,Kevin,6,Directo
C:\Users\joeyk\OneDrive\Desktop\CNN\Creación_de_Dataset_híbrido\Face-Recognition Proyect\Dataset_aumentado\Johnny Depp\Johnny_Depp_24_proc_aug02.jpg,Johnny Depp,5,Directo
C:\Users\joeyk\OneDrive\Desktop\CNN\Creación_de_Dataset_híbrido\Face-Recognition Proyect\Dataset_aumentado\Israel\Israel_277_proc_aug02.jpg,Israel,2,Directo
C:\Users\joeyk\OneDrive\Desktop\CNN\Creación_de_Dataset_híbrido\Face-Recognition Proyect\Dataset_aumentado\Joey\Joey_245_proc.jpg,Joey,4,Directo
C:\Users\joeyk\OneDrive\Desktop\CNN\Creación_de_Dataset_híbrido\Face-Recognition Proyect\Dataset_aumentado\Israel\Israel_244_proc_aug02.jpg,Israel,2,Directo
C:\Users\joeyk\OneDrive\Desktop\CNN\Creación_de_Dataset_híbrido\Face-Recognition Proyect\Dataset_aumentado\Israel\Israel_185_proc_aug02.jpg,Israel,2,Directo
C:\Users\joeyk\OneDrive\Desktop\CNN\Creación_de_Dataset_híbrido\Face-Recognition Proyect\Dataset_aumentado\Israel\Israel_95_proc_aug02.jpg,Israel,2,Directo
C:\Users\joeyk\OneDrive\Desktop\CNN\Creación_de_Dataset_híbrido\Face-Recognition Proyect\Dataset_aumentado\Johnny Depp\Johnny_Depp_14_proc_aug02.jpg,Johnny Depp,5,Directo
C:\Users\joeyk\OneDrive\Desktop\CNN\Creación_de_Dataset_híbrido\Face-Recognition Proyect\Dataset_aumentado\Joey\Joey_151_proc.jpg,Joey,4,Directo
C:\Users\joeyk\OneDrive\Desktop\CNN\Creación_de_Dataset_híbrido\Face-Recognition Proyect\Dataset_aumentado\Jennifer Lawrence\JenniferLawrence_31_proc_aug01.jpg,Jennifer Lawrence,3,Directo
C:\Users\joeyk\OneDrive\Desktop\CNN\Creación_de_Dataset_híbrido\Face-Recognition Proyect\Dataset_aumentado\Joey\Joey_215_proc_aug01.jpg,Joey,4,Directo
C:\Users\joeyk\OneDrive\Desktop\CNN\Creación_de_Dataset_híbrido\Face-Recognition Proyect\Dataset_aumentado\Kevin\Kevin_11_proc.jpg,Kevin,6,Directo
C:\Users\joeyk\OneDrive\Desktop\CNN\Creación_de_Dataset_híbrido\Face-Recognition Proyect\Dataset_aumentado\Joey\Joey_44_proc_aug02.jpg,Joey,4,Directo
C:\Users\joeyk\OneDrive\Desktop\CNN\Creación_de_Dataset_híbrido\Face-Recognition Proyect\Dataset_aumentado\Natalie Portman\Natalie_Portman_55_proc_aug02.jpg,Natalie Portman,8,Directo
C:\Users\joeyk\OneDrive\Desktop\CNN\Creación_de_Dataset_híbrido\Face-Recognition Proyect\Dataset_aumentado\Nicole Kidman\Nicole_Kidman_77_proc_aug03.jpg,Nicole Kidman,9,Directo
C:\Users\joeyk\OneDrive\Desktop\CNN\Creación_de_Dataset_híbrido\Face-Recognition Proyect\Dataset_aumentado\Joey\Joey_218_proc_aug01.jpg,Joey,4,Directo
C:\Users\joeyk\OneDrive\Desktop\CNN\Creación_de_Dataset_híbrido\Face-Recognition Proyect\Dataset_aumentado\Jennifer Lawrence\JenniferLawrence_12_proc_aug03.jpg,Jennifer Lawrence,3,Directo
C:\Users\joeyk\OneDrive\Desktop\CNN\Creación_de_Dataset_híbrido\Face-Recognition Proyect\Dataset_aumentado\Israel\Israel_252_proc.jpg,Israel,2,Directo
C:\Users\joeyk\OneDrive\Desktop\CNN\Creación_de_Dataset_híbrido\Face-Recognition Proyect\Dataset_aumentado\Joey\Joey_133_proc_aug02.jpg,Joey,4,Directo
C:\Users\joeyk\OneDrive\Desktop\CNN\Creación_de_Dataset_híbrido\Face-Recognition Proyect\Dataset_aumentado\Kevin\Kevin_187_proc_aug02.jpg,Kevin,6,Directo
C:\Users\joeyk\OneDrive\Desktop\CNN\Creación_de_Dataset_híbrido\Face-Recognition Proyect\Dataset_aumentado\Brad Pitt\BradPitt_66_proc_aug02.jpg,Brad Pitt,1,Directo
C:\Users\joeyk\OneDrive\Desktop\CNN\Creación_de_Dataset_híbrido\Face-Recognition Proyect\Dataset_aumentado\Kevin\Kevin_126_proc_aug02.jpg,Kevin,6,Directo
C:\Users\joeyk\OneDrive\Desktop\CNN\Creación_de_Dataset_híbrido\Face-Recognition Proyect\Dataset_aumentado\Joey\Joey_234_proc_aug03.jpg,Joey,4,Directo
C:\Users\joeyk\OneDrive\Desktop\CNN\Creación_de_Dataset_híbrido\Face-Recognition Proyect\Dataset_aumentado\Joey\Joey_4_proc.jpg,Joey,4,Directo
C:\Users\joeyk\OneDrive\Desktop\CNN\Creación_de_Dataset_híbrido\Face-Recognition Proyect\Dataset_aumentado\Natalie Portman\Natalie_Portman_69_proc_aug03.jpg,Natalie Portman,8,Directo
C:\Users\joeyk\OneDrive\Desktop\CNN\Creación_de_Dataset_híbrido\Face-Recognition Proyect\Dataset_aumentado\Kevin\Kevin_132_proc_aug03.jpg,Kevin,6,Directo
C:\Users\joeyk\OneDrive\Desktop\CNN\Creación_de_Dataset_híbrido\Face-Recognition Proyect\Dataset_aumentado\Nicole Kidman\Nicole_Kidman_91_proc.jpg,Nicole Kidman,9,Directo
C:\Users\joeyk\OneDrive\Desktop\CNN\Creación_de_Dataset_híbrido\Face-Recognition Proyect\Dataset_aumentado\Brad Pitt\BradPitt_72_proc.jpg,Brad Pitt,1,Directo
C:\Users\joeyk\OneDrive\Desktop\CNN\Creación_de_Dataset_híbrido\Face-Recognition Proyect\Dataset_aumentado\Israel\Israel_238_proc.jpg,Israel,2,Directo
C:\Users\joeyk\OneDrive\Desktop\CNN\Creación_de_Dataset_híbrido\Face-Recognition Proyect\Dataset_aumentado\Natalie Portman\Natalie_Portman_64_proc_aug03.jpg,Natalie Portman,8,Directo
C:\Users\joeyk\OneDrive\Desktop\CNN\Creación_de_Dataset_híbrido\Face-Recognition Proyect\Dataset_aumentado\Israel\Israel_73_proc.jpg,Israel,2,Directo
C:\Users\joeyk\OneDrive\Desktop\CNN\Creación_de_Dataset_híbrido\Face-Recognition Proyect\Dataset_aumentado\Jennifer Lawrence\JenniferLawrence_22_proc_aug02.jpg,Jennifer Lawrence,3,Directo
C:\Users\joeyk\OneDrive\Desktop\CNN\Creación_de_Dataset_híbrido\Face-Recognition Proyect\Dataset_aumentado\Angelina Jolie\Angelina_Jolie_77_proc_aug02.jpg,Angelina Jolie,0,Directo
C:\Users\joeyk\OneDrive\Desktop\CNN\Creación_de_Dataset_híbrido\Face-Recognition Proyect\Dataset_aumentado\Natalie Portman\Natalie_Portman_71_proc.jpg,Natalie Portman,8,Directo
C:\Users\joeyk\OneDrive\Desktop\CNN\Creación_de_Dataset_híbrido\Face-Recognition Proyect\Dataset_aumentado\Israel\Israel_217_proc.jpg,Israel,2,Directo
C:\Users\joeyk\OneDrive\Desktop\CNN\Creación_de_Dataset_híbrido\Face-Recognition Proyect\Dataset_aumentado\Nicole Kidman\Nicole_Kidman_47_proc.jpg,Nicole Kidman,9,Directo
C:\Users\joeyk\OneDrive\Desktop\CNN\Creación_de_Dataset_híbrido\Face-Recognition Proyect\Dataset_aumentado\Leonardo DiCaprio\Leonardo_DiCaprio_22_proc_aug02.jpg,Leonardo DiCaprio,7,Directo
C:\Users\joeyk\OneDrive\Desktop\CNN\Creación_de_Dataset_híbrido\Face-Recognition Proyect\Dataset_aumentado\Israel\Israel_321_proc_aug01.jpg,Israel,2,Directo
C:\Users\joeyk\OneDrive\Desktop\CNN\Creación_de_Dataset_híbrido\Face-Recognition Proyect\Dataset_aumentado\Angelina Jolie\Angelina_Jolie_37_proc_aug02.jpg,Angelina Jolie,0,Directo
C:\Users\joeyk\OneDrive\Desktop\CNN\Creación_de_Dataset_híbrido\Face-Recognition Proyect\Dataset_aumentado\Joey\Joey_239_proc_aug03.jpg,Joey,4,Directo
C:\Users\joeyk\OneDrive\Desktop\CNN\Creación_de_Dataset_híbrido\Face-Recognition Proyect\Dataset_aumentado\Kevin\Kevin_98_proc.jpg,Kevin,6,Directo
C:\Users\joeyk\OneDrive\Desktop\CNN\Creación_de_Dataset_híbrido\Face-Recognition Proyect\Dataset_aumentado\Joey\Joey_99_proc.jpg,Joey,4,Directo
C:\Users\joeyk\OneDrive\Desktop\CNN\Creación_de_Dataset_híbrido\Face-Recognition Proyect\Dataset_aumentado\Israel\Israel_35_proc_aug01.jpg,Israel,2,Directo
C:\Users\joeyk\OneDrive\Desktop\CNN\Creación_de_Dataset_híbrido\Face-Recognition Proyect\Dataset_aumentado\Natalie Portman\Natalie_Portman_88_proc_aug02.jpg,Natalie Portman,8,Directo
C:\Users\joeyk\OneDrive\Desktop\CNN\Creación_de_Dataset_híbrido\Face-Recognition Proyect\Dataset_aumentado\Israel\Israel_326_proc_aug02.jpg,Israel,2,Directo
C:\Users\joeyk\OneDrive\Desktop\CNN\Creación_de_Dataset_híbrido\Face-Recognition Proyect\Dataset_aumentado\Nicole Kidman\Nicole_Kidman_39_proc_aug03.jpg,Nicole Kidman,9,Directo
C:\Users\joeyk\OneDrive\Desktop\CNN\Creación_de_Dataset_híbrido\Face-Recognition Proyect\Dataset_aumentado\Joey\Joey_182_proc_aug01.jpg,Joey,4,Directo
C:\Users\joeyk\OneDrive\Desktop\CNN\Creación_de_Dataset_híbrido\Face-Recognition Proyect\Dataset_aumentado\Angelina Jolie\Angelina_Jolie_45_proc_aug02.jpg,Angelina Jolie,0,Directo
C:\Users\joeyk\OneDrive\Desktop\CNN\Creación_de_Dataset_híbrido\Face-Recognition Proyect\Dataset_aumentado\Joey\Joey_261_proc_aug02.jpg,Joey,4,Directo
C:\Users\joeyk\OneDrive\Desktop\CNN\Creación_de_Dataset_híbrido\Face-Recognition Proyect\Dataset_aumentado\Angelina Jolie\Angelina_Jolie_23_proc_aug03.jpg,Angelina Jolie,0,Directo
C:\Users\joeyk\OneDrive\Desktop\CNN\Creación_de_Dataset_híbrido\Face-Recognition Proyect\Dataset_aumentado\Brad Pitt\BradPitt_39_proc_aug01.jpg,Brad Pitt,1,Directo
C:\Users\joeyk\OneDrive\Desktop\CNN\Creación_de_Dataset_híbrido\Face-Recognition Proyect\Dataset_aumentado\Leonardo DiCaprio\Leonardo_DiCaprio_69_proc.jpg,Leonardo DiCaprio,7,Directo
C:\Users\joeyk\OneDrive\Desktop\CNN\Creación_de_Dataset_híbrido\Face-Recognition Proyect\Dataset_aumentado\Kevin\Kevin_49_proc_aug03.jpg,Kevin,6,Directo
C:\Users\joeyk\OneDrive\Desktop\CNN\Creación_de_Dataset_híbrido\Face-Recognition Proyect\Dataset_aumentado\Angelina Jolie\Angelina_Jolie_85_proc.jpg,Angelina Jolie,0,Directo
C:\Users\joeyk\OneDrive\Desktop\CNN\Creación_de_Dataset_híbrido\Face-Recognition Proyect\Dataset_aumentado\Kevin\Kevin_74_proc_aug03.jpg,Kevin,6,Directo
C:\Users\joeyk\OneDrive\Desktop\CNN\Creación_de_Dataset_híbrido\Face-Recognition Proyect\Dataset_aumentado\Leonardo DiCaprio\Leonardo_DiCaprio_51_proc_aug03.jpg,Leonardo DiCaprio,7,Directo
C:\Users\joeyk\OneDrive\Desktop\CNN\Creación_de_Dataset_híbrido\Face-Recognition Proyect\Dataset_aumentado\Angelina Jolie\Angelina_Jolie_55_proc_aug01.jpg,Angelina Jolie,0,Directo
C:\Users\joeyk\OneDrive\Desktop\CNN\Creación_de_Dataset_híbrido\Face-Recognition Proyect\Dataset_aumentado\Nicole Kidman\Nicole_Kidman_85_proc_aug02.jpg,Nicole Kidman,9,Directo
C:\Users\joeyk\OneDrive\Desktop\CNN\Creación_de_Dataset_híbrido\Face-Recognition Proyect\Dataset_aumentado\Joey\Joey_249_proc_aug02.jpg,Joey,4,Directo
C:\Users\joeyk\OneDrive\Desktop\CNN\Creación_de_Dataset_híbrido\Face-Recognition Proyect\Dataset_aumentado\Natalie Portman\Natalie_Portman_24_proc_aug02.jpg,Natalie Portman,8,Directo
C:\Users\joeyk\OneDrive\Desktop\CNN\Creación_de_Dataset_híbrido\Face-Recognition Proyect\Dataset_aumentado\Joey\Joey_234_proc_aug02.jpg,Joey,4,Directo
C:\Users\joeyk\OneDrive\Desktop\CNN\Creación_de_Dataset_híbrido\Face-Recognition Proyect\Dataset_aumentado\Israel\Israel_289_proc_aug01.jpg,Israel,2,Directo
C:\Users\joeyk\OneDrive\Desktop\CNN\Creación_de_Dataset_híbrido\Face-Recognition Proyect\Dataset_aumentado\Israel\Israel_333_proc.jpg,Israel,2,Directo
C:\Users\joeyk\OneDrive\Desktop\CNN\Creación_de_Dataset_híbrido\Face-Recognition Proyect\Dataset_aumentado\Joey\Joey_7_proc_aug01.jpg,Joey,4,Directo
C:\Users\joeyk\OneDrive\Desktop\CNN\Creación_de_Dataset_híbrido\Face-Recognition Proyect\Dataset_aumentado\Angelina Jolie\Angelina_Jolie_50_proc.jpg,Angelina Jolie,0,Directo
C:\Users\joeyk\OneDrive\Desktop\CNN\Creación_de_Dataset_híbrido\Face-Recognition Proyect\Dataset_aumentado\Natalie Portman\Natalie_Portman_33_proc_aug02.jpg,Natalie Portman,8,Directo
C:\Users\joeyk\OneDrive\Desktop\CNN\Creación_de_Dataset_híbrido\Face-Recognition Proyect\Dataset_aumentado\Natalie Portman\Natalie_Portman_75_proc.jpg,Natalie Portman,8,Directo
C:\Users\joeyk\OneDrive\Desktop\CNN\Creación_de_Dataset_híbrido\Face-Recognition Proyect\Dataset_aumentado\Israel\Israel_212_proc.jpg,Israel,2,Directo
C:\Users\joeyk\OneDrive\Desktop\CNN\Creación_de_Dataset_híbrido\Face-Recognition Proyect\Dataset_aumentado\Kevin\Kevin_83_proc_aug03.jpg,Kevin,6,Directo
C:\Users\joeyk\OneDrive\Desktop\CNN\Creación_de_Dataset_híbrido\Face-Recognition Proyect\Dataset_aumentado\Kevin\Kevin_23_proc_aug03.jpg,Kevin,6,Directo
C:\Users\joeyk\OneDrive\Desktop\CNN\Creación_de_Dataset_híbrido\Face-Recognition Proyect\Dataset_aumentado\Joey\Joey_217_proc_aug01.jpg,Joey,4,Directo
C:\Users\joeyk\OneDrive\Desktop\CNN\Creación_de_Dataset_híbrido\Face-Recognition Proyect\Dataset_aumentado\Kevin\Kevin_79_proc_aug01.jpg,Kevin,6,Directo
C:\Users\joeyk\OneDrive\Desktop\CNN\Creación_de_Dataset_híbrido\Face-Recognition Proyect\Dataset_aumentado\Israel\Israel_229_proc_aug01.jpg,Israel,2,Directo
C:\Users\joeyk\OneDrive\Desktop\CNN\Creación_de_Dataset_híbrido\Face-Recognition Proyect\Dataset_aumentado\Kevin\Kevin_188_proc_aug01.jpg,Kevin,6,Directo
C:\Users\joeyk\OneDrive\Desktop\CNN\Creación_de_Dataset_híbrido\Face-Recognition Proyect\Dataset_aumentado\Joey\Joey_78_proc_aug01.jpg,Joey,4,Directo
C:\Users\joeyk\OneDrive\Desktop\CNN\Creación_de_Dataset_híbrido\Face-Recognition Proyect\Dataset_aumentado\Joey\Joey_265_proc_aug03.jpg,Joey,4,Directo
C:\Users\joeyk\OneDrive\Desktop\CNN\Creación_de_Dataset_híbrido\Face-Recognition Proyect\Dataset_aumentado\Israel\Israel_312_proc_aug01.jpg,Israel,2,Directo
C:\Users\joeyk\OneDrive\Desktop\CNN\Creación_de_Dataset_híbrido\Face-Recognition Proyect\Dataset_aumentado\Kevin\Kevin_67_proc_aug02.jpg,Kevin,6,Directo
C:\Users\joeyk\OneDrive\Desktop\CNN\Creación_de_Dataset_híbrido\Face-Recognition Proyect\Dataset_aumentado\Israel\Israel_322_proc_aug01.jpg,Israel,2,Directo
C:\Users\joeyk\OneDrive\Desktop\CNN\Creación_de_Dataset_híbrido\Face-Recognition Proyect\Dataset_aumentado\Angelina Jolie\Angelina_Jolie_57_proc_aug02.jpg,Angelina Jolie,0,Directo
C:\Users\joeyk\OneDrive\Desktop\CNN\Creación_de_Dataset_híbrido\Face-Recognition Proyect\Dataset_aumentado\Joey\Joey_289_proc_aug01.jpg,Joey,4,Directo
C:\Users\joeyk\OneDrive\Desktop\CNN\Creación_de_Dataset_híbrido\Face-Recognition Proyect\Dataset_aumentado\Johnny Depp\Johnny_Depp_17_proc_aug01.jpg,Johnny Depp,5,Directo
C:\Users\joeyk\OneDrive\Desktop\CNN\Creación_de_Dataset_híbrido\Face-Recognition Proyect\Dataset_aumentado\Joey\Joey_55_proc.jpg,Joey,4,Directo
C:\Users\joeyk\OneDrive\Desktop\CNN\Creación_de_Dataset_híbrido\Face-Recognition Proyect\Dataset_aumentado\Jennifer Lawrence\JenniferLawrence_86_proc_aug01.jpg,Jennifer Lawrence,3,Directo
C:\Users\joeyk\OneDrive\Desktop\CNN\Creación_de_Dataset_híbrido\Face-Recognition Proyect\Dataset_aumentado\Joey\Joey_98_proc_aug01.jpg,Joey,4,Directo
C:\Users\joeyk\OneDrive\Desktop\CNN\Creación_de_Dataset_híbrido\Face-Recognition Proyect\Dataset_aumentado\Joey\Joey_99_proc_aug01.jpg,Joey,4,Directo
C:\Users\joeyk\OneDrive\Desktop\CNN\Creación_de_Dataset_híbrido\Face-Recognition Proyect\Dataset_aumentado\Natalie Portman\Natalie_Portman_24_proc_aug03.jpg,Natalie Portman,8,Directo
C:\Users\joeyk\OneDrive\Desktop\CNN\Creación_de_Dataset_híbrido\Face-Recognition Proyect\Dataset_aumentado\Israel\Israel_204_proc_aug02.jpg,Israel,2,Directo
C:\Users\joeyk\OneDrive\Desktop\CNN\Creación_de_Dataset_híbrido\Face-Recognition Proyect\Dataset_aumentado\Israel\Israel_260_proc.jpg,Israel,2,Directo
C:\Users\joeyk\OneDrive\Desktop\CNN\Creación_de_Dataset_híbrido\Face-Recognition Proyect\Dataset_aumentado\Israel\Israel_154_proc_aug01.jpg,Israel,2,Directo
C:\Users\joeyk\OneDrive\Desktop\CNN\Creación_de_Dataset_híbrido\Face-Recognition Proyect\Dataset_aumentado\Israel\Israel_102_proc.jpg,Israel,2,Directo
C:\Users\joeyk\OneDrive\Desktop\CNN\Creación_de_Dataset_híbrido\Face-Recognition Proyect\Dataset_aumentado\Joey\Joey_63_proc.jpg,Joey,4,Directo
C:\Users\joeyk\OneDrive\Desktop\CNN\Creación_de_Dataset_híbrido\Face-Recognition Proyect\Dataset_aumentado\Brad Pitt\BradPitt_81_proc_aug03.jpg,Brad Pitt,1,Directo
C:\Users\joeyk\OneDrive\Desktop\CNN\Creación_de_Dataset_híbrido\Face-Recognition Proyect\Dataset_aumentado\Brad Pitt\BradPitt_35_proc_aug03.jpg,Brad Pitt,1,Directo
C:\Users\joeyk\OneDrive\Desktop\CNN\Creación_de_Dataset_híbrido\Face-Recognition Proyect\Dataset_aumentado\Nicole Kidman\Nicole_Kidman_78_proc.jpg,Nicole Kidman,9,Directo
C:\Users\joeyk\OneDrive\Desktop\CNN\Creación_de_Dataset_híbrido\Face-Recognition Proyect\Dataset_aumentado\Joey\Joey_88_proc_aug01.jpg,Joey,4,Directo
C:\Users\joeyk\OneDrive\Desktop\CNN\Creación_de_Dataset_híbrido\Face-Recognition Proyect\Dataset_aumentado\Natalie Portman\Natalie_Portman_43_proc_aug03.jpg,Natalie Portman,8,Directo
C:\Users\joeyk\OneDrive\Desktop\CNN\Creación_de_Dataset_híbrido\Face-Recognition Proyect\Dataset_aumentado\Joey\Joey_262_proc_aug02.jpg,Joey,4,Directo
C:\Users\joeyk\OneDrive\Desktop\CNN\Creación_de_Dataset_híbrido\Face-Recognition Proyect\Dataset_aumentado\Israel\Israel_293_proc_aug03.jpg,Israel,2,Directo
C:\Users\joeyk\OneDrive\Desktop\CNN\Creación_de_Dataset_híbrido\Face-Recognition Proyect\Dataset_aumentado\Joey\Joey_124_proc.jpg,Joey,4,Directo
C:\Users\joeyk\OneDrive\Desktop\CNN\Creación_de_Dataset_híbrido\Face-Recognition Proyect\Dataset_aumentado\Nicole Kidman\Nicole_Kidman_11_proc.jpg,Nicole Kidman,9,Directo
C:\Users\joeyk\OneDrive\Desktop\CNN\Creación_de_Dataset_híbrido\Face-Recognition Proyect\Dataset_aumentado\Brad Pitt\BradPitt_78_proc_aug01.jpg,Brad Pitt,1,Directo
C:\Users\joeyk\OneDrive\Desktop\CNN\Creación_de_Dataset_híbrido\Face-Recognition Proyect\Dataset_aumentado\Israel\Israel_283_proc_aug01.jpg,Israel,2,Directo
C:\Users\joeyk\OneDrive\Desktop\CNN\Creación_de_Dataset_híbrido\Face-Recognition Proyect\Dataset_aumentado\Johnny Depp\Johnny_Depp_26_proc_aug03.jpg,Johnny Depp,5,Directo
C:\Users\joeyk\OneDrive\Desktop\CNN\Creación_de_Dataset_híbrido\Face-Recognition Proyect\Dataset_aumentado\Johnny Depp\Johnny_Depp_78_proc_aug02.jpg,Johnny Depp,5,Directo
C:\Users\joeyk\OneDrive\Desktop\CNN\Creación_de_Dataset_híbrido\Face-Recognition Proyect\Dataset_aumentado\Israel\Israel_298_proc.jpg,Israel,2,Directo
C:\Users\joeyk\OneDrive\Desktop\CNN\Creación_de_Dataset_híbrido\Face-Recognition Proyect\Dataset_aumentado\Kevin\Kevin_147_proc.jpg,Kevin,6,Directo
C:\Users\joeyk\OneDrive\Desktop\CNN\Creación_de_Dataset_híbrido\Face-Recognition Proyect\Dataset_aumentado\Johnny Depp\Johnny_Depp_41_proc.jpg,Johnny Depp,5,Directo
C:\Users\joeyk\OneDrive\Desktop\CNN\Creación_de_Dataset_híbrido\Face-Recognition Proyect\Dataset_aumentado\Joey\Joey_241_proc_aug01.jpg,Joey,4,Directo
C:\Users\joeyk\OneDrive\Desktop\CNN\Creación_de_Dataset_híbrido\Face-Recognition Proyect\Dataset_aumentado\Joey\Joey_68_proc_aug01.jpg,Joey,4,Directo
C:\Users\joeyk\OneDrive\Desktop\CNN\Creación_de_Dataset_híbrido\Face-Recognition Proyect\Dataset_aumentado\Israel\Israel_9_proc_aug02.jpg,Israel,2,Directo
C:\Users\joeyk\OneDrive\Desktop\CNN\Creación_de_Dataset_híbrido\Face-Recognition Proyect\Dataset_aumentado\Natalie Portman\Natalie_Portman_100_proc.jpg,Natalie Portman,8,Directo
C:\Users\joeyk\OneDrive\Desktop\CNN\Creación_de_Dataset_híbrido\Face-Recognition Proyect\Dataset_aumentado\Brad Pitt\BradPitt_23_proc_aug03.jpg,Brad Pitt,1,Directo
C:\Users\joeyk\OneDrive\Desktop\CNN\Creación_de_Dataset_híbrido\Face-Recognition Proyect\Dataset_aumentado\Leonardo DiCaprio\Leonardo_DiCaprio_100_proc_aug01.jpg,Leonardo DiCaprio,7,Directo
C:\Users\joeyk\OneDrive\Desktop\CNN\Creación_de_Dataset_híbrido\Face-Recognition Proyect\Dataset_aumentado\Brad Pitt\BradPitt_50_proc_aug02.jpg,Brad Pitt,1,Directo
C:\Users\joeyk\OneDrive\Desktop\CNN\Creación_de_Dataset_híbrido\Face-Recognition Proyect\Dataset_aumentado\Brad Pitt\BradPitt_100_proc_aug01.jpg,Brad Pitt,1,Directo
C:\Users\joeyk\OneDrive\Desktop\CNN\Creación_de_Dataset_híbrido\Face-Recognition Proyect\Dataset_aumentado\Israel\Israel_221_proc_aug03.jpg,Israel,2,Directo
C:\Users\joeyk\OneDrive\Desktop\CNN\Creación_de_Dataset_híbrido\Face-Recognition Proyect\Dataset_aumentado\Nicole Kidman\Nicole_Kidman_22_proc_aug01.jpg,Nicole Kidman,9,Directo
C:\Users\joeyk\OneDrive\Desktop\CNN\Creación_de_Dataset_híbrido\Face-Recognition Proyect\Dataset_aumentado\Joey\Joey_58_proc_aug02.jpg,Joey,4,Directo
C:\Users\joeyk\OneDrive\Desktop\CNN\Creación_de_Dataset_híbrido\Face-Recognition Proyect\Dataset_aumentado\Joey\Joey_36_proc_aug02.jpg,Joey,4,Directo
C:\Users\joeyk\OneDrive\Desktop\CNN\Creación_de_Dataset_híbrido\Face-Recognition Proyect\Dataset_aumentado\Joey\Joey_174_proc.jpg,Joey,4,Directo
C:\Users\joeyk\OneDrive\Desktop\CNN\Creación_de_Dataset_híbrido\Face-Recognition Proyect\Dataset_aumentado\Nicole Kidman\Nicole_Kidman_28_proc_aug02.jpg,Nicole Kidman,9,Directo
C:\Users\joeyk\OneDrive\Desktop\CNN\Creación_de_Dataset_híbrido\Face-Recognition Proyect\Dataset_aumentado\Joey\Joey_97_proc_aug03.jpg,Joey,4,Directo
C:\Users\joeyk\OneDrive\Desktop\CNN\Creación_de_Dataset_híbrido\Face-Recognition Proyect\Dataset_aumentado\Leonardo DiCaprio\Leonardo_DiCaprio_82_proc_aug01.jpg,Leonardo DiCaprio,7,Directo
C:\Users\joeyk\OneDrive\Desktop\CNN\Creación_de_Dataset_híbrido\Face-Recognition Proyect\Dataset_aumentado\Israel\Israel_328_proc_aug01.jpg,Israel,2,Directo
C:\Users\joeyk\OneDrive\Desktop\CNN\Creación_de_Dataset_híbrido\Face-Recognition Proyect\Dataset_aumentado\Jennifer Lawrence\JenniferLawrence_31_proc.jpg,Jennifer Lawrence,3,Directo
C:\Users\joeyk\OneDrive\Desktop\CNN\Creación_de_Dataset_híbrido\Face-Recognition Proyect\Dataset_aumentado\Johnny Depp\Johnny_Depp_24_proc_aug01.jpg,Johnny Depp,5,Directo
C:\Users\joeyk\OneDrive\Desktop\CNN\Creación_de_Dataset_híbrido\Face-Recognition Proyect\Dataset_aumentado\Israel\Israel_11_proc_aug01.jpg,Israel,2,Directo
C:\Users\joeyk\OneDrive\Desktop\CNN\Creación_de_Dataset_híbrido\Face-Recognition Proyect\Dataset_aumentado\Joey\Joey_116_proc_aug01.jpg,Joey,4,Directo
C:\Users\joeyk\OneDrive\Desktop\CNN\Creación_de_Dataset_híbrido\Face-Recognition Proyect\Dataset_aumentado\Angelina Jolie\Angelina_Jolie_43_proc.jpg,Angelina Jolie,0,Directo
C:\Users\joeyk\OneDrive\Desktop\CNN\Creación_de_Dataset_híbrido\Face-Recognition Proyect\Dataset_aumentado\Leonardo DiCaprio\Leonardo_DiCaprio_51_proc.jpg,Leonardo DiCaprio,7,Directo
C:\Users\joeyk\OneDrive\Desktop\CNN\Creación_de_Dataset_híbrido\Face-Recognition Proyect\Dataset_aumentado\Nicole Kidman\Nicole_Kidman_38_proc_aug03.jpg,Nicole Kidman,9,Directo
C:\Users\joeyk\OneDrive\Desktop\CNN\Creación_de_Dataset_híbrido\Face-Recognition Proyect\Dataset_aumentado\Joey\Joey_178_proc.jpg,Joey,4,Directo
C:\Users\joeyk\OneDrive\Desktop\CNN\Creación_de_Dataset_híbrido\Face-Recognition Proyect\Dataset_aumentado\Kevin\Kevin_9_proc_aug03.jpg,Kevin,6,Directo
C:\Users\joeyk\OneDrive\Desktop\CNN\Creación_de_Dataset_híbrido\Face-Recognition Proyect\Dataset_aumentado\Kevin\Kevin_136_proc_aug02.jpg,Kevin,6,Directo
C:\Users\joeyk\OneDrive\Desktop\CNN\Creación_de_Dataset_híbrido\Face-Recognition Proyect\Dataset_aumentado\Israel\Israel_324_proc_aug01.jpg,Israel,2,Directo
C:\Users\joeyk\OneDrive\Desktop\CNN\Creación_de_Dataset_híbrido\Face-Recognition Proyect\Dataset_aumentado\Angelina Jolie\Angelina_Jolie_11_proc_aug02.jpg,Angelina Jolie,0,Directo
C:\Users\joeyk\OneDrive\Desktop\CNN\Creación_de_Dataset_híbrido\Face-Recognition Proyect\Dataset_aumentado\Joey\Joey_264_proc_aug02.jpg,Joey,4,Directo
C:\Users\joeyk\OneDrive\Desktop\CNN\Creación_de_Dataset_híbrido\Face-Recognition Proyect\Dataset_aumentado\Angelina Jolie\Angelina_Jolie_31_proc.jpg,Angelina Jolie,0,Directo
C:\Users\joeyk\OneDrive\Desktop\CNN\Creación_de_Dataset_híbrido\Face-Recognition Proyect\Dataset_aumentado\Natalie Portman\Natalie_Portman_80_proc_aug02.jpg,Natalie Portman,8,Directo
C:\Users\joeyk\OneDrive\Desktop\CNN\Creación_de_Dataset_híbrido\Face-Recognition Proyect\Dataset_aumentado\Brad Pitt\BradPitt_47_proc_aug03.jpg,Brad Pitt,1,Directo
C:\Users\joeyk\OneDrive\Desktop\CNN\Creación_de_Dataset_híbrido\Face-Recognition Proyect\Dataset_aumentado\Angelina Jolie\Angelina_Jolie_88_proc.jpg,Angelina Jolie,0,Directo
C:\Users\joeyk\OneDrive\Desktop\CNN\Creación_de_Dataset_híbrido\Face-Recognition Proyect\Dataset_aumentado\Leonardo DiCaprio\Leonardo_DiCaprio_62_proc_aug01.jpg,Leonardo DiCaprio,7,Directo
C:\Users\joeyk\OneDrive\Desktop\CNN\Creación_de_Dataset_híbrido\Face-Recognition Proyect\Dataset_aumentado\Brad Pitt\BradPitt_12_proc_aug02.jpg,Brad Pitt,1,Directo
C:\Users\joeyk\OneDrive\Desktop\CNN\Creación_de_Dataset_híbrido\Face-Recognition Proyect\Dataset_aumentado\Nicole Kidman\Nicole_Kidman_70_proc_aug03.jpg,Nicole Kidman,9,Directo
C:\Users\joeyk\OneDrive\Desktop\CNN\Creación_de_Dataset_híbrido\Face-Recognition Proyect\Dataset_aumentado\Leonardo DiCaprio\Leonardo_DiCaprio_13_proc.jpg,Leonardo DiCaprio,7,Directo
C:\Users\joeyk\OneDrive\Desktop\CNN\Creación_de_Dataset_híbrido\Face-Recognition Proyect\Dataset_aumentado\Leonardo DiCaprio\Leonardo_DiCaprio_17_proc_aug01.jpg,Leonardo DiCaprio,7,Directo
C:\Users\joeyk\OneDrive\Desktop\CNN\Creación_de_Dataset_híbrido\Face-Recognition Proyect\Dataset_aumentado\Kevin\Kevin_199_proc_aug03.jpg,Kevin,6,Directo
C:\Users\joeyk\OneDrive\Desktop\CNN\Creación_de_Dataset_híbrido\Face-Recognition Proyect\Dataset_aumentado\Israel\Israel_278_proc_aug02.jpg,Israel,2,Directo
C:\Users\joeyk\OneDrive\Desktop\CNN\Creación_de_Dataset_híbrido\Face-Recognition Proyect\Dataset_aumentado\Joey\Joey_264_proc.jpg,Joey,4,Directo
C:\Users\joeyk\OneDrive\Desktop\CNN\Creación_de_Dataset_híbrido\Face-Recognition Proyect\Dataset_aumentado\Kevin\Kevin_71_proc_aug03.jpg,Kevin,6,Directo
C:\Users\joeyk\OneDrive\Desktop\CNN\Creación_de_Dataset_híbrido\Face-Recognition Proyect\Dataset_aumentado\Joey\Joey_95_proc_aug01.jpg,Joey,4,Directo
C:\Users\joeyk\OneDrive\Desktop\CNN\Creación_de_Dataset_híbrido\Face-Recognition Proyect\Dataset_aumentado\Johnny Depp\Johnny_Depp_75_proc_aug02.jpg,Johnny Depp,5,Directo
C:\Users\joeyk\OneDrive\Desktop\CNN\Creación_de_Dataset_híbrido\Face-Recognition Proyect\Dataset_aumentado\Nicole Kidman\Nicole_Kidman_100_proc_aug01.jpg,Nicole Kidman,9,Directo
C:\Users\joeyk\OneDrive\Desktop\CNN\Creación_de_Dataset_híbrido\Face-Recognition Proyect\Dataset_aumentado\Brad Pitt\BradPitt_91_proc_aug02.jpg,Brad Pitt,1,Directo
C:\Users\joeyk\OneDrive\Desktop\CNN\Creación_de_Dataset_híbrido\Face-Recognition Proyect\Dataset_aumentado\Johnny Depp\Johnny_Depp_58_proc_aug02.jpg,Johnny Depp,5,Directo
C:\Users\joeyk\OneDrive\Desktop\CNN\Creación_de_Dataset_híbrido\Face-Recognition Proyect\Dataset_aumentado\Kevin\Kevin_155_proc_aug01.jpg,Kevin,6,Directo
C:\Users\joeyk\OneDrive\Desktop\CNN\Creación_de_Dataset_híbrido\Face-Recognition Proyect\Dataset_aumentado\Kevin\Kevin_101_proc_aug03.jpg,Kevin,6,Directo
C:\Users\joeyk\OneDrive\Desktop\CNN\Creación_de_Dataset_híbrido\Face-Recognition Proyect\Dataset_aumentado\Leonardo DiCaprio\Leonardo_DiCaprio_2_proc.jpg,Leonardo DiCaprio,7,Directo
C:\Users\joeyk\OneDrive\Desktop\CNN\Creación_de_Dataset_híbrido\Face-Recognition Proyect\Dataset_aumentado\Angelina Jolie\Angelina_Jolie_23_proc.jpg,Angelina Jolie,0,Directo
C:\Users\joeyk\OneDrive\Desktop\CNN\Creación_de_Dataset_híbrido\Face-Recognition Proyect\Dataset_aumentado\Nicole Kidman\Nicole_Kidman_11_proc_aug03.jpg,Nicole Kidman,9,Directo
C:\Users\joeyk\OneDrive\Desktop\CNN\Creación_de_Dataset_híbrido\Face-Recognition Proyect\Dataset_aumentado\Johnny Depp\Johnny_Depp_3_proc.jpg,Johnny Depp,5,Directo
C:\Users\joeyk\OneDrive\Desktop\CNN\Creación_de_Dataset_híbrido\Face-Recognition Proyect\Dataset_aumentado\Jennifer Lawrence\JenniferLawrence_39_proc_aug03.jpg,Jennifer Lawrence,3,Directo
C:\Users\joeyk\OneDrive\Desktop\CNN\Creación_de_Dataset_híbrido\Face-Recognition Proyect\Dataset_aumentado\Leonardo DiCaprio\Leonardo_DiCaprio_52_proc.jpg,Leonardo DiCaprio,7,Directo
C:\Users\joeyk\OneDrive\Desktop\CNN\Creación_de_Dataset_híbrido\Face-Recognition Proyect\Dataset_aumentado\Leonardo DiCaprio\Leonardo_DiCaprio_85_proc_aug01.jpg,Leonardo DiCaprio,7,Directo
C:\Users\joeyk\OneDrive\Desktop\CNN\Creación_de_Dataset_híbrido\Face-Recognition Proyect\Dataset_aumentado\Joey\Joey_82_proc_aug02.jpg,Joey,4,Directo
C:\Users\joeyk\OneDrive\Desktop\CNN\Creación_de_Dataset_híbrido\Face-Recognition Proyect\Dataset_aumentado\Kevin\Kevin_192_proc.jpg,Kevin,6,Directo
C:\Users\joeyk\OneDrive\Desktop\CNN\Creación_de_Dataset_híbrido\Face-Recognition Proyect\Dataset_aumentado\Kevin\Kevin_151_proc_aug03.jpg,Kevin,6,Directo
C:\Users\joeyk\OneDrive\Desktop\CNN\Creación_de_Dataset_híbrido\Face-Recognition Proyect\Dataset_aumentado\Joey\Joey_127_proc_aug03.jpg,Joey,4,Directo
C:\Users\joeyk\OneDrive\Desktop\CNN\Creación_de_Dataset_híbrido\Face-Recognition Proyect\Dataset_aumentado\Leonardo DiCaprio\Leonardo_DiCaprio_48_proc_aug02.jpg,Leonardo DiCaprio,7,Directo
C:\Users\joeyk\OneDrive\Desktop\CNN\Creación_de_Dataset_híbrido\Face-Recognition Proyect\Dataset_aumentado\Jennifer Lawrence\JenniferLawrence_51_proc.jpg,Jennifer Lawrence,3,Directo
C:\Users\joeyk\OneDrive\Desktop\CNN\Creación_de_Dataset_híbrido\Face-Recognition Proyect\Dataset_aumentado\Nicole Kidman\Nicole_Kidman_23_proc_aug03.jpg,Nicole Kidman,9,Directo
C:\Users\joeyk\OneDrive\Desktop\CNN\Creación_de_Dataset_híbrido\Face-Recognition Proyect\Dataset_aumentado\Kevin\Kevin_50_proc_aug02.jpg,Kevin,6,Directo
C:\Users\joeyk\OneDrive\Desktop\CNN\Creación_de_Dataset_híbrido\Face-Recognition Proyect\Dataset_aumentado\Brad Pitt\BradPitt_52_proc_aug01.jpg,Brad Pitt,1,Directo
C:\Users\joeyk\OneDrive\Desktop\CNN\Creación_de_Dataset_híbrido\Face-Recognition Proyect\Dataset_aumentado\Brad Pitt\BradPitt_83_proc_aug01.jpg,Brad Pitt,1,Directo
C:\Users\joeyk\OneDrive\Desktop\CNN\Creación_de_Dataset_híbrido\Face-Recognition Proyect\Dataset_aumentado\Johnny Depp\Johnny_Depp_71_proc.jpg,Johnny Depp,5,Directo
C:\Users\joeyk\OneDrive\Desktop\CNN\Creación_de_Dataset_híbrido\Face-Recognition Proyect\Dataset_aumentado\Nicole Kidman\Nicole_Kidman_2_proc_aug02.jpg,Nicole Kidman,9,Directo
C:\Users\joeyk\OneDrive\Desktop\CNN\Creación_de_Dataset_híbrido\Face-Recognition Proyect\Dataset_aumentado\Jennifer Lawrence\JenniferLawrence_53_proc.jpg,Jennifer Lawrence,3,Directo
C:\Users\joeyk\OneDrive\Desktop\CNN\Creación_de_Dataset_híbrido\Face-Recognition Proyect\Dataset_aumentado\Israel\Israel_271_proc_aug01.jpg,Israel,2,Directo
C:\Users\joeyk\OneDrive\Desktop\CNN\Creación_de_Dataset_híbrido\Face-Recognition Proyect\Dataset_aumentado\Johnny Depp\Johnny_Depp_70_proc.jpg,Johnny Depp,5,Directo
C:\Users\joeyk\OneDrive\Desktop\CNN\Creación_de_Dataset_híbrido\Face-Recognition Proyect\Dataset_aumentado\Israel\Israel_77_proc.jpg,Israel,2,Directo
C:\Users\joeyk\OneDrive\Desktop\CNN\Creación_de_Dataset_híbrido\Face-Recognition Proyect\Dataset_aumentado\Angelina Jolie\Angelina_Jolie_70_proc_aug03.jpg,Angelina Jolie,0,Directo
C:\Users\joeyk\OneDrive\Desktop\CNN\Creación_de_Dataset_híbrido\Face-Recognition Proyect\Dataset_aumentado\Kevin\Kevin_42_proc_aug01.jpg,Kevin,6,Directo
C:\Users\joeyk\OneDrive\Desktop\CNN\Creación_de_Dataset_híbrido\Face-Recognition Proyect\Dataset_aumentado\Joey\Joey_3_proc_aug01.jpg,Joey,4,Directo
C:\Users\joeyk\OneDrive\Desktop\CNN\Creación_de_Dataset_híbrido\Face-Recognition Proyect\Dataset_aumentado\Jennifer Lawrence\JenniferLawrence_25_proc_aug03.jpg,Jennifer Lawrence,3,Directo
C:\Users\joeyk\OneDrive\Desktop\CNN\Creación_de_Dataset_híbrido\Face-Recognition Proyect\Dataset_aumentado\Jennifer Lawrence\JenniferLawrence_13_proc.jpg,Jennifer Lawrence,3,Directo
C:\Users\joeyk\OneDrive\Desktop\CNN\Creación_de_Dataset_híbrido\Face-Recognition Proyect\Dataset_aumentado\Joey\Joey_182_proc.jpg,Joey,4,Directo
C:\Users\joeyk\OneDrive\Desktop\CNN\Creación_de_Dataset_híbrido\Face-Recognition Proyect\Dataset_aumentado\Natalie Portman\Natalie_Portman_80_proc_aug03.jpg,Natalie Portman,8,Directo
C:\Users\joeyk\OneDrive\Desktop\CNN\Creación_de_Dataset_híbrido\Face-Recognition Proyect\Dataset_aumentado\Angelina Jolie\Angelina_Jolie_70_proc_aug01.jpg,Angelina Jolie,0,Directo
C:\Users\joeyk\OneDrive\Desktop\CNN\Creación_de_Dataset_híbrido\Face-Recognition Proyect\Dataset_aumentado\Brad Pitt\BradPitt_79_proc_aug01.jpg,Brad Pitt,1,Directo
C:\Users\joeyk\OneDrive\Desktop\CNN\Creación_de_Dataset_híbrido\Face-Recognition Proyect\Dataset_aumentado\Kevin\Kevin_151_proc_aug02.jpg,Kevin,6,Directo
C:\Users\joeyk\OneDrive\Desktop\CNN\Creación_de_Dataset_híbrido\Face-Recognition Proyect\Dataset_aumentado\Israel\Israel_319_proc_aug03.jpg,Israel,2,Directo
C:\Users\joeyk\OneDrive\Desktop\CNN\Creación_de_Dataset_híbrido\Face-Recognition Proyect\Dataset_aumentado\Kevin\Kevin_71_proc_aug01.jpg,Kevin,6,Directo
C:\Users\joeyk\OneDrive\Desktop\CNN\Creación_de_Dataset_híbrido\Face-Recognition Proyect\Dataset_aumentado\Kevin\Kevin_128_proc_aug01.jpg,Kevin,6,Directo
C:\Users\joeyk\OneDrive\Desktop\CNN\Creación_de_Dataset_híbrido\Face-Recognition Proyect\Dataset_aumentado\Kevin\Kevin_211_proc_aug02.jpg,Kevin,6,Directo
C:\Users\joeyk\OneDrive\Desktop\CNN\Creación_de_Dataset_híbrido\Face-Recognition Proyect\Dataset_aumentado\Joey\Joey_67_proc_aug01.jpg,Joey,4,Directo
C:\Users\joeyk\OneDrive\Desktop\CNN\Creación_de_Dataset_híbrido\Face-Recognition Proyect\Dataset_aumentado\Joey\Joey_115_proc_aug02.jpg,Joey,4,Directo
C:\Users\joeyk\OneDrive\Desktop\CNN\Creación_de_Dataset_híbrido\Face-Recognition Proyect\Dataset_aumentado\Natalie Portman\Natalie_Portman_3_proc_aug03.jpg,Natalie Portman,8,Directo
C:\Users\joeyk\OneDrive\Desktop\CNN\Creación_de_Dataset_híbrido\Face-Recognition Proyect\Dataset_aumentado\Johnny Depp\Johnny_Depp_90_proc.jpg,Johnny Depp,5,Directo
C:\Users\joeyk\OneDrive\Desktop\CNN\Creación_de_Dataset_híbrido\Face-Recognition Proyect\Dataset_aumentado\Angelina Jolie\Angelina_Jolie_77_proc.jpg,Angelina Jolie,0,Directo
C:\Users\joeyk\OneDrive\Desktop\CNN\Creación_de_Dataset_híbrido\Face-Recognition Proyect\Dataset_aumentado\Israel\Israel_334_proc.jpg,Israel,2,Directo
C:\Users\joeyk\OneDrive\Desktop\CNN\Creación_de_Dataset_híbrido\Face-Recognition Proyect\Dataset_aumentado\Kevin\Kevin_55_proc_aug03.jpg,Kevin,6,Directo
C:\Users\joeyk\OneDrive\Desktop\CNN\Creación_de_Dataset_híbrido\Face-Recognition Proyect\Dataset_aumentado\Angelina Jolie\Angelina_Jolie_52_proc_aug01.jpg,Angelina Jolie,0,Directo
C:\Users\joeyk\OneDrive\Desktop\CNN\Creación_de_Dataset_híbrido\Face-Recognition Proyect\Dataset_aumentado\Israel\Israel_294_proc_aug01.jpg,Israel,2,Directo
C:\Users\joeyk\OneDrive\Desktop\CNN\Creación_de_Dataset_híbrido\Face-Recognition Proyect\Dataset_aumentado\Israel\Israel_89_proc_aug01.jpg,Israel,2,Directo
C:\Users\joeyk\OneDrive\Desktop\CNN\Creación_de_Dataset_híbrido\Face-Recognition Proyect\Dataset_aumentado\Brad Pitt\BradPitt_33_proc_aug02.jpg,Brad Pitt,1,Directo
C:\Users\joeyk\OneDrive\Desktop\CNN\Creación_de_Dataset_híbrido\Face-Recognition Proyect\Dataset_aumentado\Kevin\Kevin_140_proc.jpg,Kevin,6,Directo
C:\Users\joeyk\OneDrive\Desktop\CNN\Creación_de_Dataset_híbrido\Face-Recognition Proyect\Dataset_aumentado\Israel\Israel_241_proc_aug01.jpg,Israel,2,Directo
C:\Users\joeyk\OneDrive\Desktop\CNN\Creación_de_Dataset_híbrido\Face-Recognition Proyect\Dataset_aumentado\Natalie Portman\Natalie_Portman_75_proc_aug02.jpg,Natalie Portman,8,Directo
C:\Users\joeyk\OneDrive\Desktop\CNN\Creación_de_Dataset_híbrido\Face-Recognition Proyect\Dataset_aumentado\Joey\Joey_167_proc_aug01.jpg,Joey,4,Directo
C:\Users\joeyk\OneDrive\Desktop\CNN\Creación_de_Dataset_híbrido\Face-Recognition Proyect\Dataset_aumentado\Israel\Israel_167_proc_aug02.jpg,Israel,2,Directo
C:\Users\joeyk\OneDrive\Desktop\CNN\Creación_de_Dataset_híbrido\Face-Recognition Proyect\Dataset_aumentado\Israel\Israel_79_proc_aug03.jpg,Israel,2,Directo
C:\Users\joeyk\OneDrive\Desktop\CNN\Creación_de_Dataset_híbrido\Face-Recognition Proyect\Dataset_aumentado\Brad Pitt\BradPitt_20_proc_aug01.jpg,Brad Pitt,1,Directo
C:\Users\joeyk\OneDrive\Desktop\CNN\Creación_de_Dataset_híbrido\Face-Recognition Proyect\Dataset_aumentado\Kevin\Kevin_113_proc_aug03.jpg,Kevin,6,Directo
C:\Users\joeyk\OneDrive\Desktop\CNN\Creación_de_Dataset_híbrido\Face-Recognition Proyect\Dataset_aumentado\Kevin\Kevin_38_proc_aug01.jpg,Kevin,6,Directo
C:\Users\joeyk\OneDrive\Desktop\CNN\Creación_de_Dataset_híbrido\Face-Recognition Proyect\Dataset_aumentado\Brad Pitt\BradPitt_74_proc_aug03.jpg,Brad Pitt,1,Directo
C:\Users\joeyk\OneDrive\Desktop\CNN\Creación_de_Dataset_híbrido\Face-Recognition Proyect\Dataset_aumentado\Kevin\Kevin_133_proc_aug01.jpg,Kevin,6,Directo
C:\Users\joeyk\OneDrive\Desktop\CNN\Creación_de_Dataset_híbrido\Face-Recognition Proyect\Dataset_aumentado\Israel\Israel_267_proc_aug01.jpg,Israel,2,Directo
C:\Users\joeyk\OneDrive\Desktop\CNN\Creación_de_Dataset_híbrido\Face-Recognition Proyect\Dataset_aumentado\Kevin\Kevin_35_proc_aug01.jpg,Kevin,6,Directo
C:\Users\joeyk\OneDrive\Desktop\CNN\Creación_de_Dataset_híbrido\Face-Recognition Proyect\Dataset_aumentado\Joey\Joey_277_proc_aug01.jpg,Joey,4,Directo
C:\Users\joeyk\OneDrive\Desktop\CNN\Creación_de_Dataset_híbrido\Face-Recognition Proyect\Dataset_aumentado\Kevin\Kevin_57_proc_aug02.jpg,Kevin,6,Directo
C:\Users\joeyk\OneDrive\Desktop\CNN\Creación_de_Dataset_híbrido\Face-Recognition Proyect\Dataset_aumentado\Israel\Israel_111_proc_aug02.jpg,Israel,2,Directo
C:\Users\joeyk\OneDrive\Desktop\CNN\Creación_de_Dataset_híbrido\Face-Recognition Proyect\Dataset_aumentado\Brad Pitt\BradPitt_16_proc.jpg,Brad Pitt,1,Directo
C:\Users\joeyk\OneDrive\Desktop\CNN\Creación_de_Dataset_híbrido\Face-Recognition Proyect\Dataset_aumentado\Israel\Israel_212_proc_aug01.jpg,Israel,2,Directo
C:\Users\joeyk\OneDrive\Desktop\CNN\Creación_de_Dataset_híbrido\Face-Recognition Proyect\Dataset_aumentado\Angelina Jolie\Angelina_Jolie_81_proc_aug01.jpg,Angelina Jolie,0,Directo
C:\Users\joeyk\OneDrive\Desktop\CNN\Creación_de_Dataset_híbrido\Face-Recognition Proyect\Dataset_aumentado\Jennifer Lawrence\JenniferLawrence_51_proc_aug02.jpg,Jennifer Lawrence,3,Directo
C:\Users\joeyk\OneDrive\Desktop\CNN\Creación_de_Dataset_híbrido\Face-Recognition Proyect\Dataset_aumentado\Johnny Depp\Johnny_Depp_50_proc_aug03.jpg,Johnny Depp,5,Directo
C:\Users\joeyk\OneDrive\Desktop\CNN\Creación_de_Dataset_híbrido\Face-Recognition Proyect\Dataset_aumentado\Israel\Israel_214_proc_aug03.jpg,Israel,2,Directo
C:\Users\joeyk\OneDrive\Desktop\CNN\Creación_de_Dataset_híbrido\Face-Recognition Proyect\Dataset_aumentado\Johnny Depp\Johnny_Depp_29_proc_aug03.jpg,Johnny Depp,5,Directo
C:\Users\joeyk\OneDrive\Desktop\CNN\Creación_de_Dataset_híbrido\Face-Recognition Proyect\Dataset_aumentado\Brad Pitt\BradPitt_97_proc.jpg,Brad Pitt,1,Directo
C:\Users\joeyk\OneDrive\Desktop\CNN\Creación_de_Dataset_híbrido\Face-Recognition Proyect\Dataset_aumentado\Nicole Kidman\Nicole_Kidman_7_proc_aug02.jpg,Nicole Kidman,9,Directo
C:\Users\joeyk\OneDrive\Desktop\CNN\Creación_de_Dataset_híbrido\Face-Recognition Proyect\Dataset_aumentado\Jennifer Lawrence\JenniferLawrence_69_proc_aug01.jpg,Jennifer Lawrence,3,Directo
C:\Users\joeyk\OneDrive\Desktop\CNN\Creación_de_Dataset_híbrido\Face-Recognition Proyect\Dataset_aumentado\Israel\Israel_192_proc.jpg,Israel,2,Directo
C:\Users\joeyk\OneDrive\Desktop\CNN\Creación_de_Dataset_híbrido\Face-Recognition Proyect\Dataset_aumentado\Natalie Portman\Natalie_Portman_42_proc_aug03.jpg,Natalie Portman,8,Directo
C:\Users\joeyk\OneDrive\Desktop\CNN\Creación_de_Dataset_híbrido\Face-Recognition Proyect\Dataset_aumentado\Leonardo DiCaprio\Leonardo_DiCaprio_93_proc.jpg,Leonardo DiCaprio,7,Directo
C:\Users\joeyk\OneDrive\Desktop\CNN\Creación_de_Dataset_híbrido\Face-Recognition Proyect\Dataset_aumentado\Johnny Depp\Johnny_Depp_14_proc_aug03.jpg,Johnny Depp,5,Directo
C:\Users\joeyk\OneDrive\Desktop\CNN\Creación_de_Dataset_híbrido\Face-Recognition Proyect\Dataset_aumentado\Joey\Joey_70_proc.jpg,Joey,4,Directo
C:\Users\joeyk\OneDrive\Desktop\CNN\Creación_de_Dataset_híbrido\Face-Recognition Proyect\Dataset_aumentado\Israel\Israel_236_proc_aug03.jpg,Israel,2,Directo
C:\Users\joeyk\OneDrive\Desktop\CNN\Creación_de_Dataset_híbrido\Face-Recognition Proyect\Dataset_aumentado\Kevin\Kevin_99_proc_aug03.jpg,Kevin,6,Directo
C:\Users\joeyk\OneDrive\Desktop\CNN\Creación_de_Dataset_híbrido\Face-Recognition Proyect\Dataset_aumentado\Joey\Joey_124_proc_aug01.jpg,Joey,4,Directo
C:\Users\joeyk\OneDrive\Desktop\CNN\Creación_de_Dataset_híbrido\Face-Recognition Proyect\Dataset_aumentado\Joey\Joey_255_proc_aug01.jpg,Joey,4,Directo
C:\Users\joeyk\OneDrive\Desktop\CNN\Creación_de_Dataset_híbrido\Face-Recognition Proyect\Dataset_aumentado\Natalie Portman\Natalie_Portman_93_proc.jpg,Natalie Portman,8,Directo
C:\Users\joeyk\OneDrive\Desktop\CNN\Creación_de_Dataset_híbrido\Face-Recognition Proyect\Dataset_aumentado\Johnny Depp\Johnny_Depp_93_proc.jpg,Johnny Depp,5,Directo
C:\Users\joeyk\OneDrive\Desktop\CNN\Creación_de_Dataset_híbrido\Face-Recognition Proyect\Dataset_aumentado\Angelina Jolie\Angelina_Jolie_48_proc_aug01.jpg,Angelina Jolie,0,Directo
C:\Users\joeyk\OneDrive\Desktop\CNN\Creación_de_Dataset_híbrido\Face-Recognition Proyect\Dataset_aumentado\Joey\Joey_97_proc_aug02.jpg,Joey,4,Directo
C:\Users\joeyk\OneDrive\Desktop\CNN\Creación_de_Dataset_híbrido\Face-Recognition Proyect\Dataset_aumentado\Joey\Joey_260_proc_aug03.jpg,Joey,4,Directo
C:\Users\joeyk\OneDrive\Desktop\CNN\Creación_de_Dataset_híbrido\Face-Recognition Proyect\Dataset_aumentado\Joey\Joey_161_proc_aug02.jpg,Joey,4,Directo
C:\Users\joeyk\OneDrive\Desktop\CNN\Creación_de_Dataset_híbrido\Face-Recognition Proyect\Dataset_aumentado\Israel\Israel_224_proc_aug01.jpg,Israel,2,Directo
C:\Users\joeyk\OneDrive\Desktop\CNN\Creación_de_Dataset_híbrido\Face-Recognition Proyect\Dataset_aumentado\Nicole Kidman\Nicole_Kidman_35_proc.jpg,Nicole Kidman,9,Directo
C:\Users\joeyk\OneDrive\Desktop\CNN\Creación_de_Dataset_híbrido\Face-Recognition Proyect\Dataset_aumentado\Nicole Kidman\Nicole_Kidman_41_proc_aug01.jpg,Nicole Kidman,9,Directo
C:\Users\joeyk\OneDrive\Desktop\CNN\Creación_de_Dataset_híbrido\Face-Recognition Proyect\Dataset_aumentado\Joey\Joey_235_proc_aug01.jpg,Joey,4,Directo
C:\Users\joeyk\OneDrive\Desktop\CNN\Creación_de_Dataset_híbrido\Face-Recognition Proyect\Dataset_aumentado\Israel\Israel_232_proc_aug01.jpg,Israel,2,Directo
C:\Users\joeyk\OneDrive\Desktop\CNN\Creación_de_Dataset_híbrido\Face-Recognition Proyect\Dataset_aumentado\Israel\Israel_185_proc_aug03.jpg,Israel,2,Directo
C:\Users\joeyk\OneDrive\Desktop\CNN\Creación_de_Dataset_híbrido\Face-Recognition Proyect\Dataset_aumentado\Kevin\Kevin_76_proc_aug02.jpg,Kevin,6,Directo
C:\Users\joeyk\OneDrive\Desktop\CNN\Creación_de_Dataset_híbrido\Face-Recognition Proyect\Dataset_aumentado\Johnny Depp\Johnny_Depp_72_proc_aug03.jpg,Johnny Depp,5,Directo
C:\Users\joeyk\OneDrive\Desktop\CNN\Creación_de_Dataset_híbrido\Face-Recognition Proyect\Dataset_aumentado\Israel\Israel_26_proc_aug02.jpg,Israel,2,Directo
C:\Users\joeyk\OneDrive\Desktop\CNN\Creación_de_Dataset_híbrido\Face-Recognition Proyect\Dataset_aumentado\Johnny Depp\Johnny_Depp_45_proc_aug03.jpg,Johnny Depp,5,Directo
C:\Users\joeyk\OneDrive\Desktop\CNN\Creación_de_Dataset_híbrido\Face-Recognition Proyect\Dataset_aumentado\Natalie Portman\Natalie_Portman_28_proc_aug01.jpg,Natalie Portman,8,Directo
C:\Users\joeyk\OneDrive\Desktop\CNN\Creación_de_Dataset_híbrido\Face-Recognition Proyect\Dataset_aumentado\Jennifer Lawrence\JenniferLawrence_53_proc_aug01.jpg,Jennifer Lawrence,3,Directo
C:\Users\joeyk\OneDrive\Desktop\CNN\Creación_de_Dataset_híbrido\Face-Recognition Proyect\Dataset_aumentado\Angelina Jolie\Angelina_Jolie_30_proc_aug02.jpg,Angelina Jolie,0,Directo
C:\Users\joeyk\OneDrive\Desktop\CNN\Creación_de_Dataset_híbrido\Face-Recognition Proyect\Dataset_aumentado\Natalie Portman\Natalie_Portman_96_proc_aug01.jpg,Natalie Portman,8,Directo
C:\Users\joeyk\OneDrive\Desktop\CNN\Creación_de_Dataset_híbrido\Face-Recognition Proyect\Dataset_aumentado\Israel\Israel_249_proc_aug02.jpg,Israel,2,Directo
C:\Users\joeyk\OneDrive\Desktop\CNN\Creación_de_Dataset_híbrido\Face-Recognition Proyect\Dataset_aumentado\Johnny Depp\Johnny_Depp_29_proc_aug02.jpg,Johnny Depp,5,Directo
C:\Users\joeyk\OneDrive\Desktop\CNN\Creación_de_Dataset_híbrido\Face-Recognition Proyect\Dataset_aumentado\Kevin\Kevin_205_proc_aug02.jpg,Kevin,6,Directo
C:\Users\joeyk\OneDrive\Desktop\CNN\Creación_de_Dataset_híbrido\Face-Recognition Proyect\Dataset_aumentado\Natalie Portman\Natalie_Portman_4_proc_aug01.jpg,Natalie Portman,8,Directo
C:\Users\joeyk\OneDrive\Desktop\CNN\Creación_de_Dataset_híbrido\Face-Recognition Proyect\Dataset_aumentado\Israel\Israel_198_proc_aug02.jpg,Israel,2,Directo
C:\Users\joeyk\OneDrive\Desktop\CNN\Creación_de_Dataset_híbrido\Face-Recognition Proyect\Dataset_aumentado\Johnny Depp\Johnny_Depp_8_proc_aug02.jpg,Johnny Depp,5,Directo
C:\Users\joeyk\OneDrive\Desktop\CNN\Creación_de_Dataset_híbrido\Face-Recognition Proyect\Dataset_aumentado\Leonardo DiCaprio\Leonardo_DiCaprio_51_proc_aug01.jpg,Leonardo DiCaprio,7,Directo
C:\Users\joeyk\OneDrive\Desktop\CNN\Creación_de_Dataset_híbrido\Face-Recognition Proyect\Dataset_aumentado\Israel\Israel_189_proc_aug01.jpg,Israel,2,Directo
C:\Users\joeyk\OneDrive\Desktop\CNN\Creación_de_Dataset_híbrido\Face-Recognition Proyect\Dataset_aumentado\Brad Pitt\BradPitt_17_proc_aug01.jpg,Brad Pitt,1,Directo
C:\Users\joeyk\OneDrive\Desktop\CNN\Creación_de_Dataset_híbrido\Face-Recognition Proyect\Dataset_aumentado\Nicole Kidman\Nicole_Kidman_41_proc_aug02.jpg,Nicole Kidman,9,Directo
C:\Users\joeyk\OneDrive\Desktop\CNN\Creación_de_Dataset_híbrido\Face-Recognition Proyect\Dataset_aumentado\Joey\Joey_217_proc_aug03.jpg,Joey,4,Directo
C:\Users\joeyk\OneDrive\Desktop\CNN\Creación_de_Dataset_híbrido\Face-Recognition Proyect\Dataset_aumentado\Brad Pitt\BradPitt_86_proc_aug02.jpg,Brad Pitt,1,Directo
C:\Users\joeyk\OneDrive\Desktop\CNN\Creación_de_Dataset_híbrido\Face-Recognition Proyect\Dataset_aumentado\Joey\Joey_145_proc_aug02.jpg,Joey,4,Directo
C:\Users\joeyk\OneDrive\Desktop\CNN\Creación_de_Dataset_híbrido\Face-Recognition Proyect\Dataset_aumentado\Brad Pitt\BradPitt_29_proc_aug02.jpg,Brad Pitt,1,Directo
C:\Users\joeyk\OneDrive\Desktop\CNN\Creación_de_Dataset_híbrido\Face-Recognition Proyect\Dataset_aumentado\Israel\Israel_268_proc_aug01.jpg,Israel,2,Directo
C:\Users\joeyk\OneDrive\Desktop\CNN\Creación_de_Dataset_híbrido\Face-Recognition Proyect\Dataset_aumentado\Angelina Jolie\Angelina_Jolie_40_proc_aug03.jpg,Angelina Jolie,0,Directo
C:\Users\joeyk\OneDrive\Desktop\CNN\Creación_de_Dataset_híbrido\Face-Recognition Proyect\Dataset_aumentado\Israel\Israel_326_proc_aug03.jpg,Israel,2,Directo
C:\Users\joeyk\OneDrive\Desktop\CNN\Creación_de_Dataset_híbrido\Face-Recognition Proyect\Dataset_aumentado\Joey\Joey_115_proc.jpg,Joey,4,Directo
C:\Users\joeyk\OneDrive\Desktop\CNN\Creación_de_Dataset_híbrido\Face-Recognition Proyect\Dataset_aumentado\Israel\Israel_15_proc_aug01.jpg,Israel,2,Directo
C:\Users\joeyk\OneDrive\Desktop\CNN\Creación_de_Dataset_híbrido\Face-Recognition Proyect\Dataset_aumentado\Israel\Israel_195_proc_aug03.jpg,Israel,2,Directo
C:\Users\joeyk\OneDrive\Desktop\CNN\Creación_de_Dataset_híbrido\Face-Recognition Proyect\Dataset_aumentado\Kevin\Kevin_38_proc_aug02.jpg,Kevin,6,Directo
C:\Users\joeyk\OneDrive\Desktop\CNN\Creación_de_Dataset_híbrido\Face-Recognition Proyect\Dataset_aumentado\Kevin\Kevin_58_proc_aug02.jpg,Kevin,6,Directo
C:\Users\joeyk\OneDrive\Desktop\CNN\Creación_de_Dataset_híbrido\Face-Recognition Proyect\Dataset_aumentado\Joey\Joey_146_proc_aug02.jpg,Joey,4,Directo
C:\Users\joeyk\OneDrive\Desktop\CNN\Creación_de_Dataset_híbrido\Face-Recognition Proyect\Dataset_aumentado\Joey\Joey_141_proc_aug01.jpg,Joey,4,Directo
C:\Users\joeyk\OneDrive\Desktop\CNN\Creación_de_Dataset_híbrido\Face-Recognition Proyect\Dataset_aumentado\Kevin\Kevin_153_proc_aug03.jpg,Kevin,6,Directo
C:\Users\joeyk\OneDrive\Desktop\CNN\Creación_de_Dataset_híbrido\Face-Recognition Proyect\Dataset_aumentado\Brad Pitt\BradPitt_35_proc.jpg,Brad Pitt,1,Directo
C:\Users\joeyk\OneDrive\Desktop\CNN\Creación_de_Dataset_híbrido\Face-Recognition Proyect\Dataset_aumentado\Kevin\Kevin_82_proc_aug02.jpg,Kevin,6,Directo
C:\Users\joeyk\OneDrive\Desktop\CNN\Creación_de_Dataset_híbrido\Face-Recognition Proyect\Dataset_aumentado\Israel\Israel_170_proc_aug02.jpg,Israel,2,Directo
C:\Users\joeyk\OneDrive\Desktop\CNN\Creación_de_Dataset_híbrido\Face-Recognition Proyect\Dataset_aumentado\Leonardo DiCaprio\Leonardo_DiCaprio_62_proc_aug03.jpg,Leonardo DiCaprio,7,Directo
C:\Users\joeyk\OneDrive\Desktop\CNN\Creación_de_Dataset_híbrido\Face-Recognition Proyect\Dataset_aumentado\Natalie Portman\Natalie_Portman_24_proc.jpg,Natalie Portman,8,Directo
C:\Users\joeyk\OneDrive\Desktop\CNN\Creación_de_Dataset_híbrido\Face-Recognition Proyect\Dataset_aumentado\Kevin\Kevin_13_proc.jpg,Kevin,6,Directo
C:\Users\joeyk\OneDrive\Desktop\CNN\Creación_de_Dataset_híbrido\Face-Recognition Proyect\Dataset_aumentado\Joey\Joey_141_proc.jpg,Joey,4,Directo
C:\Users\joeyk\OneDrive\Desktop\CNN\Creación_de_Dataset_híbrido\Face-Recognition Proyect\Dataset_aumentado\Natalie Portman\Natalie_Portman_35_proc_aug03.jpg,Natalie Portman,8,Directo
C:\Users\joeyk\OneDrive\Desktop\CNN\Creación_de_Dataset_híbrido\Face-Recognition Proyect\Dataset_aumentado\Israel\Israel_217_proc_aug02.jpg,Israel,2,Directo
C:\Users\joeyk\OneDrive\Desktop\CNN\Creación_de_Dataset_híbrido\Face-Recognition Proyect\Dataset_aumentado\Kevin\Kevin_108_proc_aug01.jpg,Kevin,6,Directo
C:\Users\joeyk\OneDrive\Desktop\CNN\Creación_de_Dataset_híbrido\Face-Recognition Proyect\Dataset_aumentado\Israel\Israel_319_proc_aug02.jpg,Israel,2,Directo
C:\Users\joeyk\OneDrive\Desktop\CNN\Creación_de_Dataset_híbrido\Face-Recognition Proyect\Dataset_aumentado\Joey\Joey_281_proc.jpg,Joey,4,Directo
C:\Users\joeyk\OneDrive\Desktop\CNN\Creación_de_Dataset_híbrido\Face-Recognition Proyect\Dataset_aumentado\Joey\Joey_32_proc_aug02.jpg,Joey,4,Directo
C:\Users\joeyk\OneDrive\Desktop\CNN\Creación_de_Dataset_híbrido\Face-Recognition Proyect\Dataset_aumentado\Israel\Israel_333_proc_aug02.jpg,Israel,2,Directo
C:\Users\joeyk\OneDrive\Desktop\CNN\Creación_de_Dataset_híbrido\Face-Recognition Proyect\Dataset_aumentado\Joey\Joey_128_proc_aug03.jpg,Joey,4,Directo
C:\Users\joeyk\OneDrive\Desktop\CNN\Creación_de_Dataset_híbrido\Face-Recognition Proyect\Dataset_aumentado\Leonardo DiCaprio\Leonardo_DiCaprio_74_proc.jpg,Leonardo DiCaprio,7,Directo
C:\Users\joeyk\OneDrive\Desktop\CNN\Creación_de_Dataset_híbrido\Face-Recognition Proyect\Dataset_aumentado\Israel\Israel_296_proc_aug02.jpg,Israel,2,Directo
C:\Users\joeyk\OneDrive\Desktop\CNN\Creación_de_Dataset_híbrido\Face-Recognition Proyect\Dataset_aumentado\Israel\Israel_199_proc_aug02.jpg,Israel,2,Directo
C:\Users\joeyk\OneDrive\Desktop\CNN\Creación_de_Dataset_híbrido\Face-Recognition Proyect\Dataset_aumentado\Leonardo DiCaprio\Leonardo_DiCaprio_9_proc_aug01.jpg,Leonardo DiCaprio,7,Directo
C:\Users\joeyk\OneDrive\Desktop\CNN\Creación_de_Dataset_híbrido\Face-Recognition Proyect\Dataset_aumentado\Israel\Israel_155_proc.jpg,Israel,2,Directo
C:\Users\joeyk\OneDrive\Desktop\CNN\Creación_de_Dataset_híbrido\Face-Recognition Proyect\Dataset_aumentado\Israel\Israel_243_proc_aug02.jpg,Israel,2,Directo
C:\Users\joeyk\OneDrive\Desktop\CNN\Creación_de_Dataset_híbrido\Face-Recognition Proyect\Dataset_aumentado\Angelina Jolie\Angelina_Jolie_96_proc.jpg,Angelina Jolie,0,Directo
C:\Users\joeyk\OneDrive\Desktop\CNN\Creación_de_Dataset_híbrido\Face-Recognition Proyect\Dataset_aumentado\Joey\Joey_134_proc_aug03.jpg,Joey,4,Directo
C:\Users\joeyk\OneDrive\Desktop\CNN\Creación_de_Dataset_híbrido\Face-Recognition Proyect\Dataset_aumentado\Leonardo DiCaprio\Leonardo_DiCaprio_29_proc_aug01.jpg,Leonardo DiCaprio,7,Directo
C:\Users\joeyk\OneDrive\Desktop\CNN\Creación_de_Dataset_híbrido\Face-Recognition Proyect\Dataset_aumentado\Joey\Joey_3_proc.jpg,Joey,4,Directo
C:\Users\joeyk\OneDrive\Desktop\CNN\Creación_de_Dataset_híbrido\Face-Recognition Proyect\Dataset_aumentado\Joey\Joey_78_proc_aug03.jpg,Joey,4,Directo
C:\Users\joeyk\OneDrive\Desktop\CNN\Creación_de_Dataset_híbrido\Face-Recognition Proyect\Dataset_aumentado\Natalie Portman\Natalie_Portman_11_proc_aug02.jpg,Natalie Portman,8,Directo
C:\Users\joeyk\OneDrive\Desktop\CNN\Creación_de_Dataset_híbrido\Face-Recognition Proyect\Dataset_aumentado\Nicole Kidman\Nicole_Kidman_10_proc_aug02.jpg,Nicole Kidman,9,Directo
C:\Users\joeyk\OneDrive\Desktop\CNN\Creación_de_Dataset_híbrido\Face-Recognition Proyect\Dataset_aumentado\Nicole Kidman\Nicole_Kidman_20_proc_aug03.jpg,Nicole Kidman,9,Directo
C:\Users\joeyk\OneDrive\Desktop\CNN\Creación_de_Dataset_híbrido\Face-Recognition Proyect\Dataset_aumentado\Natalie Portman\Natalie_Portman_71_proc_aug02.jpg,Natalie Portman,8,Directo
C:\Users\joeyk\OneDrive\Desktop\CNN\Creación_de_Dataset_híbrido\Face-Recognition Proyect\Dataset_aumentado\Joey\Joey_26_proc_aug03.jpg,Joey,4,Directo
C:\Users\joeyk\OneDrive\Desktop\CNN\Creación_de_Dataset_híbrido\Face-Recognition Proyect\Dataset_aumentado\Joey\Joey_51_proc_aug03.jpg,Joey,4,Directo
C:\Users\joeyk\OneDrive\Desktop\CNN\Creación_de_Dataset_híbrido\Face-Recognition Proyect\Dataset_aumentado\Kevin\Kevin_69_proc_aug02.jpg,Kevin,6,Directo
C:\Users\joeyk\OneDrive\Desktop\CNN\Creación_de_Dataset_híbrido\Face-Recognition Proyect\Dataset_aumentado\Joey\Joey_121_proc_aug02.jpg,Joey,4,Directo
C:\Users\joeyk\OneDrive\Desktop\CNN\Creación_de_Dataset_híbrido\Face-Recognition Proyect\Dataset_aumentado\Angelina Jolie\Angelina_Jolie_24_proc.jpg,Angelina Jolie,0,Directo
C:\Users\joeyk\OneDrive\Desktop\CNN\Creación_de_Dataset_híbrido\Face-Recognition Proyect\Dataset_aumentado\Joey\Joey_173_proc.jpg,Joey,4,Directo
C:\Users\joeyk\OneDrive\Desktop\CNN\Creación_de_Dataset_híbrido\Face-Recognition Proyect\Dataset_aumentado\Angelina Jolie\Angelina_Jolie_79_proc_aug02.jpg,Angelina Jolie,0,Directo
C:\Users\joeyk\OneDrive\Desktop\CNN\Creación_de_Dataset_híbrido\Face-Recognition Proyect\Dataset_aumentado\Joey\Joey_183_proc.jpg,Joey,4,Directo
C:\Users\joeyk\OneDrive\Desktop\CNN\Creación_de_Dataset_híbrido\Face-Recognition Proyect\Dataset_aumentado\Natalie Portman\Natalie_Portman_40_proc.jpg,Natalie Portman,8,Directo
C:\Users\joeyk\OneDrive\Desktop\CNN\Creación_de_Dataset_híbrido\Face-Recognition Proyect\Dataset_aumentado\Kevin\Kevin_133_proc.jpg,Kevin,6,Directo
C:\Users\joeyk\OneDrive\Desktop\CNN\Creación_de_Dataset_híbrido\Face-Recognition Proyect\Dataset_aumentado\Natalie Portman\Natalie_Portman_39_proc_aug03.jpg,Natalie Portman,8,Directo
C:\Users\joeyk\OneDrive\Desktop\CNN\Creación_de_Dataset_híbrido\Face-Recognition Proyect\Dataset_aumentado\Kevin\Kevin_97_proc_aug02.jpg,Kevin,6,Directo
C:\Users\joeyk\OneDrive\Desktop\CNN\Creación_de_Dataset_híbrido\Face-Recognition Proyect\Dataset_aumentado\Israel\Israel_152_proc.jpg,Israel,2,Directo
C:\Users\joeyk\OneDrive\Desktop\CNN\Creación_de_Dataset_híbrido\Face-Recognition Proyect\Dataset_aumentado\Israel\Israel_112_proc_aug03.jpg,Israel,2,Directo
C:\Users\joeyk\OneDrive\Desktop\CNN\Creación_de_Dataset_híbrido\Face-Recognition Proyect\Dataset_aumentado\Brad Pitt\BradPitt_87_proc.jpg,Brad Pitt,1,Directo
C:\Users\joeyk\OneDrive\Desktop\CNN\Creación_de_Dataset_híbrido\Face-Recognition Proyect\Dataset_aumentado\Natalie Portman\Natalie_Portman_69_proc.jpg,Natalie Portman,8,Directo
C:\Users\joeyk\OneDrive\Desktop\CNN\Creación_de_Dataset_híbrido\Face-Recognition Proyect\Dataset_aumentado\Brad Pitt\BradPitt_67_proc_aug03.jpg,Brad Pitt,1,Directo
C:\Users\joeyk\OneDrive\Desktop\CNN\Creación_de_Dataset_híbrido\Face-Recognition Proyect\Dataset_aumentado\Leonardo DiCaprio\Leonardo_DiCaprio_69_proc_aug02.jpg,Leonardo DiCaprio,7,Directo
C:\Users\joeyk\OneDrive\Desktop\CNN\Creación_de_Dataset_híbrido\Face-Recognition Proyect\Dataset_aumentado\Israel\Israel_280_proc.jpg,Israel,2,Directo
C:\Users\joeyk\OneDrive\Desktop\CNN\Creación_de_Dataset_híbrido\Face-Recognition Proyect\Dataset_aumentado\Brad Pitt\BradPitt_66_proc_aug03.jpg,Brad Pitt,1,Directo
C:\Users\joeyk\OneDrive\Desktop\CNN\Creación_de_Dataset_híbrido\Face-Recognition Proyect\Dataset_aumentado\Israel\Israel_154_proc_aug02.jpg,Israel,2,Directo
C:\Users\joeyk\OneDrive\Desktop\CNN\Creación_de_Dataset_híbrido\Face-Recognition Proyect\Dataset_aumentado\Jennifer Lawrence\JenniferLawrence_19_proc_aug03.jpg,Jennifer Lawrence,3,Directo
C:\Users\joeyk\OneDrive\Desktop\CNN\Creación_de_Dataset_híbrido\Face-Recognition Proyect\Dataset_aumentado\Kevin\Kevin_13_proc_aug01.jpg,Kevin,6,Directo
C:\Users\joeyk\OneDrive\Desktop\CNN\Creación_de_Dataset_híbrido\Face-Recognition Proyect\Dataset_aumentado\Leonardo DiCaprio\Leonardo_DiCaprio_47_proc_aug02.jpg,Leonardo DiCaprio,7,Directo
C:\Users\joeyk\OneDrive\Desktop\CNN\Creación_de_Dataset_híbrido\Face-Recognition Proyect\Dataset_aumentado\Israel\Israel_255_proc_aug01.jpg,Israel,2,Directo
C:\Users\joeyk\OneDrive\Desktop\CNN\Creación_de_Dataset_híbrido\Face-Recognition Proyect\Dataset_aumentado\Johnny Depp\Johnny_Depp_70_proc_aug01.jpg,Johnny Depp,5,Directo
C:\Users\joeyk\OneDrive\Desktop\CNN\Creación_de_Dataset_híbrido\Face-Recognition Proyect\Dataset_aumentado\Brad Pitt\BradPitt_50_proc_aug03.jpg,Brad Pitt,1,Directo
C:\Users\joeyk\OneDrive\Desktop\CNN\Creación_de_Dataset_híbrido\Face-Recognition Proyect\Dataset_aumentado\Jennifer Lawrence\JenniferLawrence_76_proc_aug02.jpg,Jennifer Lawrence,3,Directo
C:\Users\joeyk\OneDrive\Desktop\CNN\Creación_de_Dataset_híbrido\Face-Recognition Proyect\Dataset_aumentado\Israel\Israel_225_proc_aug02.jpg,Israel,2,Directo
C:\Users\joeyk\OneDrive\Desktop\CNN\Creación_de_Dataset_híbrido\Face-Recognition Proyect\Dataset_aumentado\Israel\Israel_264_proc_aug02.jpg,Israel,2,Directo
C:\Users\joeyk\OneDrive\Desktop\CNN\Creación_de_Dataset_híbrido\Face-Recognition Proyect\Dataset_aumentado\Natalie Portman\Natalie_Portman_40_proc_aug01.jpg,Natalie Portman,8,Directo
C:\Users\joeyk\OneDrive\Desktop\CNN\Creación_de_Dataset_híbrido\Face-Recognition Proyect\Dataset_aumentado\Nicole Kidman\Nicole_Kidman_66_proc_aug01.jpg,Nicole Kidman,9,Directo
C:\Users\joeyk\OneDrive\Desktop\CNN\Creación_de_Dataset_híbrido\Face-Recognition Proyect\Dataset_aumentado\Natalie Portman\Natalie_Portman_66_proc_aug03.jpg,Natalie Portman,8,Directo
C:\Users\joeyk\OneDrive\Desktop\CNN\Creación_de_Dataset_híbrido\Face-Recognition Proyect\Dataset_aumentado\Kevin\Kevin_96_proc_aug03.jpg,Kevin,6,Directo
C:\Users\joeyk\OneDrive\Desktop\CNN\Creación_de_Dataset_híbrido\Face-Recognition Proyect\Dataset_aumentado\Kevin\Kevin_191_proc_aug01.jpg,Kevin,6,Directo
C:\Users\joeyk\OneDrive\Desktop\CNN\Creación_de_Dataset_híbrido\Face-Recognition Proyect\Dataset_aumentado\Israel\Israel_195_proc.jpg,Israel,2,Directo
C:\Users\joeyk\OneDrive\Desktop\CNN\Creación_de_Dataset_híbrido\Face-Recognition Proyect\Dataset_aumentado\Angelina Jolie\Angelina_Jolie_64_proc_aug02.jpg,Angelina Jolie,0,Directo
C:\Users\joeyk\OneDrive\Desktop\CNN\Creación_de_Dataset_híbrido\Face-Recognition Proyect\Dataset_aumentado\Israel\Israel_124_proc_aug03.jpg,Israel,2,Directo
C:\Users\joeyk\OneDrive\Desktop\CNN\Creación_de_Dataset_híbrido\Face-Recognition Proyect\Dataset_aumentado\Israel\Israel_313_proc.jpg,Israel,2,Directo
C:\Users\joeyk\OneDrive\Desktop\CNN\Creación_de_Dataset_híbrido\Face-Recognition Proyect\Dataset_aumentado\Joey\Joey_200_proc_aug02.jpg,Joey,4,Directo
C:\Users\joeyk\OneDrive\Desktop\CNN\Creación_de_Dataset_híbrido\Face-Recognition Proyect\Dataset_aumentado\Johnny Depp\Johnny_Depp_60_proc_aug01.jpg,Johnny Depp,5,Directo
C:\Users\joeyk\OneDrive\Desktop\CNN\Creación_de_Dataset_híbrido\Face-Recognition Proyect\Dataset_aumentado\Joey\Joey_210_proc_aug01.jpg,Joey,4,Directo
C:\Users\joeyk\OneDrive\Desktop\CNN\Creación_de_Dataset_híbrido\Face-Recognition Proyect\Dataset_aumentado\Brad Pitt\BradPitt_29_proc.jpg,Brad Pitt,1,Directo
C:\Users\joeyk\OneDrive\Desktop\CNN\Creación_de_Dataset_híbrido\Face-Recognition Proyect\Dataset_aumentado\Israel\Israel_334_proc_aug03.jpg,Israel,2,Directo
C:\Users\joeyk\OneDrive\Desktop\CNN\Creación_de_Dataset_híbrido\Face-Recognition Proyect\Dataset_aumentado\Kevin\Kevin_135_proc_aug03.jpg,Kevin,6,Directo
C:\Users\joeyk\OneDrive\Desktop\CNN\Creación_de_Dataset_híbrido\Face-Recognition Proyect\Dataset_aumentado\Israel\Israel_187_proc.jpg,Israel,2,Directo
C:\Users\joeyk\OneDrive\Desktop\CNN\Creación_de_Dataset_híbrido\Face-Recognition Proyect\Dataset_aumentado\Angelina Jolie\Angelina_Jolie_99_proc.jpg,Angelina Jolie,0,Directo
C:\Users\joeyk\OneDrive\Desktop\CNN\Creación_de_Dataset_híbrido\Face-Recognition Proyect\Dataset_aumentado\Johnny Depp\Johnny_Depp_94_proc_aug02.jpg,Johnny Depp,5,Directo
C:\Users\joeyk\OneDrive\Desktop\CNN\Creación_de_Dataset_híbrido\Face-Recognition Proyect\Dataset_aumentado\Israel\Israel_138_proc.jpg,Israel,2,Directo
C:\Users\joeyk\OneDrive\Desktop\CNN\Creación_de_Dataset_híbrido\Face-Recognition Proyect\Dataset_aumentado\Joey\Joey_98_proc_aug03.jpg,Joey,4,Directo
C:\Users\joeyk\OneDrive\Desktop\CNN\Creación_de_Dataset_híbrido\Face-Recognition Proyect\Dataset_aumentado\Israel\Israel_273_proc_aug03.jpg,Israel,2,Directo
C:\Users\joeyk\OneDrive\Desktop\CNN\Creación_de_Dataset_híbrido\Face-Recognition Proyect\Dataset_aumentado\Israel\Israel_24_proc_aug03.jpg,Israel,2,Directo
C:\Users\joeyk\OneDrive\Desktop\CNN\Creación_de_Dataset_híbrido\Face-Recognition Proyect\Dataset_aumentado\Israel\Israel_69_proc_aug03.jpg,Israel,2,Directo
C:\Users\joeyk\OneDrive\Desktop\CNN\Creación_de_Dataset_híbrido\Face-Recognition Proyect\Dataset_aumentado\Joey\Joey_108_proc_aug03.jpg,Joey,4,Directo
C:\Users\joeyk\OneDrive\Desktop\CNN\Creación_de_Dataset_híbrido\Face-Recognition Proyect\Dataset_aumentado\Nicole Kidman\Nicole_Kidman_70_proc.jpg,Nicole Kidman,9,Directo
C:\Users\joeyk\OneDrive\Desktop\CNN\Creación_de_Dataset_híbrido\Face-Recognition Proyect\Dataset_aumentado\Joey\Joey_58_proc_aug01.jpg,Joey,4,Directo
C:\Users\joeyk\OneDrive\Desktop\CNN\Creación_de_Dataset_híbrido\Face-Recognition Proyect\Dataset_aumentado\Brad Pitt\BradPitt_74_proc_aug01.jpg,Brad Pitt,1,Directo
C:\Users\joeyk\OneDrive\Desktop\CNN\Creación_de_Dataset_híbrido\Face-Recognition Proyect\Dataset_aumentado\Nicole Kidman\Nicole_Kidman_97_proc_aug03.jpg,Nicole Kidman,9,Directo
C:\Users\joeyk\OneDrive\Desktop\CNN\Creación_de_Dataset_híbrido\Face-Recognition Proyect\Dataset_aumentado\Joey\Joey_265_proc_aug02.jpg,Joey,4,Directo
C:\Users\joeyk\OneDrive\Desktop\CNN\Creación_de_Dataset_híbrido\Face-Recognition Proyect\Dataset_aumentado\Israel\Israel_292_proc.jpg,Israel,2,Directo
C:\Users\joeyk\OneDrive\Desktop\CNN\Creación_de_Dataset_híbrido\Face-Recognition Proyect\Dataset_aumentado\Israel\Israel_236_proc_aug01.jpg,Israel,2,Directo
C:\Users\joeyk\OneDrive\Desktop\CNN\Creación_de_Dataset_híbrido\Face-Recognition Proyect\Dataset_aumentado\Nicole Kidman\Nicole_Kidman_27_proc_aug01.jpg,Nicole Kidman,9,Directo
C:\Users\joeyk\OneDrive\Desktop\CNN\Creación_de_Dataset_híbrido\Face-Recognition Proyect\Dataset_aumentado\Kevin\Kevin_30_proc.jpg,Kevin,6,Directo
C:\Users\joeyk\OneDrive\Desktop\CNN\Creación_de_Dataset_híbrido\Face-Recognition Proyect\Dataset_aumentado\Natalie Portman\Natalie_Portman_11_proc_aug03.jpg,Natalie Portman,8,Directo
C:\Users\joeyk\OneDrive\Desktop\CNN\Creación_de_Dataset_híbrido\Face-Recognition Proyect\Dataset_aumentado\Nicole Kidman\Nicole_Kidman_15_proc.jpg,Nicole Kidman,9,Directo
C:\Users\joeyk\OneDrive\Desktop\CNN\Creación_de_Dataset_híbrido\Face-Recognition Proyect\Dataset_aumentado\Angelina Jolie\Angelina_Jolie_75_proc_aug01.jpg,Angelina Jolie,0,Directo
C:\Users\joeyk\OneDrive\Desktop\CNN\Creación_de_Dataset_híbrido\Face-Recognition Proyect\Dataset_aumentado\Israel\Israel_310_proc.jpg,Israel,2,Directo
C:\Users\joeyk\OneDrive\Desktop\CNN\Creación_de_Dataset_híbrido\Face-Recognition Proyect\Dataset_aumentado\Israel\Israel_293_proc.jpg,Israel,2,Directo
C:\Users\joeyk\OneDrive\Desktop\CNN\Creación_de_Dataset_híbrido\Face-Recognition Proyect\Dataset_aumentado\Joey\Joey_76_proc.jpg,Joey,4,Directo
C:\Users\joeyk\OneDrive\Desktop\CNN\Creación_de_Dataset_híbrido\Face-Recognition Proyect\Dataset_aumentado\Kevin\Kevin_149_proc_aug01.jpg,Kevin,6,Directo
C:\Users\joeyk\OneDrive\Desktop\CNN\Creación_de_Dataset_híbrido\Face-Recognition Proyect\Dataset_aumentado\Joey\Joey_212_proc_aug03.jpg,Joey,4,Directo
C:\Users\joeyk\OneDrive\Desktop\CNN\Creación_de_Dataset_híbrido\Face-Recognition Proyect\Dataset_aumentado\Joey\Joey_13_proc_aug03.jpg,Joey,4,Directo
C:\Users\joeyk\OneDrive\Desktop\CNN\Creación_de_Dataset_híbrido\Face-Recognition Proyect\Dataset_aumentado\Joey\Joey_219_proc.jpg,Joey,4,Directo
C:\Users\joeyk\OneDrive\Desktop\CNN\Creación_de_Dataset_híbrido\Face-Recognition Proyect\Dataset_aumentado\Kevin\Kevin_146_proc_aug02.jpg,Kevin,6,Directo
C:\Users\joeyk\OneDrive\Desktop\CNN\Creación_de_Dataset_híbrido\Face-Recognition Proyect\Dataset_aumentado\Joey\Joey_102_proc_aug02.jpg,Joey,4,Directo
C:\Users\joeyk\OneDrive\Desktop\CNN\Creación_de_Dataset_híbrido\Face-Recognition Proyect\Dataset_aumentado\Joey\Joey_201_proc.jpg,Joey,4,Directo
C:\Users\joeyk\OneDrive\Desktop\CNN\Creación_de_Dataset_híbrido\Face-Recognition Proyect\Dataset_aumentado\Joey\Joey_219_proc_aug01.jpg,Joey,4,Directo
C:\Users\joeyk\OneDrive\Desktop\CNN\Creación_de_Dataset_híbrido\Face-Recognition Proyect\Dataset_aumentado\Nicole Kidman\Nicole_Kidman_8_proc_aug01.jpg,Nicole Kidman,9,Directo
C:\Users\joeyk\OneDrive\Desktop\CNN\Creación_de_Dataset_híbrido\Face-Recognition Proyect\Dataset_aumentado\Joey\Joey_146_proc_aug01.jpg,Joey,4,Directo
C:\Users\joeyk\OneDrive\Desktop\CNN\Creación_de_Dataset_híbrido\Face-Recognition Proyect\Dataset_aumentado\Israel\Israel_261_proc_aug01.jpg,Israel,2,Directo
C:\Users\joeyk\OneDrive\Desktop\CNN\Creación_de_Dataset_híbrido\Face-Recognition Proyect\Dataset_aumentado\Israel\Israel_137_proc_aug01.jpg,Israel,2,Directo
C:\Users\joeyk\OneDrive\Desktop\CNN\Creación_de_Dataset_híbrido\Face-Recognition Proyect\Dataset_aumentado\Natalie Portman\Natalie_Portman_45_proc_aug03.jpg,Natalie Portman,8,Directo
C:\Users\joeyk\OneDrive\Desktop\CNN\Creación_de_Dataset_híbrido\Face-Recognition Proyect\Dataset_aumentado\Natalie Portman\Natalie_Portman_1_proc_aug01.jpg,Natalie Portman,8,Directo
C:\Users\joeyk\OneDrive\Desktop\CNN\Creación_de_Dataset_híbrido\Face-Recognition Proyect\Dataset_aumentado\Johnny Depp\Johnny_Depp_65_proc_aug02.jpg,Johnny Depp,5,Directo
C:\Users\joeyk\OneDrive\Desktop\CNN\Creación_de_Dataset_híbrido\Face-Recognition Proyect\Dataset_aumentado\Kevin\Kevin_93_proc.jpg,Kevin,6,Directo
C:\Users\joeyk\OneDrive\Desktop\CNN\Creación_de_Dataset_híbrido\Face-Recognition Proyect\Dataset_aumentado\Jennifer Lawrence\JenniferLawrence_86_proc_aug03.jpg,Jennifer Lawrence,3,Directo
C:\Users\joeyk\OneDrive\Desktop\CNN\Creación_de_Dataset_híbrido\Face-Recognition Proyect\Dataset_aumentado\Kevin\Kevin_66_proc_aug02.jpg,Kevin,6,Directo
C:\Users\joeyk\OneDrive\Desktop\CNN\Creación_de_Dataset_híbrido\Face-Recognition Proyect\Dataset_aumentado\Joey\Joey_281_proc_aug02.jpg,Joey,4,Directo
C:\Users\joeyk\OneDrive\Desktop\CNN\Creación_de_Dataset_híbrido\Face-Recognition Proyect\Dataset_aumentado\Israel\Israel_222_proc_aug02.jpg,Israel,2,Directo
C:\Users\joeyk\OneDrive\Desktop\CNN\Creación_de_Dataset_híbrido\Face-Recognition Proyect\Dataset_aumentado\Natalie Portman\Natalie_Portman_39_proc_aug02.jpg,Natalie Portman,8,Directo
C:\Users\joeyk\OneDrive\Desktop\CNN\Creación_de_Dataset_híbrido\Face-Recognition Proyect\Dataset_aumentado\Kevin\Kevin_163_proc_aug03.jpg,Kevin,6,Directo
C:\Users\joeyk\OneDrive\Desktop\CNN\Creación_de_Dataset_híbrido\Face-Recognition Proyect\Dataset_aumentado\Leonardo DiCaprio\Leonardo_DiCaprio_60_proc_aug02.jpg,Leonardo DiCaprio,7,Directo
C:\Users\joeyk\OneDrive\Desktop\CNN\Creación_de_Dataset_híbrido\Face-Recognition Proyect\Dataset_aumentado\Kevin\Kevin_88_proc_aug03.jpg,Kevin,6,Directo
C:\Users\joeyk\OneDrive\Desktop\CNN\Creación_de_Dataset_híbrido\Face-Recognition Proyect\Dataset_aumentado\Kevin\Kevin_10_proc_aug03.jpg,Kevin,6,Directo
C:\Users\joeyk\OneDrive\Desktop\CNN\Creación_de_Dataset_híbrido\Face-Recognition Proyect\Dataset_aumentado\Brad Pitt\BradPitt_100_proc.jpg,Brad Pitt,1,Directo
C:\Users\joeyk\OneDrive\Desktop\CNN\Creación_de_Dataset_híbrido\Face-Recognition Proyect\Dataset_aumentado\Angelina Jolie\Angelina_Jolie_64_proc.jpg,Angelina Jolie,0,Directo
C:\Users\joeyk\OneDrive\Desktop\CNN\Creación_de_Dataset_híbrido\Face-Recognition Proyect\Dataset_aumentado\Brad Pitt\BradPitt_75_proc_aug02.jpg,Brad Pitt,1,Directo
C:\Users\joeyk\OneDrive\Desktop\CNN\Creación_de_Dataset_híbrido\Face-Recognition Proyect\Dataset_aumentado\Angelina Jolie\Angelina_Jolie_85_proc_aug03.jpg,Angelina Jolie,0,Directo
C:\Users\joeyk\OneDrive\Desktop\CNN\Creación_de_Dataset_híbrido\Face-Recognition Proyect\Dataset_aumentado\Kevin\Kevin_34_proc_aug01.jpg,Kevin,6,Directo
C:\Users\joeyk\OneDrive\Desktop\CNN\Creación_de_Dataset_híbrido\Face-Recognition Proyect\Dataset_aumentado\Angelina Jolie\Angelina_Jolie_11_proc.jpg,Angelina Jolie,0,Directo
C:\Users\joeyk\OneDrive\Desktop\CNN\Creación_de_Dataset_híbrido\Face-Recognition Proyect\Dataset_aumentado\Natalie Portman\Natalie_Portman_93_proc_aug01.jpg,Natalie Portman,8,Directo
C:\Users\joeyk\OneDrive\Desktop\CNN\Creación_de_Dataset_híbrido\Face-Recognition Proyect\Dataset_aumentado\Joey\Joey_184_proc_aug03.jpg,Joey,4,Directo
C:\Users\joeyk\OneDrive\Desktop\CNN\Creación_de_Dataset_híbrido\Face-Recognition Proyect\Dataset_aumentado\Joey\Joey_18_proc_aug03.jpg,Joey,4,Directo
C:\Users\joeyk\OneDrive\Desktop\CNN\Creación_de_Dataset_híbrido\Face-Recognition Proyect\Dataset_aumentado\Natalie Portman\Natalie_Portman_1_proc_aug03.jpg,Natalie Portman,8,Directo
C:\Users\joeyk\OneDrive\Desktop\CNN\Creación_de_Dataset_híbrido\Face-Recognition Proyect\Dataset_aumentado\Israel\Israel_311_proc.jpg,Israel,2,Directo
C:\Users\joeyk\OneDrive\Desktop\CNN\Creación_de_Dataset_híbrido\Face-Recognition Proyect\Dataset_aumentado\Joey\Joey_184_proc_aug01.jpg,Joey,4,Directo
C:\Users\joeyk\OneDrive\Desktop\CNN\Creación_de_Dataset_híbrido\Face-Recognition Proyect\Dataset_aumentado\Kevin\Kevin_161_proc_aug03.jpg,Kevin,6,Directo
C:\Users\joeyk\OneDrive\Desktop\CNN\Creación_de_Dataset_híbrido\Face-Recognition Proyect\Dataset_aumentado\Angelina Jolie\Angelina_Jolie_56_proc_aug03.jpg,Angelina Jolie,0,Directo
C:\Users\joeyk\OneDrive\Desktop\CNN\Creación_de_Dataset_híbrido\Face-Recognition Proyect\Dataset_aumentado\Joey\Joey_49_proc.jpg,Joey,4,Directo
C:\Users\joeyk\OneDrive\Desktop\CNN\Creación_de_Dataset_híbrido\Face-Recognition Proyect\Dataset_aumentado\Leonardo DiCaprio\Leonardo_DiCaprio_60_proc_aug03.jpg,Leonardo DiCaprio,7,Directo
C:\Users\joeyk\OneDrive\Desktop\CNN\Creación_de_Dataset_híbrido\Face-Recognition Proyect\Dataset_aumentado\Israel\Israel_296_proc_aug03.jpg,Israel,2,Directo
C:\Users\joeyk\OneDrive\Desktop\CNN\Creación_de_Dataset_híbrido\Face-Recognition Proyect\Dataset_aumentado\Angelina Jolie\Angelina_Jolie_17_proc.jpg,Angelina Jolie,0,Directo
C:\Users\joeyk\OneDrive\Desktop\CNN\Creación_de_Dataset_híbrido\Face-Recognition Proyect\Dataset_aumentado\Leonardo DiCaprio\Leonardo_DiCaprio_17_proc_aug02.jpg,Leonardo DiCaprio,7,Directo
C:\Users\joeyk\OneDrive\Desktop\CNN\Creación_de_Dataset_híbrido\Face-Recognition Proyect\Dataset_aumentado\Kevin\Kevin_123_proc_aug02.jpg,Kevin,6,Directo
C:\Users\joeyk\OneDrive\Desktop\CNN\Creación_de_Dataset_híbrido\Face-Recognition Proyect\Dataset_aumentado\Leonardo DiCaprio\Leonardo_DiCaprio_83_proc_aug02.jpg,Leonardo DiCaprio,7,Directo
C:\Users\joeyk\OneDrive\Desktop\CNN\Creación_de_Dataset_híbrido\Face-Recognition Proyect\Dataset_aumentado\Israel\Israel_263_proc_aug01.jpg,Israel,2,Directo
C:\Users\joeyk\OneDrive\Desktop\CNN\Creación_de_Dataset_híbrido\Face-Recognition Proyect\Dataset_aumentado\Joey\Joey_134_proc_aug01.jpg,Joey,4,Directo
C:\Users\joeyk\OneDrive\Desktop\CNN\Creación_de_Dataset_híbrido\Face-Recognition Proyect\Dataset_aumentado\Israel\Israel_220_proc.jpg,Israel,2,Directo
C:\Users\joeyk\OneDrive\Desktop\CNN\Creación_de_Dataset_híbrido\Face-Recognition Proyect\Dataset_aumentado\Israel\Israel_193_proc_aug02.jpg,Israel,2,Directo
C:\Users\joeyk\OneDrive\Desktop\CNN\Creación_de_Dataset_híbrido\Face-Recognition Proyect\Dataset_aumentado\Jennifer Lawrence\JenniferLawrence_7_proc_aug01.jpg,Jennifer Lawrence,3,Directo
C:\Users\joeyk\OneDrive\Desktop\CNN\Creación_de_Dataset_híbrido\Face-Recognition Proyect\Dataset_aumentado\Joey\Joey_46_proc_aug03.jpg,Joey,4,Directo
C:\Users\joeyk\OneDrive\Desktop\CNN\Creación_de_Dataset_híbrido\Face-Recognition Proyect\Dataset_aumentado\Joey\Joey_17_proc.jpg,Joey,4,Directo
C:\Users\joeyk\OneDrive\Desktop\CNN\Creación_de_Dataset_híbrido\Face-Recognition Proyect\Dataset_aumentado\Leonardo DiCaprio\Leonardo_DiCaprio_85_proc_aug02.jpg,Leonardo DiCaprio,7,Directo
C:\Users\joeyk\OneDrive\Desktop\CNN\Creación_de_Dataset_híbrido\Face-Recognition Proyect\Dataset_aumentado\Leonardo DiCaprio\Leonardo_DiCaprio_74_proc_aug02.jpg,Leonardo DiCaprio,7,Directo
C:\Users\joeyk\OneDrive\Desktop\CNN\Creación_de_Dataset_híbrido\Face-Recognition Proyect\Dataset_aumentado\Israel\Israel_138_proc_aug03.jpg,Israel,2,Directo
C:\Users\joeyk\OneDrive\Desktop\CNN\Creación_de_Dataset_híbrido\Face-Recognition Proyect\Dataset_aumentado\Johnny Depp\Johnny_Depp_59_proc_aug01.jpg,Johnny Depp,5,Directo
C:\Users\joeyk\OneDrive\Desktop\CNN\Creación_de_Dataset_híbrido\Face-Recognition Proyect\Dataset_aumentado\Israel\Israel_232_proc_aug03.jpg,Israel,2,Directo
C:\Users\joeyk\OneDrive\Desktop\CNN\Creación_de_Dataset_híbrido\Face-Recognition Proyect\Dataset_aumentado\Jennifer Lawrence\JenniferLawrence_42_proc_aug01.jpg,Jennifer Lawrence,3,Directo
C:\Users\joeyk\OneDrive\Desktop\CNN\Creación_de_Dataset_híbrido\Face-Recognition Proyect\Dataset_aumentado\Nicole Kidman\Nicole_Kidman_1_proc.jpg,Nicole Kidman,9,Directo
C:\Users\joeyk\OneDrive\Desktop\CNN\Creación_de_Dataset_híbrido\Face-Recognition Proyect\Dataset_aumentado\Joey\Joey_36_proc_aug03.jpg,Joey,4,Directo
C:\Users\joeyk\OneDrive\Desktop\CNN\Creación_de_Dataset_híbrido\Face-Recognition Proyect\Dataset_aumentado\Israel\Israel_34_proc_aug03.jpg,Israel,2,Directo
C:\Users\joeyk\OneDrive\Desktop\CNN\Creación_de_Dataset_híbrido\Face-Recognition Proyect\Dataset_aumentado\Jennifer Lawrence\JenniferLawrence_19_proc_aug02.jpg,Jennifer Lawrence,3,Directo
C:\Users\joeyk\OneDrive\Desktop\CNN\Creación_de_Dataset_híbrido\Face-Recognition Proyect\Dataset_aumentado\Johnny Depp\Johnny_Depp_35_proc.jpg,Johnny Depp,5,Directo
C:\Users\joeyk\OneDrive\Desktop\CNN\Creación_de_Dataset_híbrido\Face-Recognition Proyect\Dataset_aumentado\Nicole Kidman\Nicole_Kidman_25_proc.jpg,Nicole Kidman,9,Directo
C:\Users\joeyk\OneDrive\Desktop\CNN\Creación_de_Dataset_híbrido\Face-Recognition Proyect\Dataset_aumentado\Israel\Israel_251_proc_aug03.jpg,Israel,2,Directo
C:\Users\joeyk\OneDrive\Desktop\CNN\Creación_de_Dataset_híbrido\Face-Recognition Proyect\Dataset_aumentado\Joey\Joey_76_proc_aug01.jpg,Joey,4,Directo
C:\Users\joeyk\OneDrive\Desktop\CNN\Creación_de_Dataset_híbrido\Face-Recognition Proyect\Dataset_aumentado\Brad Pitt\BradPitt_44_proc_aug03.jpg,Brad Pitt,1,Directo
C:\Users\joeyk\OneDrive\Desktop\CNN\Creación_de_Dataset_híbrido\Face-Recognition Proyect\Dataset_aumentado\Israel\Israel_111_proc.jpg,Israel,2,Directo
C:\Users\joeyk\OneDrive\Desktop\CNN\Creación_de_Dataset_híbrido\Face-Recognition Proyect\Dataset_aumentado\Kevin\Kevin_59_proc_aug03.jpg,Kevin,6,Directo
C:\Users\joeyk\OneDrive\Desktop\CNN\Creación_de_Dataset_híbrido\Face-Recognition Proyect\Dataset_aumentado\Leonardo DiCaprio\Leonardo_DiCaprio_47_proc_aug01.jpg,Leonardo DiCaprio,7,Directo
C:\Users\joeyk\OneDrive\Desktop\CNN\Creación_de_Dataset_híbrido\Face-Recognition Proyect\Dataset_aumentado\Jennifer Lawrence\JenniferLawrence_59_proc_aug02.jpg,Jennifer Lawrence,3,Directo
C:\Users\joeyk\OneDrive\Desktop\CNN\Creación_de_Dataset_híbrido\Face-Recognition Proyect\Dataset_aumentado\Leonardo DiCaprio\Leonardo_DiCaprio_82_proc.jpg,Leonardo DiCaprio,7,Directo
C:\Users\joeyk\OneDrive\Desktop\CNN\Creación_de_Dataset_híbrido\Face-Recognition Proyect\Dataset_aumentado\Kevin\Kevin_181_proc_aug03.jpg,Kevin,6,Directo
C:\Users\joeyk\OneDrive\Desktop\CNN\Creación_de_Dataset_híbrido\Face-Recognition Proyect\Dataset_aumentado\Israel\Israel_21_proc_aug03.jpg,Israel,2,Directo
C:\Users\joeyk\OneDrive\Desktop\CNN\Creación_de_Dataset_híbrido\Face-Recognition Proyect\Dataset_aumentado\Natalie Portman\Natalie_Portman_17_proc.jpg,Natalie Portman,8,Directo
C:\Users\joeyk\OneDrive\Desktop\CNN\Creación_de_Dataset_híbrido\Face-Recognition Proyect\Dataset_aumentado\Nicole Kidman\Nicole_Kidman_69_proc_aug02.jpg,Nicole Kidman,9,Directo
C:\Users\joeyk\OneDrive\Desktop\CNN\Creación_de_Dataset_híbrido\Face-Recognition Proyect\Dataset_aumentado\Jennifer Lawrence\JenniferLawrence_21_proc_aug01.jpg,Jennifer Lawrence,3,Directo
C:\Users\joeyk\OneDrive\Desktop\CNN\Creación_de_Dataset_híbrido\Face-Recognition Proyect\Dataset_aumentado\Brad Pitt\BradPitt_2_proc.jpg,Brad Pitt,1,Directo
C:\Users\joeyk\OneDrive\Desktop\CNN\Creación_de_Dataset_híbrido\Face-Recognition Proyect\Dataset_aumentado\Johnny Depp\Johnny_Depp_31_proc_aug01.jpg,Johnny Depp,5,Directo
C:\Users\joeyk\OneDrive\Desktop\CNN\Creación_de_Dataset_híbrido\Face-Recognition Proyect\Dataset_aumentado\Joey\Joey_175_proc_aug03.jpg,Joey,4,Directo
C:\Users\joeyk\OneDrive\Desktop\CNN\Creación_de_Dataset_híbrido\Face-Recognition Proyect\Dataset_aumentado\Kevin\Kevin_217_proc.jpg,Kevin,6,Directo
C:\Users\joeyk\OneDrive\Desktop\CNN\Creación_de_Dataset_híbrido\Face-Recognition Proyect\Dataset_aumentado\Israel\Israel_336_proc_aug01.jpg,Israel,2,Directo
C:\Users\joeyk\OneDrive\Desktop\CNN\Creación_de_Dataset_híbrido\Face-Recognition Proyect\Dataset_aumentado\Leonardo DiCaprio\Leonardo_DiCaprio_85_proc.jpg,Leonardo DiCaprio,7,Directo
C:\Users\joeyk\OneDrive\Desktop\CNN\Creación_de_Dataset_híbrido\Face-Recognition Proyect\Dataset_aumentado\Israel\Israel_304_proc_aug02.jpg,Israel,2,Directo
C:\Users\joeyk\OneDrive\Desktop\CNN\Creación_de_Dataset_híbrido\Face-Recognition Proyect\Dataset_aumentado\Angelina Jolie\Angelina_Jolie_8_proc.jpg,Angelina Jolie,0,Directo
C:\Users\joeyk\OneDrive\Desktop\CNN\Creación_de_Dataset_híbrido\Face-Recognition Proyect\Dataset_aumentado\Johnny Depp\Johnny_Depp_68_proc_aug02.jpg,Johnny Depp,5,Directo
C:\Users\joeyk\OneDrive\Desktop\CNN\Creación_de_Dataset_híbrido\Face-Recognition Proyect\Dataset_aumentado\Nicole Kidman\Nicole_Kidman_61_proc_aug02.jpg,Nicole Kidman,9,Directo
C:\Users\joeyk\OneDrive\Desktop\CNN\Creación_de_Dataset_híbrido\Face-Recognition Proyect\Dataset_aumentado\Joey\Joey_276_proc_aug01.jpg,Joey,4,Directo
C:\Users\joeyk\OneDrive\Desktop\CNN\Creación_de_Dataset_híbrido\Face-Recognition Proyect\Dataset_aumentado\Leonardo DiCaprio\Leonardo_DiCaprio_100_proc_aug03.jpg,Leonardo DiCaprio,7,Directo
C:\Users\joeyk\OneDrive\Desktop\CNN\Creación_de_Dataset_híbrido\Face-Recognition Proyect\Dataset_aumentado\Israel\Israel_95_proc_aug01.jpg,Israel,2,Directo
C:\Users\joeyk\OneDrive\Desktop\CNN\Creación_de_Dataset_híbrido\Face-Recognition Proyect\Dataset_aumentado\Angelina Jolie\Angelina_Jolie_96_proc_aug01.jpg,Angelina Jolie,0,Directo
C:\Users\joeyk\OneDrive\Desktop\CNN\Creación_de_Dataset_híbrido\Face-Recognition Proyect\Dataset_aumentado\Johnny Depp\Johnny_Depp_49_proc_aug01.jpg,Johnny Depp,5,Directo
C:\Users\joeyk\OneDrive\Desktop\CNN\Creación_de_Dataset_híbrido\Face-Recognition Proyect\Dataset_aumentado\Israel\Israel_284_proc_aug01.jpg,Israel,2,Directo
C:\Users\joeyk\OneDrive\Desktop\CNN\Creación_de_Dataset_híbrido\Face-Recognition Proyect\Dataset_aumentado\Joey\Joey_287_proc_aug02.jpg,Joey,4,Directo
C:\Users\joeyk\OneDrive\Desktop\CNN\Creación_de_Dataset_híbrido\Face-Recognition Proyect\Dataset_aumentado\Joey\Joey_270_proc.jpg,Joey,4,Directo
C:\Users\joeyk\OneDrive\Desktop\CNN\Creación_de_Dataset_híbrido\Face-Recognition Proyect\Dataset_aumentado\Jennifer Lawrence\JenniferLawrence_56_proc_aug02.jpg,Jennifer Lawrence,3,Directo
C:\Users\joeyk\OneDrive\Desktop\CNN\Creación_de_Dataset_híbrido\Face-Recognition Proyect\Dataset_aumentado\Kevin\Kevin_33_proc_aug02.jpg,Kevin,6,Directo
C:\Users\joeyk\OneDrive\Desktop\CNN\Creación_de_Dataset_híbrido\Face-Recognition Proyect\Dataset_aumentado\Leonardo DiCaprio\Leonardo_DiCaprio_1_proc_aug03.jpg,Leonardo DiCaprio,7,Directo
C:\Users\joeyk\OneDrive\Desktop\CNN\Creación_de_Dataset_híbrido\Face-Recognition Proyect\Dataset_aumentado\Israel\Israel_137_proc.jpg,Israel,2,Directo
C:\Users\joeyk\OneDrive\Desktop\CNN\Creación_de_Dataset_híbrido\Face-Recognition Proyect\Dataset_aumentado\Joey\Joey_137_proc.jpg,Joey,4,Directo
C:\Users\joeyk\OneDrive\Desktop\CNN\Creación_de_Dataset_híbrido\Face-Recognition Proyect\Dataset_aumentado\Israel\Israel_54_proc_aug02.jpg,Israel,2,Directo
C:\Users\joeyk\OneDrive\Desktop\CNN\Creación_de_Dataset_híbrido\Face-Recognition Proyect\Dataset_aumentado\Kevin\Kevin_221_proc_aug01.jpg,Kevin,6,Directo
C:\Users\joeyk\OneDrive\Desktop\CNN\Creación_de_Dataset_híbrido\Face-Recognition Proyect\Dataset_aumentado\Joey\Joey_57_proc_aug02.jpg,Joey,4,Directo
C:\Users\joeyk\OneDrive\Desktop\CNN\Creación_de_Dataset_híbrido\Face-Recognition Proyect\Dataset_aumentado\Natalie Portman\Natalie_Portman_32_proc_aug03.jpg,Natalie Portman,8,Directo
C:\Users\joeyk\OneDrive\Desktop\CNN\Creación_de_Dataset_híbrido\Face-Recognition Proyect\Dataset_aumentado\Brad Pitt\BradPitt_100_proc_aug02.jpg,Brad Pitt,1,Directo
C:\Users\joeyk\OneDrive\Desktop\CNN\Creación_de_Dataset_híbrido\Face-Recognition Proyect\Dataset_aumentado\Nicole Kidman\Nicole_Kidman_29_proc_aug02.jpg,Nicole Kidman,9,Directo
C:\Users\joeyk\OneDrive\Desktop\CNN\Creación_de_Dataset_híbrido\Face-Recognition Proyect\Dataset_aumentado\Leonardo DiCaprio\Leonardo_DiCaprio_31_proc.jpg,Leonardo DiCaprio,7,Directo
C:\Users\joeyk\OneDrive\Desktop\CNN\Creación_de_Dataset_híbrido\Face-Recognition Proyect\Dataset_aumentado\Israel\Israel_276_proc.jpg,Israel,2,Directo
C:\Users\joeyk\OneDrive\Desktop\CNN\Creación_de_Dataset_híbrido\Face-Recognition Proyect\Dataset_aumentado\Jennifer Lawrence\JenniferLawrence_39_proc_aug01.jpg,Jennifer Lawrence,3,Directo
C:\Users\joeyk\OneDrive\Desktop\CNN\Creación_de_Dataset_híbrido\Face-Recognition Proyect\Dataset_aumentado\Nicole Kidman\Nicole_Kidman_51_proc_aug03.jpg,Nicole Kidman,9,Directo
C:\Users\joeyk\OneDrive\Desktop\CNN\Creación_de_Dataset_híbrido\Face-Recognition Proyect\Dataset_aumentado\Joey\Joey_271_proc.jpg,Joey,4,Directo
C:\Users\joeyk\OneDrive\Desktop\CNN\Creación_de_Dataset_híbrido\Face-Recognition Proyect\Dataset_aumentado\Israel\Israel_102_proc_aug02.jpg,Israel,2,Directo
C:\Users\joeyk\OneDrive\Desktop\CNN\Creación_de_Dataset_híbrido\Face-Recognition Proyect\Dataset_aumentado\Angelina Jolie\Angelina_Jolie_14_proc.jpg,Angelina Jolie,0,Directo
C:\Users\joeyk\OneDrive\Desktop\CNN\Creación_de_Dataset_híbrido\Face-Recognition Proyect\Dataset_aumentado\Kevin\Kevin_57_proc.jpg,Kevin,6,Directo
C:\Users\joeyk\OneDrive\Desktop\CNN\Creación_de_Dataset_híbrido\Face-Recognition Proyect\Dataset_aumentado\Jennifer Lawrence\JenniferLawrence_28_proc_aug02.jpg,Jennifer Lawrence,3,Directo
C:\Users\joeyk\OneDrive\Desktop\CNN\Creación_de_Dataset_híbrido\Face-Recognition Proyect\Dataset_aumentado\Brad Pitt\BradPitt_17_proc.jpg,Brad Pitt,1,Directo
C:\Users\joeyk\OneDrive\Desktop\CNN\Creación_de_Dataset_híbrido\Face-Recognition Proyect\Dataset_aumentado\Kevin\Kevin_128_proc_aug02.jpg,Kevin,6,Directo
C:\Users\joeyk\OneDrive\Desktop\CNN\Creación_de_Dataset_híbrido\Face-Recognition Proyect\Dataset_aumentado\Kevin\Kevin_111_proc.jpg,Kevin,6,Directo
C:\Users\joeyk\OneDrive\Desktop\CNN\Creación_de_Dataset_híbrido\Face-Recognition Proyect\Dataset_aumentado\Kevin\Kevin_164_proc_aug02.jpg,Kevin,6,Directo
C:\Users\joeyk\OneDrive\Desktop\CNN\Creación_de_Dataset_híbrido\Face-Recognition Proyect\Dataset_aumentado\Jennifer Lawrence\JenniferLawrence_12_proc_aug02.jpg,Jennifer Lawrence,3,Directo
C:\Users\joeyk\OneDrive\Desktop\CNN\Creación_de_Dataset_híbrido\Face-Recognition Proyect\Dataset_aumentado\Israel\Israel_248_proc_aug01.jpg,Israel,2,Directo
C:\Users\joeyk\OneDrive\Desktop\CNN\Creación_de_Dataset_híbrido\Face-Recognition Proyect\Dataset_aumentado\Israel\Israel_124_proc.jpg,Israel,2,Directo
C:\Users\joeyk\OneDrive\Desktop\CNN\Creación_de_Dataset_híbrido\Face-Recognition Proyect\Dataset_aumentado\Angelina Jolie\Angelina_Jolie_26_proc_aug01.jpg,Angelina Jolie,0,Directo
C:\Users\joeyk\OneDrive\Desktop\CNN\Creación_de_Dataset_híbrido\Face-Recognition Proyect\Dataset_aumentado\Jennifer Lawrence\JenniferLawrence_32_proc_aug02.jpg,Jennifer Lawrence,3,Directo
C:\Users\joeyk\OneDrive\Desktop\CNN\Creación_de_Dataset_híbrido\Face-Recognition Proyect\Dataset_aumentado\Joey\Joey_205_proc_aug03.jpg,Joey,4,Directo
C:\Users\joeyk\OneDrive\Desktop\CNN\Creación_de_Dataset_híbrido\Face-Recognition Proyect\Dataset_aumentado\Natalie Portman\Natalie_Portman_18_proc_aug02.jpg,Natalie Portman,8,Directo
C:\Users\joeyk\OneDrive\Desktop\CNN\Creación_de_Dataset_híbrido\Face-Recognition Proyect\Dataset_aumentado\Israel\Israel_119_proc_aug02.jpg,Israel,2,Directo
C:\Users\joeyk\OneDrive\Desktop\CNN\Creación_de_Dataset_híbrido\Face-Recognition Proyect\Dataset_aumentado\Johnny Depp\Johnny_Depp_78_proc.jpg,Johnny Depp,5,Directo
C:\Users\joeyk\OneDrive\Desktop\CNN\Creación_de_Dataset_híbrido\Face-Recognition Proyect\Dataset_aumentado\Angelina Jolie\Angelina_Jolie_68_proc_aug03.jpg,Angelina Jolie,0,Directo
C:\Users\joeyk\OneDrive\Desktop\CNN\Creación_de_Dataset_híbrido\Face-Recognition Proyect\Dataset_aumentado\Angelina Jolie\Angelina_Jolie_79_proc_aug03.jpg,Angelina Jolie,0,Directo
C:\Users\joeyk\OneDrive\Desktop\CNN\Creación_de_Dataset_híbrido\Face-Recognition Proyect\Dataset_aumentado\Kevin\Kevin_72_proc_aug01.jpg,Kevin,6,Directo
C:\Users\joeyk\OneDrive\Desktop\CNN\Creación_de_Dataset_híbrido\Face-Recognition Proyect\Dataset_aumentado\Israel\Israel_189_proc_aug03.jpg,Israel,2,Directo
C:\Users\joeyk\OneDrive\Desktop\CNN\Creación_de_Dataset_híbrido\Face-Recognition Proyect\Dataset_aumentado\Kevin\Kevin_75_proc.jpg,Kevin,6,Directo
C:\Users\joeyk\OneDrive\Desktop\CNN\Creación_de_Dataset_híbrido\Face-Recognition Proyect\Dataset_aumentado\Israel\Israel_36_proc_aug01.jpg,Israel,2,Directo
C:\Users\joeyk\OneDrive\Desktop\CNN\Creación_de_Dataset_híbrido\Face-Recognition Proyect\Dataset_aumentado\Johnny Depp\Johnny_Depp_51_proc_aug01.jpg,Johnny Depp,5,Directo
C:\Users\joeyk\OneDrive\Desktop\CNN\Creación_de_Dataset_híbrido\Face-Recognition Proyect\Dataset_aumentado\Leonardo DiCaprio\Leonardo_DiCaprio_81_proc_aug02.jpg,Leonardo DiCaprio,7,Directo
C:\Users\joeyk\OneDrive\Desktop\CNN\Creación_de_Dataset_híbrido\Face-Recognition Proyect\Dataset_aumentado\Natalie Portman\Natalie_Portman_10_proc_aug02.jpg,Natalie Portman,8,Directo
C:\Users\joeyk\OneDrive\Desktop\CNN\Creación_de_Dataset_híbrido\Face-Recognition Proyect\Dataset_aumentado\Jennifer Lawrence\JenniferLawrence_4_proc_aug03.jpg,Jennifer Lawrence,3,Directo
C:\Users\joeyk\OneDrive\Desktop\CNN\Creación_de_Dataset_híbrido\Face-Recognition Proyect\Dataset_aumentado\Joey\Joey_246_proc_aug03.jpg,Joey,4,Directo
C:\Users\joeyk\OneDrive\Desktop\CNN\Creación_de_Dataset_híbrido\Face-Recognition Proyect\Dataset_aumentado\Jennifer Lawrence\JenniferLawrence_74_proc.jpg,Jennifer Lawrence,3,Directo
C:\Users\joeyk\OneDrive\Desktop\CNN\Creación_de_Dataset_híbrido\Face-Recognition Proyect\Dataset_aumentado\Jennifer Lawrence\JenniferLawrence_32_proc.jpg,Jennifer Lawrence,3,Directo
C:\Users\joeyk\OneDrive\Desktop\CNN\Creación_de_Dataset_híbrido\Face-Recognition Proyect\Dataset_aumentado\Kevin\Kevin_186_proc_aug02.jpg,Kevin,6,Directo
C:\Users\joeyk\OneDrive\Desktop\CNN\Creación_de_Dataset_híbrido\Face-Recognition Proyect\Dataset_aumentado\Joey\Joey_188_proc_aug01.jpg,Joey,4,Directo
C:\Users\joeyk\OneDrive\Desktop\CNN\Creación_de_Dataset_híbrido\Face-Recognition Proyect\Dataset_aumentado\Joey\Joey_291_proc_aug01.jpg,Joey,4,Directo
C:\Users\joeyk\OneDrive\Desktop\CNN\Creación_de_Dataset_híbrido\Face-Recognition Proyect\Dataset_aumentado\Brad Pitt\BradPitt_49_proc_aug03.jpg,Brad Pitt,1,Directo
C:\Users\joeyk\OneDrive\Desktop\CNN\Creación_de_Dataset_híbrido\Face-Recognition Proyect\Dataset_aumentado\Kevin\Kevin_212_proc_aug02.jpg,Kevin,6,Directo
C:\Users\joeyk\OneDrive\Desktop\CNN\Creación_de_Dataset_híbrido\Face-Recognition Proyect\Dataset_aumentado\Israel\Israel_172_proc_aug01.jpg,Israel,2,Directo
C:\Users\joeyk\OneDrive\Desktop\CNN\Creación_de_Dataset_híbrido\Face-Recognition Proyect\Dataset_aumentado\Natalie Portman\Natalie_Portman_43_proc.jpg,Natalie Portman,8,Directo
C:\Users\joeyk\OneDrive\Desktop\CNN\Creación_de_Dataset_híbrido\Face-Recognition Proyect\Dataset_aumentado\Johnny Depp\Johnny_Depp_99_proc.jpg,Johnny Depp,5,Directo
C:\Users\joeyk\OneDrive\Desktop\CNN\Creación_de_Dataset_híbrido\Face-Recognition Proyect\Dataset_aumentado\Kevin\Kevin_152_proc_aug02.jpg,Kevin,6,Directo
C:\Users\joeyk\OneDrive\Desktop\CNN\Creación_de_Dataset_híbrido\Face-Recognition Proyect\Dataset_aumentado\Israel\Israel_51_proc_aug03.jpg,Israel,2,Directo
C:\Users\joeyk\OneDrive\Desktop\CNN\Creación_de_Dataset_híbrido\Face-Recognition Proyect\Dataset_aumentado\Joey\Joey_57_proc_aug01.jpg,Joey,4,Directo
C:\Users\joeyk\OneDrive\Desktop\CNN\Creación_de_Dataset_híbrido\Face-Recognition Proyect\Dataset_aumentado\Kevin\Kevin_55_proc_aug01.jpg,Kevin,6,Directo
C:\Users\joeyk\OneDrive\Desktop\CNN\Creación_de_Dataset_híbrido\Face-Recognition Proyect\Dataset_aumentado\Johnny Depp\Johnny_Depp_95_proc_aug02.jpg,Johnny Depp,5,Directo
C:\Users\joeyk\OneDrive\Desktop\CNN\Creación_de_Dataset_híbrido\Face-Recognition Proyect\Dataset_aumentado\Joey\Joey_151_proc_aug02.jpg,Joey,4,Directo
C:\Users\joeyk\OneDrive\Desktop\CNN\Creación_de_Dataset_híbrido\Face-Recognition Proyect\Dataset_aumentado\Israel\Israel_80_proc_aug01.jpg,Israel,2,Directo
C:\Users\joeyk\OneDrive\Desktop\CNN\Creación_de_Dataset_híbrido\Face-Recognition Proyect\Dataset_aumentado\Leonardo DiCaprio\Leonardo_DiCaprio_9_proc_aug02.jpg,Leonardo DiCaprio,7,Directo
C:\Users\joeyk\OneDrive\Desktop\CNN\Creación_de_Dataset_híbrido\Face-Recognition Proyect\Dataset_aumentado\Israel\Israel_174_proc_aug03.jpg,Israel,2,Directo
C:\Users\joeyk\OneDrive\Desktop\CNN\Creación_de_Dataset_híbrido\Face-Recognition Proyect\Dataset_aumentado\Israel\Israel_180_proc_aug03.jpg,Israel,2,Directo
C:\Users\joeyk\OneDrive\Desktop\CNN\Creación_de_Dataset_híbrido\Face-Recognition Proyect\Dataset_aumentado\Israel\Israel_67_proc_aug01.jpg,Israel,2,Directo
C:\Users\joeyk\OneDrive\Desktop\CNN\Creación_de_Dataset_híbrido\Face-Recognition Proyect\Dataset_aumentado\Leonardo DiCaprio\Leonardo_DiCaprio_18_proc.jpg,Leonardo DiCaprio,7,Directo
C:\Users\joeyk\OneDrive\Desktop\CNN\Creación_de_Dataset_híbrido\Face-Recognition Proyect\Dataset_aumentado\Kevin\Kevin_141_proc_aug02.jpg,Kevin,6,Directo
C:\Users\joeyk\OneDrive\Desktop\CNN\Creación_de_Dataset_híbrido\Face-Recognition Proyect\Dataset_aumentado\Nicole Kidman\Nicole_Kidman_7_proc.jpg,Nicole Kidman,9,Directo
C:\Users\joeyk\OneDrive\Desktop\CNN\Creación_de_Dataset_híbrido\Face-Recognition Proyect\Dataset_aumentado\Kevin\Kevin_75_proc_aug02.jpg,Kevin,6,Directo
C:\Users\joeyk\OneDrive\Desktop\CNN\Creación_de_Dataset_híbrido\Face-Recognition Proyect\Dataset_aumentado\Joey\Joey_57_proc_aug03.jpg,Joey,4,Directo
C:\Users\joeyk\OneDrive\Desktop\CNN\Creación_de_Dataset_híbrido\Face-Recognition Proyect\Dataset_aumentado\Johnny Depp\Johnny_Depp_54_proc_aug01.jpg,Johnny Depp,5,Directo
C:\Users\joeyk\OneDrive\Desktop\CNN\Creación_de_Dataset_híbrido\Face-Recognition Proyect\Dataset_aumentado\Jennifer Lawrence\JenniferLawrence_69_proc_aug03.jpg,Jennifer Lawrence,3,Directo
C:\Users\joeyk\OneDrive\Desktop\CNN\Creación_de_Dataset_híbrido\Face-Recognition Proyect\Dataset_aumentado\Natalie Portman\Natalie_Portman_30_proc_aug02.jpg,Natalie Portman,8,Directo
C:\Users\joeyk\OneDrive\Desktop\CNN\Creación_de_Dataset_híbrido\Face-Recognition Proyect\Dataset_aumentado\Angelina Jolie\Angelina_Jolie_19_proc_aug03.jpg,Angelina Jolie,0,Directo
C:\Users\joeyk\OneDrive\Desktop\CNN\Creación_de_Dataset_híbrido\Face-Recognition Proyect\Dataset_aumentado\Brad Pitt\BradPitt_42_proc_aug03.jpg,Brad Pitt,1,Directo
C:\Users\joeyk\OneDrive\Desktop\CNN\Creación_de_Dataset_híbrido\Face-Recognition Proyect\Dataset_aumentado\Brad Pitt\BradPitt_19_proc_aug01.jpg,Brad Pitt,1,Directo
C:\Users\joeyk\OneDrive\Desktop\CNN\Creación_de_Dataset_híbrido\Face-Recognition Proyect\Dataset_aumentado\Israel\Israel_264_proc_aug03.jpg,Israel,2,Directo
C:\Users\joeyk\OneDrive\Desktop\CNN\Creación_de_Dataset_híbrido\Face-Recognition Proyect\Dataset_aumentado\Kevin\Kevin_183_proc_aug02.jpg,Kevin,6,Directo
C:\Users\joeyk\OneDrive\Desktop\CNN\Creación_de_Dataset_híbrido\Face-Recognition Proyect\Dataset_aumentado\Kevin\Kevin_105_proc_aug02.jpg,Kevin,6,Directo
C:\Users\joeyk\OneDrive\Desktop\CNN\Creación_de_Dataset_híbrido\Face-Recognition Proyect\Dataset_aumentado\Joey\Joey_158_proc.jpg,Joey,4,Directo
C:\Users\joeyk\OneDrive\Desktop\CNN\Creación_de_Dataset_híbrido\Face-Recognition Proyect\Dataset_aumentado\Israel\Israel_139_proc.jpg,Israel,2,Directo
C:\Users\joeyk\OneDrive\Desktop\CNN\Creación_de_Dataset_híbrido\Face-Recognition Proyect\Dataset_aumentado\Natalie Portman\Natalie_Portman_9_proc_aug03.jpg,Natalie Portman,8,Directo
C:\Users\joeyk\OneDrive\Desktop\CNN\Creación_de_Dataset_híbrido\Face-Recognition Proyect\Dataset_aumentado\Israel\Israel_94_proc_aug01.jpg,Israel,2,Directo
C:\Users\joeyk\OneDrive\Desktop\CNN\Creación_de_Dataset_híbrido\Face-Recognition Proyect\Dataset_aumentado\Leonardo DiCaprio\Leonardo_DiCaprio_2_proc_aug02.jpg,Leonardo DiCaprio,7,Directo
C:\Users\joeyk\OneDrive\Desktop\CNN\Creación_de_Dataset_híbrido\Face-Recognition Proyect\Dataset_aumentado\Nicole Kidman\Nicole_Kidman_41_proc.jpg,Nicole Kidman,9,Directo
C:\Users\joeyk\OneDrive\Desktop\CNN\Creación_de_Dataset_híbrido\Face-Recognition Proyect\Dataset_aumentado\Angelina Jolie\Angelina_Jolie_73_proc_aug01.jpg,Angelina Jolie,0,Directo
C:\Users\joeyk\OneDrive\Desktop\CNN\Creación_de_Dataset_híbrido\Face-Recognition Proyect\Dataset_aumentado\Israel\Israel_180_proc_aug01.jpg,Israel,2,Directo
C:\Users\joeyk\OneDrive\Desktop\CNN\Creación_de_Dataset_híbrido\Face-Recognition Proyect\Dataset_aumentado\Natalie Portman\Natalie_Portman_21_proc.jpg,Natalie Portman,8,Directo
C:\Users\joeyk\OneDrive\Desktop\CNN\Creación_de_Dataset_híbrido\Face-Recognition Proyect\Dataset_aumentado\Kevin\Kevin_32_proc.jpg,Kevin,6,Directo
C:\Users\joeyk\OneDrive\Desktop\CNN\Creación_de_Dataset_híbrido\Face-Recognition Proyect\Dataset_aumentado\Israel\Israel_182_proc_aug01.jpg,Israel,2,Directo
C:\Users\joeyk\OneDrive\Desktop\CNN\Creación_de_Dataset_híbrido\Face-Recognition Proyect\Dataset_aumentado\Nicole Kidman\Nicole_Kidman_59_proc_aug02.jpg,Nicole Kidman,9,Directo
C:\Users\joeyk\OneDrive\Desktop\CNN\Creación_de_Dataset_híbrido\Face-Recognition Proyect\Dataset_aumentado\Joey\Joey_214_proc.jpg,Joey,4,Directo
C:\Users\joeyk\OneDrive\Desktop\CNN\Creación_de_Dataset_híbrido\Face-Recognition Proyect\Dataset_aumentado\Israel\Israel_77_proc_aug01.jpg,Israel,2,Directo
C:\Users\joeyk\OneDrive\Desktop\CNN\Creación_de_Dataset_híbrido\Face-Recognition Proyect\Dataset_aumentado\Johnny Depp\Johnny_Depp_90_proc_aug02.jpg,Johnny Depp,5,Directo
C:\Users\joeyk\OneDrive\Desktop\CNN\Creación_de_Dataset_híbrido\Face-Recognition Proyect\Dataset_aumentado\Kevin\Kevin_125_proc_aug03.jpg,Kevin,6,Directo
C:\Users\joeyk\OneDrive\Desktop\CNN\Creación_de_Dataset_híbrido\Face-Recognition Proyect\Dataset_aumentado\Joey\Joey_275_proc.jpg,Joey,4,Directo
C:\Users\joeyk\OneDrive\Desktop\CNN\Creación_de_Dataset_híbrido\Face-Recognition Proyect\Dataset_aumentado\Brad Pitt\BradPitt_64_proc_aug02.jpg,Brad Pitt,1,Directo
C:\Users\joeyk\OneDrive\Desktop\CNN\Creación_de_Dataset_híbrido\Face-Recognition Proyect\Dataset_aumentado\Joey\Joey_16_proc.jpg,Joey,4,Directo
C:\Users\joeyk\OneDrive\Desktop\CNN\Creación_de_Dataset_híbrido\Face-Recognition Proyect\Dataset_aumentado\Brad Pitt\BradPitt_67_proc_aug02.jpg,Brad Pitt,1,Directo
C:\Users\joeyk\OneDrive\Desktop\CNN\Creación_de_Dataset_híbrido\Face-Recognition Proyect\Dataset_aumentado\Leonardo DiCaprio\Leonardo_DiCaprio_94_proc_aug02.jpg,Leonardo DiCaprio,7,Directo
C:\Users\joeyk\OneDrive\Desktop\CNN\Creación_de_Dataset_híbrido\Face-Recognition Proyect\Dataset_aumentado\Joey\Joey_64_proc_aug01.jpg,Joey,4,Directo
C:\Users\joeyk\OneDrive\Desktop\CNN\Creación_de_Dataset_híbrido\Face-Recognition Proyect\Dataset_aumentado\Israel\Israel_120_proc.jpg,Israel,2,Directo
C:\Users\joeyk\OneDrive\Desktop\CNN\Creación_de_Dataset_híbrido\Face-Recognition Proyect\Dataset_aumentado\Leonardo DiCaprio\Leonardo_DiCaprio_58_proc_aug02.jpg,Leonardo DiCaprio,7,Directo
C:\Users\joeyk\OneDrive\Desktop\CNN\Creación_de_Dataset_híbrido\Face-Recognition Proyect\Dataset_aumentado\Israel\Israel_80_proc_aug03.jpg,Israel,2,Directo
C:\Users\joeyk\OneDrive\Desktop\CNN\Creación_de_Dataset_híbrido\Face-Recognition Proyect\Dataset_aumentado\Israel\Israel_329_proc.jpg,Israel,2,Directo
C:\Users\joeyk\OneDrive\Desktop\CNN\Creación_de_Dataset_híbrido\Face-Recognition Proyect\Dataset_aumentado\Angelina Jolie\Angelina_Jolie_49_proc_aug03.jpg,Angelina Jolie,0,Directo
C:\Users\joeyk\OneDrive\Desktop\CNN\Creación_de_Dataset_híbrido\Face-Recognition Proyect\Dataset_aumentado\Jennifer Lawrence\JenniferLawrence_5_proc.jpg,Jennifer Lawrence,3,Directo
C:\Users\joeyk\OneDrive\Desktop\CNN\Creación_de_Dataset_híbrido\Face-Recognition Proyect\Dataset_aumentado\Joey\Joey_116_proc_aug03.jpg,Joey,4,Directo
C:\Users\joeyk\OneDrive\Desktop\CNN\Creación_de_Dataset_híbrido\Face-Recognition Proyect\Dataset_aumentado\Kevin\Kevin_175_proc_aug01.jpg,Kevin,6,Directo
C:\Users\joeyk\OneDrive\Desktop\CNN\Creación_de_Dataset_híbrido\Face-Recognition Proyect\Dataset_aumentado\Leonardo DiCaprio\Leonardo_DiCaprio_46_proc_aug01.jpg,Leonardo DiCaprio,7,Directo
C:\Users\joeyk\OneDrive\Desktop\CNN\Creación_de_Dataset_híbrido\Face-Recognition Proyect\Dataset_aumentado\Nicole Kidman\Nicole_Kidman_76_proc_aug01.jpg,Nicole Kidman,9,Directo
C:\Users\joeyk\OneDrive\Desktop\CNN\Creación_de_Dataset_híbrido\Face-Recognition Proyect\Dataset_aumentado\Brad Pitt\BradPitt_95_proc_aug03.jpg,Brad Pitt,1,Directo
C:\Users\joeyk\OneDrive\Desktop\CNN\Creación_de_Dataset_híbrido\Face-Recognition Proyect\Dataset_aumentado\Leonardo DiCaprio\Leonardo_DiCaprio_19_proc.jpg,Leonardo DiCaprio,7,Directo
C:\Users\joeyk\OneDrive\Desktop\CNN\Creación_de_Dataset_híbrido\Face-Recognition Proyect\Dataset_aumentado\Leonardo DiCaprio\Leonardo_DiCaprio_93_proc_aug01.jpg,Leonardo DiCaprio,7,Directo
C:\Users\joeyk\OneDrive\Desktop\CNN\Creación_de_Dataset_híbrido\Face-Recognition Proyect\Dataset_aumentado\Israel\Israel_269_proc_aug02.jpg,Israel,2,Directo
C:\Users\joeyk\OneDrive\Desktop\CNN\Creación_de_Dataset_híbrido\Face-Recognition Proyect\Dataset_aumentado\Joey\Joey_73_proc_aug03.jpg,Joey,4,Directo
C:\Users\joeyk\OneDrive\Desktop\CNN\Creación_de_Dataset_híbrido\Face-Recognition Proyect\Dataset_aumentado\Israel\Israel_256_proc_aug03.jpg,Israel,2,Directo
C:\Users\joeyk\OneDrive\Desktop\CNN\Creación_de_Dataset_híbrido\Face-Recognition Proyect\Dataset_aumentado\Joey\Joey_145_proc_aug03.jpg,Joey,4,Directo
C:\Users\joeyk\OneDrive\Desktop\CNN\Creación_de_Dataset_híbrido\Face-Recognition Proyect\Dataset_aumentado\Joey\Joey_133_proc_aug01.jpg,Joey,4,Directo
C:\Users\joeyk\OneDrive\Desktop\CNN\Creación_de_Dataset_híbrido\Face-Recognition Proyect\Dataset_aumentado\Kevin\Kevin_66_proc_aug03.jpg,Kevin,6,Directo
C:\Users\joeyk\OneDrive\Desktop\CNN\Creación_de_Dataset_híbrido\Face-Recognition Proyect\Dataset_aumentado\Israel\Israel_180_proc_aug02.jpg,Israel,2,Directo
C:\Users\joeyk\OneDrive\Desktop\CNN\Creación_de_Dataset_híbrido\Face-Recognition Proyect\Dataset_aumentado\Joey\Joey_232_proc.jpg,Joey,4,Directo
C:\Users\joeyk\OneDrive\Desktop\CNN\Creación_de_Dataset_híbrido\Face-Recognition Proyect\Dataset_aumentado\Israel\Israel_218_proc_aug02.jpg,Israel,2,Directo
C:\Users\joeyk\OneDrive\Desktop\CNN\Creación_de_Dataset_híbrido\Face-Recognition Proyect\Dataset_aumentado\Kevin\Kevin_94_proc_aug01.jpg,Kevin,6,Directo
C:\Users\joeyk\OneDrive\Desktop\CNN\Creación_de_Dataset_híbrido\Face-Recognition Proyect\Dataset_aumentado\Natalie Portman\Natalie_Portman_33_proc_aug03.jpg,Natalie Portman,8,Directo
C:\Users\joeyk\OneDrive\Desktop\CNN\Creación_de_Dataset_híbrido\Face-Recognition Proyect\Dataset_aumentado\Israel\Israel_37_proc_aug02.jpg,Israel,2,Directo
C:\Users\joeyk\OneDrive\Desktop\CNN\Creación_de_Dataset_híbrido\Face-Recognition Proyect\Dataset_aumentado\Joey\Joey_121_proc_aug03.jpg,Joey,4,Directo
C:\Users\joeyk\OneDrive\Desktop\CNN\Creación_de_Dataset_híbrido\Face-Recognition Proyect\Dataset_aumentado\Angelina Jolie\Angelina_Jolie_39_proc_aug03.jpg,Angelina Jolie,0,Directo
C:\Users\joeyk\OneDrive\Desktop\CNN\Creación_de_Dataset_híbrido\Face-Recognition Proyect\Dataset_aumentado\Israel\Israel_121_proc_aug02.jpg,Israel,2,Directo
C:\Users\joeyk\OneDrive\Desktop\CNN\Creación_de_Dataset_híbrido\Face-Recognition Proyect\Dataset_aumentado\Israel\Israel_222_proc_aug03.jpg,Israel,2,Directo
C:\Users\joeyk\OneDrive\Desktop\CNN\Creación_de_Dataset_híbrido\Face-Recognition Proyect\Dataset_aumentado\Joey\Joey_182_proc_aug03.jpg,Joey,4,Directo
C:\Users\joeyk\OneDrive\Desktop\CNN\Creación_de_Dataset_híbrido\Face-Recognition Proyect\Dataset_aumentado\Johnny Depp\Johnny_Depp_60_proc_aug03.jpg,Johnny Depp,5,Directo
C:\Users\joeyk\OneDrive\Desktop\CNN\Creación_de_Dataset_híbrido\Face-Recognition Proyect\Dataset_aumentado\Leonardo DiCaprio\Leonardo_DiCaprio_19_proc_aug02.jpg,Leonardo DiCaprio,7,Directo
C:\Users\joeyk\OneDrive\Desktop\CNN\Creación_de_Dataset_híbrido\Face-Recognition Proyect\Dataset_aumentado\Israel\Israel_237_proc_aug03.jpg,Israel,2,Directo
C:\Users\joeyk\OneDrive\Desktop\CNN\Creación_de_Dataset_híbrido\Face-Recognition Proyect\Dataset_aumentado\Joey\Joey_40_proc_aug01.jpg,Joey,4,Directo
C:\Users\joeyk\OneDrive\Desktop\CNN\Creación_de_Dataset_híbrido\Face-Recognition Proyect\Dataset_aumentado\Joey\Joey_243_proc_aug03.jpg,Joey,4,Directo
C:\Users\joeyk\OneDrive\Desktop\CNN\Creación_de_Dataset_híbrido\Face-Recognition Proyect\Dataset_aumentado\Nicole Kidman\Nicole_Kidman_95_proc_aug02.jpg,Nicole Kidman,9,Directo
C:\Users\joeyk\OneDrive\Desktop\CNN\Creación_de_Dataset_híbrido\Face-Recognition Proyect\Dataset_aumentado\Jennifer Lawrence\JenniferLawrence_56_proc_aug03.jpg,Jennifer Lawrence,3,Directo
C:\Users\joeyk\OneDrive\Desktop\CNN\Creación_de_Dataset_híbrido\Face-Recognition Proyect\Dataset_aumentado\Jennifer Lawrence\JenniferLawrence_88_proc_aug02.jpg,Jennifer Lawrence,3,Directo
C:\Users\joeyk\OneDrive\Desktop\CNN\Creación_de_Dataset_híbrido\Face-Recognition Proyect\Dataset_aumentado\Johnny Depp\Johnny_Depp_37_proc_aug01.jpg,Johnny Depp,5,Directo
C:\Users\joeyk\OneDrive\Desktop\CNN\Creación_de_Dataset_híbrido\Face-Recognition Proyect\Dataset_aumentado\Kevin\Kevin_140_proc_aug02.jpg,Kevin,6,Directo
C:\Users\joeyk\OneDrive\Desktop\CNN\Creación_de_Dataset_híbrido\Face-Recognition Proyect\Dataset_aumentado\Jennifer Lawrence\JenniferLawrence_44_proc_aug02.jpg,Jennifer Lawrence,3,Directo
C:\Users\joeyk\OneDrive\Desktop\CNN\Creación_de_Dataset_híbrido\Face-Recognition Proyect\Dataset_aumentado\Natalie Portman\Natalie_Portman_42_proc_aug01.jpg,Natalie Portman,8,Directo
C:\Users\joeyk\OneDrive\Desktop\CNN\Creación_de_Dataset_híbrido\Face-Recognition Proyect\Dataset_aumentado\Israel\Israel_228_proc_aug03.jpg,Israel,2,Directo
C:\Users\joeyk\OneDrive\Desktop\CNN\Creación_de_Dataset_híbrido\Face-Recognition Proyect\Dataset_aumentado\Israel\Israel_197_proc.jpg,Israel,2,Directo
C:\Users\joeyk\OneDrive\Desktop\CNN\Creación_de_Dataset_híbrido\Face-Recognition Proyect\Dataset_aumentado\Israel\Israel_212_proc_aug03.jpg,Israel,2,Directo
C:\Users\joeyk\OneDrive\Desktop\CNN\Creación_de_Dataset_híbrido\Face-Recognition Proyect\Dataset_aumentado\Angelina Jolie\Angelina_Jolie_9_proc_aug01.jpg,Angelina Jolie,0,Directo
C:\Users\joeyk\OneDrive\Desktop\CNN\Creación_de_Dataset_híbrido\Face-Recognition Proyect\Dataset_aumentado\Leonardo DiCaprio\Leonardo_DiCaprio_72_proc.jpg,Leonardo DiCaprio,7,Directo
C:\Users\joeyk\OneDrive\Desktop\CNN\Creación_de_Dataset_híbrido\Face-Recognition Proyect\Dataset_aumentado\Leonardo DiCaprio\Leonardo_DiCaprio_6_proc.jpg,Leonardo DiCaprio,7,Directo
C:\Users\joeyk\OneDrive\Desktop\CNN\Creación_de_Dataset_híbrido\Face-Recognition Proyect\Dataset_aumentado\Kevin\Kevin_139_proc_aug02.jpg,Kevin,6,Directo
C:\Users\joeyk\OneDrive\Desktop\CNN\Creación_de_Dataset_híbrido\Face-Recognition Proyect\Dataset_aumentado\Brad Pitt\BradPitt_10_proc.jpg,Brad Pitt,1,Directo
C:\Users\joeyk\OneDrive\Desktop\CNN\Creación_de_Dataset_híbrido\Face-Recognition Proyect\Dataset_aumentado\Johnny Depp\Johnny_Depp_62_proc_aug01.jpg,Johnny Depp,5,Directo
C:\Users\joeyk\OneDrive\Desktop\CNN\Creación_de_Dataset_híbrido\Face-Recognition Proyect\Dataset_aumentado\Joey\Joey_225_proc.jpg,Joey,4,Directo
C:\Users\joeyk\OneDrive\Desktop\CNN\Creación_de_Dataset_híbrido\Face-Recognition Proyect\Dataset_aumentado\Kevin\Kevin_106_proc.jpg,Kevin,6,Directo
C:\Users\joeyk\OneDrive\Desktop\CNN\Creación_de_Dataset_híbrido\Face-Recognition Proyect\Dataset_aumentado\Brad Pitt\BradPitt_21_proc_aug01.jpg,Brad Pitt,1,Directo
C:\Users\joeyk\OneDrive\Desktop\CNN\Creación_de_Dataset_híbrido\Face-Recognition Proyect\Dataset_aumentado\Joey\Joey_36_proc.jpg,Joey,4,Directo
C:\Users\joeyk\OneDrive\Desktop\CNN\Creación_de_Dataset_híbrido\Face-Recognition Proyect\Dataset_aumentado\Kevin\Kevin_37_proc_aug02.jpg,Kevin,6,Directo
C:\Users\joeyk\OneDrive\Desktop\CNN\Creación_de_Dataset_híbrido\Face-Recognition Proyect\Dataset_aumentado\Joey\Joey_46_proc_aug02.jpg,Joey,4,Directo
C:\Users\joeyk\OneDrive\Desktop\CNN\Creación_de_Dataset_híbrido\Face-Recognition Proyect\Dataset_aumentado\Nicole Kidman\Nicole_Kidman_98_proc_aug01.jpg,Nicole Kidman,9,Directo
C:\Users\joeyk\OneDrive\Desktop\CNN\Creación_de_Dataset_híbrido\Face-Recognition Proyect\Dataset_aumentado\Kevin\Kevin_192_proc_aug02.jpg,Kevin,6,Directo
C:\Users\joeyk\OneDrive\Desktop\CNN\Creación_de_Dataset_híbrido\Face-Recognition Proyect\Dataset_aumentado\Angelina Jolie\Angelina_Jolie_72_proc_aug02.jpg,Angelina Jolie,0,Directo
C:\Users\joeyk\OneDrive\Desktop\CNN\Creación_de_Dataset_híbrido\Face-Recognition Proyect\Dataset_aumentado\Kevin\Kevin_40_proc_aug02.jpg,Kevin,6,Directo
C:\Users\joeyk\OneDrive\Desktop\CNN\Creación_de_Dataset_híbrido\Face-Recognition Proyect\Dataset_aumentado\Joey\Joey_96_proc.jpg,Joey,4,Directo
C:\Users\joeyk\OneDrive\Desktop\CNN\Creación_de_Dataset_híbrido\Face-Recognition Proyect\Dataset_aumentado\Kevin\Kevin_82_proc_aug01.jpg,Kevin,6,Directo
C:\Users\joeyk\OneDrive\Desktop\CNN\Creación_de_Dataset_híbrido\Face-Recognition Proyect\Dataset_aumentado\Israel\Israel_156_proc.jpg,Israel,2,Directo
C:\Users\joeyk\OneDrive\Desktop\CNN\Creación_de_Dataset_híbrido\Face-Recognition Proyect\Dataset_aumentado\Nicole Kidman\Nicole_Kidman_90_proc.jpg,Nicole Kidman,9,Directo
C:\Users\joeyk\OneDrive\Desktop\CNN\Creación_de_Dataset_híbrido\Face-Recognition Proyect\Dataset_aumentado\Joey\Joey_245_proc_aug02.jpg,Joey,4,Directo
C:\Users\joeyk\OneDrive\Desktop\CNN\Creación_de_Dataset_híbrido\Face-Recognition Proyect\Dataset_aumentado\Israel\Israel_164_proc_aug02.jpg,Israel,2,Directo
C:\Users\joeyk\OneDrive\Desktop\CNN\Creación_de_Dataset_híbrido\Face-Recognition Proyect\Dataset_aumentado\Leonardo DiCaprio\Leonardo_DiCaprio_57_proc_aug01.jpg,Leonardo DiCaprio,7,Directo
C:\Users\joeyk\OneDrive\Desktop\CNN\Creación_de_Dataset_híbrido\Face-Recognition Proyect\Dataset_aumentado\Joey\Joey_215_proc_aug03.jpg,Joey,4,Directo
C:\Users\joeyk\OneDrive\Desktop\CNN\Creación_de_Dataset_híbrido\Face-Recognition Proyect\Dataset_aumentado\Kevin\Kevin_169_proc_aug02.jpg,Kevin,6,Directo
C:\Users\joeyk\OneDrive\Desktop\CNN\Creación_de_Dataset_híbrido\Face-Recognition Proyect\Dataset_aumentado\Leonardo DiCaprio\Leonardo_DiCaprio_47_proc.jpg,Leonardo DiCaprio,7,Directo
C:\Users\joeyk\OneDrive\Desktop\CNN\Creación_de_Dataset_híbrido\Face-Recognition Proyect\Dataset_aumentado\Nicole Kidman\Nicole_Kidman_76_proc.jpg,Nicole Kidman,9,Directo
C:\Users\joeyk\OneDrive\Desktop\CNN\Creación_de_Dataset_híbrido\Face-Recognition Proyect\Dataset_aumentado\Joey\Joey_83_proc_aug02.jpg,Joey,4,Directo
C:\Users\joeyk\OneDrive\Desktop\CNN\Creación_de_Dataset_híbrido\Face-Recognition Proyect\Dataset_aumentado\Kevin\Kevin_10_proc.jpg,Kevin,6,Directo
C:\Users\joeyk\OneDrive\Desktop\CNN\Creación_de_Dataset_híbrido\Face-Recognition Proyect\Dataset_aumentado\Israel\Israel_192_proc_aug02.jpg,Israel,2,Directo
C:\Users\joeyk\OneDrive\Desktop\CNN\Creación_de_Dataset_híbrido\Face-Recognition Proyect\Dataset_aumentado\Joey\Joey_241_proc_aug03.jpg,Joey,4,Directo
C:\Users\joeyk\OneDrive\Desktop\CNN\Creación_de_Dataset_híbrido\Face-Recognition Proyect\Dataset_aumentado\Israel\Israel_211_proc_aug01.jpg,Israel,2,Directo
C:\Users\joeyk\OneDrive\Desktop\CNN\Creación_de_Dataset_híbrido\Face-Recognition Proyect\Dataset_aumentado\Natalie Portman\Natalie_Portman_46_proc_aug02.jpg,Natalie Portman,8,Directo
C:\Users\joeyk\OneDrive\Desktop\CNN\Creación_de_Dataset_híbrido\Face-Recognition Proyect\Dataset_aumentado\Brad Pitt\BradPitt_46_proc_aug01.jpg,Brad Pitt,1,Directo
C:\Users\joeyk\OneDrive\Desktop\CNN\Creación_de_Dataset_híbrido\Face-Recognition Proyect\Dataset_aumentado\Kevin\Kevin_38_proc_aug03.jpg,Kevin,6,Directo
C:\Users\joeyk\OneDrive\Desktop\CNN\Creación_de_Dataset_híbrido\Face-Recognition Proyect\Dataset_aumentado\Israel\Israel_163_proc_aug03.jpg,Israel,2,Directo
C:\Users\joeyk\OneDrive\Desktop\CNN\Creación_de_Dataset_híbrido\Face-Recognition Proyect\Dataset_aumentado\Kevin\Kevin_11_proc_aug03.jpg,Kevin,6,Directo
C:\Users\joeyk\OneDrive\Desktop\CNN\Creación_de_Dataset_híbrido\Face-Recognition Proyect\Dataset_aumentado\Joey\Joey_18_proc.jpg,Joey,4,Directo
C:\Users\joeyk\OneDrive\Desktop\CNN\Creación_de_Dataset_híbrido\Face-Recognition Proyect\Dataset_aumentado\Israel\Israel_264_proc.jpg,Israel,2,Directo
C:\Users\joeyk\OneDrive\Desktop\CNN\Creación_de_Dataset_híbrido\Face-Recognition Proyect\Dataset_aumentado\Israel\Israel_327_proc_aug02.jpg,Israel,2,Directo
C:\Users\joeyk\OneDrive\Desktop\CNN\Creación_de_Dataset_híbrido\Face-Recognition Proyect\Dataset_aumentado\Leonardo DiCaprio\Leonardo_DiCaprio_2_proc_aug03.jpg,Leonardo DiCaprio,7,Directo
C:\Users\joeyk\OneDrive\Desktop\CNN\Creación_de_Dataset_híbrido\Face-Recognition Proyect\Dataset_aumentado\Nicole Kidman\Nicole_Kidman_63_proc_aug03.jpg,Nicole Kidman,9,Directo
C:\Users\joeyk\OneDrive\Desktop\CNN\Creación_de_Dataset_híbrido\Face-Recognition Proyect\Dataset_aumentado\Nicole Kidman\Nicole_Kidman_31_proc_aug03.jpg,Nicole Kidman,9,Directo
C:\Users\joeyk\OneDrive\Desktop\CNN\Creación_de_Dataset_híbrido\Face-Recognition Proyect\Dataset_aumentado\Johnny Depp\Johnny_Depp_7_proc_aug02.jpg,Johnny Depp,5,Directo
C:\Users\joeyk\OneDrive\Desktop\CNN\Creación_de_Dataset_híbrido\Face-Recognition Proyect\Dataset_aumentado\Kevin\Kevin_32_proc_aug01.jpg,Kevin,6,Directo
C:\Users\joeyk\OneDrive\Desktop\CNN\Creación_de_Dataset_híbrido\Face-Recognition Proyect\Dataset_aumentado\Joey\Joey_7_proc.jpg,Joey,4,Directo
C:\Users\joeyk\OneDrive\Desktop\CNN\Creación_de_Dataset_híbrido\Face-Recognition Proyect\Dataset_aumentado\Joey\Joey_120_proc_aug02.jpg,Joey,4,Directo
C:\Users\joeyk\OneDrive\Desktop\CNN\Creación_de_Dataset_híbrido\Face-Recognition Proyect\Dataset_aumentado\Kevin\Kevin_131_proc_aug03.jpg,Kevin,6,Directo
C:\Users\joeyk\OneDrive\Desktop\CNN\Creación_de_Dataset_híbrido\Face-Recognition Proyect\Dataset_aumentado\Joey\Joey_277_proc.jpg,Joey,4,Directo
C:\Users\joeyk\OneDrive\Desktop\CNN\Creación_de_Dataset_híbrido\Face-Recognition Proyect\Dataset_aumentado\Natalie Portman\Natalie_Portman_84_proc_aug01.jpg,Natalie Portman,8,Directo
C:\Users\joeyk\OneDrive\Desktop\CNN\Creación_de_Dataset_híbrido\Face-Recognition Proyect\Dataset_aumentado\Kevin\Kevin_172_proc.jpg,Kevin,6,Directo
C:\Users\joeyk\OneDrive\Desktop\CNN\Creación_de_Dataset_híbrido\Face-Recognition Proyect\Dataset_aumentado\Nicole Kidman\Nicole_Kidman_54_proc_aug01.jpg,Nicole Kidman,9,Directo
C:\Users\joeyk\OneDrive\Desktop\CNN\Creación_de_Dataset_híbrido\Face-Recognition Proyect\Dataset_aumentado\Angelina Jolie\Angelina_Jolie_60_proc.jpg,Angelina Jolie,0,Directo
C:\Users\joeyk\OneDrive\Desktop\CNN\Creación_de_Dataset_híbrido\Face-Recognition Proyect\Dataset_aumentado\Natalie Portman\Natalie_Portman_38_proc_aug01.jpg,Natalie Portman,8,Directo
C:\Users\joeyk\OneDrive\Desktop\CNN\Creación_de_Dataset_híbrido\Face-Recognition Proyect\Dataset_aumentado\Joey\Joey_55_proc_aug03.jpg,Joey,4,Directo
C:\Users\joeyk\OneDrive\Desktop\CNN\Creación_de_Dataset_híbrido\Face-Recognition Proyect\Dataset_aumentado\Kevin\Kevin_145_proc.jpg,Kevin,6,Directo
C:\Users\joeyk\OneDrive\Desktop\CNN\Creación_de_Dataset_híbrido\Face-Recognition Proyect\Dataset_aumentado\Joey\Joey_255_proc_aug03.jpg,Joey,4,Directo
C:\Users\joeyk\OneDrive\Desktop\CNN\Creación_de_Dataset_híbrido\Face-Recognition Proyect\Dataset_aumentado\Nicole Kidman\Nicole_Kidman_84_proc_aug01.jpg,Nicole Kidman,9,Directo
C:\Users\joeyk\OneDrive\Desktop\CNN\Creación_de_Dataset_híbrido\Face-Recognition Proyect\Dataset_aumentado\Kevin\Kevin_198_proc_aug03.jpg,Kevin,6,Directo
C:\Users\joeyk\OneDrive\Desktop\CNN\Creación_de_Dataset_híbrido\Face-Recognition Proyect\Dataset_aumentado\Brad Pitt\BradPitt_59_proc_aug01.jpg,Brad Pitt,1,Directo
C:\Users\joeyk\OneDrive\Desktop\CNN\Creación_de_Dataset_híbrido\Face-Recognition Proyect\Dataset_aumentado\Brad Pitt\BradPitt_40_proc_aug02.jpg,Brad Pitt,1,Directo
C:\Users\joeyk\OneDrive\Desktop\CNN\Creación_de_Dataset_híbrido\Face-Recognition Proyect\Dataset_aumentado\Israel\Israel_246_proc_aug03.jpg,Israel,2,Directo
C:\Users\joeyk\OneDrive\Desktop\CNN\Creación_de_Dataset_híbrido\Face-Recognition Proyect\Dataset_aumentado\Angelina Jolie\Angelina_Jolie_2_proc_aug01.jpg,Angelina Jolie,0,Directo
C:\Users\joeyk\OneDrive\Desktop\CNN\Creación_de_Dataset_híbrido\Face-Recognition Proyect\Dataset_aumentado\Angelina Jolie\Angelina_Jolie_15_proc_aug01.jpg,Angelina Jolie,0,Directo
C:\Users\joeyk\OneDrive\Desktop\CNN\Creación_de_Dataset_híbrido\Face-Recognition Proyect\Dataset_aumentado\Nicole Kidman\Nicole_Kidman_3_proc.jpg,Nicole Kidman,9,Directo
C:\Users\joeyk\OneDrive\Desktop\CNN\Creación_de_Dataset_híbrido\Face-Recognition Proyect\Dataset_aumentado\Natalie Portman\Natalie_Portman_80_proc_aug01.jpg,Natalie Portman,8,Directo
C:\Users\joeyk\OneDrive\Desktop\CNN\Creación_de_Dataset_híbrido\Face-Recognition Proyect\Dataset_aumentado\Joey\Joey_259_proc_aug02.jpg,Joey,4,Directo
C:\Users\joeyk\OneDrive\Desktop\CNN\Creación_de_Dataset_híbrido\Face-Recognition Proyect\Dataset_aumentado\Nicole Kidman\Nicole_Kidman_78_proc_aug03.jpg,Nicole Kidman,9,Directo
C:\Users\joeyk\OneDrive\Desktop\CNN\Creación_de_Dataset_híbrido\Face-Recognition Proyect\Dataset_aumentado\Joey\Joey_148_proc_aug01.jpg,Joey,4,Directo
C:\Users\joeyk\OneDrive\Desktop\CNN\Creación_de_Dataset_híbrido\Face-Recognition Proyect\Dataset_aumentado\Natalie Portman\Natalie_Portman_38_proc_aug03.jpg,Natalie Portman,8,Directo
C:\Users\joeyk\OneDrive\Desktop\CNN\Creación_de_Dataset_híbrido\Face-Recognition Proyect\Dataset_aumentado\Kevin\Kevin_168_proc_aug03.jpg,Kevin,6,Directo
C:\Users\joeyk\OneDrive\Desktop\CNN\Creación_de_Dataset_híbrido\Face-Recognition Proyect\Dataset_aumentado\Israel\Israel_93_proc_aug01.jpg,Israel,2,Directo
C:\Users\joeyk\OneDrive\Desktop\CNN\Creación_de_Dataset_híbrido\Face-Recognition Proyect\Dataset_aumentado\Israel\Israel_301_proc.jpg,Israel,2,Directo
C:\Users\joeyk\OneDrive\Desktop\CNN\Creación_de_Dataset_híbrido\Face-Recognition Proyect\Dataset_aumentado\Leonardo DiCaprio\Leonardo_DiCaprio_65_proc_aug03.jpg,Leonardo DiCaprio,7,Directo
C:\Users\joeyk\OneDrive\Desktop\CNN\Creación_de_Dataset_híbrido\Face-Recognition Proyect\Dataset_aumentado\Natalie Portman\Natalie_Portman_5_proc_aug02.jpg,Natalie Portman,8,Directo
C:\Users\joeyk\OneDrive\Desktop\CNN\Creación_de_Dataset_híbrido\Face-Recognition Proyect\Dataset_aumentado\Brad Pitt\BradPitt_31_proc_aug01.jpg,Brad Pitt,1,Directo
C:\Users\joeyk\OneDrive\Desktop\CNN\Creación_de_Dataset_híbrido\Face-Recognition Proyect\Dataset_aumentado\Kevin\Kevin_17_proc_aug02.jpg,Kevin,6,Directo
C:\Users\joeyk\OneDrive\Desktop\CNN\Creación_de_Dataset_híbrido\Face-Recognition Proyect\Dataset_aumentado\Natalie Portman\Natalie_Portman_11_proc_aug01.jpg,Natalie Portman,8,Directo
C:\Users\joeyk\OneDrive\Desktop\CNN\Creación_de_Dataset_híbrido\Face-Recognition Proyect\Dataset_aumentado\Nicole Kidman\Nicole_Kidman_65_proc_aug03.jpg,Nicole Kidman,9,Directo
C:\Users\joeyk\OneDrive\Desktop\CNN\Creación_de_Dataset_híbrido\Face-Recognition Proyect\Dataset_aumentado\Johnny Depp\Johnny_Depp_37_proc_aug03.jpg,Johnny Depp,5,Directo
C:\Users\joeyk\OneDrive\Desktop\CNN\Creación_de_Dataset_híbrido\Face-Recognition Proyect\Dataset_aumentado\Joey\Joey_236_proc_aug03.jpg,Joey,4,Directo
C:\Users\joeyk\OneDrive\Desktop\CNN\Creación_de_Dataset_híbrido\Face-Recognition Proyect\Dataset_aumentado\Israel\Israel_299_proc_aug01.jpg,Israel,2,Directo
C:\Users\joeyk\OneDrive\Desktop\CNN\Creación_de_Dataset_híbrido\Face-Recognition Proyect\Dataset_aumentado\Joey\Joey_242_proc.jpg,Joey,4,Directo
C:\Users\joeyk\OneDrive\Desktop\CNN\Creación_de_Dataset_híbrido\Face-Recognition Proyect\Dataset_aumentado\Israel\Israel_221_proc_aug01.jpg,Israel,2,Directo
C:\Users\joeyk\OneDrive\Desktop\CNN\Creación_de_Dataset_híbrido\Face-Recognition Proyect\Dataset_aumentado\Kevin\Kevin_25_proc_aug02.jpg,Kevin,6,Directo
C:\Users\joeyk\OneDrive\Desktop\CNN\Creación_de_Dataset_híbrido\Face-Recognition Proyect\Dataset_aumentado\Joey\Joey_224_proc_aug02.jpg,Joey,4,Directo
C:\Users\joeyk\OneDrive\Desktop\CNN\Creación_de_Dataset_híbrido\Face-Recognition Proyect\Dataset_aumentado\Jennifer Lawrence\JenniferLawrence_31_proc_aug03.jpg,Jennifer Lawrence,3,Directo
C:\Users\joeyk\OneDrive\Desktop\CNN\Creación_de_Dataset_híbrido\Face-Recognition Proyect\Dataset_aumentado\Angelina Jolie\Angelina_Jolie_9_proc_aug03.jpg,Angelina Jolie,0,Directo
C:\Users\joeyk\OneDrive\Desktop\CNN\Creación_de_Dataset_híbrido\Face-Recognition Proyect\Dataset_aumentado\Nicole Kidman\Nicole_Kidman_38_proc.jpg,Nicole Kidman,9,Directo
C:\Users\joeyk\OneDrive\Desktop\CNN\Creación_de_Dataset_híbrido\Face-Recognition Proyect\Dataset_aumentado\Johnny Depp\Johnny_Depp_24_proc.jpg,Johnny Depp,5,Directo
C:\Users\joeyk\OneDrive\Desktop\CNN\Creación_de_Dataset_híbrido\Face-Recognition Proyect\Dataset_aumentado\Israel\Israel_85_proc_aug02.jpg,Israel,2,Directo
C:\Users\joeyk\OneDrive\Desktop\CNN\Creación_de_Dataset_híbrido\Face-Recognition Proyect\Dataset_aumentado\Israel\Israel_82_proc_aug02.jpg,Israel,2,Directo
C:\Users\joeyk\OneDrive\Desktop\CNN\Creación_de_Dataset_híbrido\Face-Recognition Proyect\Dataset_aumentado\Kevin\Kevin_146_proc.jpg,Kevin,6,Directo
C:\Users\joeyk\OneDrive\Desktop\CNN\Creación_de_Dataset_híbrido\Face-Recognition Proyect\Dataset_aumentado\Joey\Joey_27_proc_aug01.jpg,Joey,4,Directo
C:\Users\joeyk\OneDrive\Desktop\CNN\Creación_de_Dataset_híbrido\Face-Recognition Proyect\Dataset_aumentado\Leonardo DiCaprio\Leonardo_DiCaprio_88_proc_aug03.jpg,Leonardo DiCaprio,7,Directo
C:\Users\joeyk\OneDrive\Desktop\CNN\Creación_de_Dataset_híbrido\Face-Recognition Proyect\Dataset_aumentado\Kevin\Kevin_180_proc_aug03.jpg,Kevin,6,Directo
C:\Users\joeyk\OneDrive\Desktop\CNN\Creación_de_Dataset_híbrido\Face-Recognition Proyect\Dataset_aumentado\Joey\Joey_102_proc.jpg,Joey,4,Directo
C:\Users\joeyk\OneDrive\Desktop\CNN\Creación_de_Dataset_híbrido\Face-Recognition Proyect\Dataset_aumentado\Brad Pitt\BradPitt_55_proc.jpg,Brad Pitt,1,Directo
C:\Users\joeyk\OneDrive\Desktop\CNN\Creación_de_Dataset_híbrido\Face-Recognition Proyect\Dataset_aumentado\Joey\Joey_257_proc_aug01.jpg,Joey,4,Directo
C:\Users\joeyk\OneDrive\Desktop\CNN\Creación_de_Dataset_híbrido\Face-Recognition Proyect\Dataset_aumentado\Joey\Joey_61_proc.jpg,Joey,4,Directo
C:\Users\joeyk\OneDrive\Desktop\CNN\Creación_de_Dataset_híbrido\Face-Recognition Proyect\Dataset_aumentado\Jennifer Lawrence\JenniferLawrence_55_proc.jpg,Jennifer Lawrence,3,Directo
C:\Users\joeyk\OneDrive\Desktop\CNN\Creación_de_Dataset_híbrido\Face-Recognition Proyect\Dataset_aumentado\Natalie Portman\Natalie_Portman_39_proc_aug01.jpg,Natalie Portman,8,Directo
C:\Users\joeyk\OneDrive\Desktop\CNN\Creación_de_Dataset_híbrido\Face-Recognition Proyect\Dataset_aumentado\Kevin\Kevin_122_proc_aug01.jpg,Kevin,6,Directo
C:\Users\joeyk\OneDrive\Desktop\CNN\Creación_de_Dataset_híbrido\Face-Recognition Proyect\Dataset_aumentado\Johnny Depp\Johnny_Depp_54_proc_aug03.jpg,Johnny Depp,5,Directo
C:\Users\joeyk\OneDrive\Desktop\CNN\Creación_de_Dataset_híbrido\Face-Recognition Proyect\Dataset_aumentado\Joey\Joey_123_proc_aug02.jpg,Joey,4,Directo
C:\Users\joeyk\OneDrive\Desktop\CNN\Creación_de_Dataset_híbrido\Face-Recognition Proyect\Dataset_aumentado\Leonardo DiCaprio\Leonardo_DiCaprio_46_proc_aug03.jpg,Leonardo DiCaprio,7,Directo
C:\Users\joeyk\OneDrive\Desktop\CNN\Creación_de_Dataset_híbrido\Face-Recognition Proyect\Dataset_aumentado\Kevin\Kevin_184_proc_aug01.jpg,Kevin,6,Directo
C:\Users\joeyk\OneDrive\Desktop\CNN\Creación_de_Dataset_híbrido\Face-Recognition Proyect\Dataset_aumentado\Brad Pitt\BradPitt_4_proc_aug02.jpg,Brad Pitt,1,Directo
C:\Users\joeyk\OneDrive\Desktop\CNN\Creación_de_Dataset_híbrido\Face-Recognition Proyect\Dataset_aumentado\Israel\Israel_271_proc_aug02.jpg,Israel,2,Directo
C:\Users\joeyk\OneDrive\Desktop\CNN\Creación_de_Dataset_híbrido\Face-Recognition Proyect\Dataset_aumentado\Kevin\Kevin_189_proc_aug02.jpg,Kevin,6,Directo
C:\Users\joeyk\OneDrive\Desktop\CNN\Creación_de_Dataset_híbrido\Face-Recognition Proyect\Dataset_aumentado\Natalie Portman\Natalie_Portman_62_proc_aug01.jpg,Natalie Portman,8,Directo
C:\Users\joeyk\OneDrive\Desktop\CNN\Creación_de_Dataset_híbrido\Face-Recognition Proyect\Dataset_aumentado\Israel\Israel_112_proc_aug01.jpg,Israel,2,Directo
C:\Users\joeyk\OneDrive\Desktop\CNN\Creación_de_Dataset_híbrido\Face-Recognition Proyect\Dataset_aumentado\Israel\Israel_105_proc_aug01.jpg,Israel,2,Directo
C:\Users\joeyk\OneDrive\Desktop\CNN\Creación_de_Dataset_híbrido\Face-Recognition Proyect\Dataset_aumentado\Israel\Israel_310_proc_aug03.jpg,Israel,2,Directo
C:\Users\joeyk\OneDrive\Desktop\CNN\Creación_de_Dataset_híbrido\Face-Recognition Proyect\Dataset_aumentado\Natalie Portman\Natalie_Portman_66_proc_aug01.jpg,Natalie Portman,8,Directo
C:\Users\joeyk\OneDrive\Desktop\CNN\Creación_de_Dataset_híbrido\Face-Recognition Proyect\Dataset_aumentado\Kevin\Kevin_204_proc_aug01.jpg,Kevin,6,Directo
C:\Users\joeyk\OneDrive\Desktop\CNN\Creación_de_Dataset_híbrido\Face-Recognition Proyect\Dataset_aumentado\Natalie Portman\Natalie_Portman_31_proc_aug01.jpg,Natalie Portman,8,Directo
C:\Users\joeyk\OneDrive\Desktop\CNN\Creación_de_Dataset_híbrido\Face-Recognition Proyect\Dataset_aumentado\Joey\Joey_61_proc_aug03.jpg,Joey,4,Directo
C:\Users\joeyk\OneDrive\Desktop\CNN\Creación_de_Dataset_híbrido\Face-Recognition Proyect\Dataset_aumentado\Leonardo DiCaprio\Leonardo_DiCaprio_57_proc.jpg,Leonardo DiCaprio,7,Directo
C:\Users\joeyk\OneDrive\Desktop\CNN\Creación_de_Dataset_híbrido\Face-Recognition Proyect\Dataset_aumentado\Joey\Joey_136_proc_aug02.jpg,Joey,4,Directo
C:\Users\joeyk\OneDrive\Desktop\CNN\Creación_de_Dataset_híbrido\Face-Recognition Proyect\Dataset_aumentado\Joey\Joey_32_proc.jpg,Joey,4,Directo
C:\Users\joeyk\OneDrive\Desktop\CNN\Creación_de_Dataset_híbrido\Face-Recognition Proyect\Dataset_aumentado\Joey\Joey_114_proc_aug02.jpg,Joey,4,Directo
C:\Users\joeyk\OneDrive\Desktop\CNN\Creación_de_Dataset_híbrido\Face-Recognition Proyect\Dataset_aumentado\Angelina Jolie\Angelina_Jolie_89_proc.jpg,Angelina Jolie,0,Directo
C:\Users\joeyk\OneDrive\Desktop\CNN\Creación_de_Dataset_híbrido\Face-Recognition Proyect\Dataset_aumentado\Israel\Israel_277_proc_aug03.jpg,Israel,2,Directo
C:\Users\joeyk\OneDrive\Desktop\CNN\Creación_de_Dataset_híbrido\Face-Recognition Proyect\Dataset_aumentado\Israel\Israel_131_proc_aug01.jpg,Israel,2,Directo
C:\Users\joeyk\OneDrive\Desktop\CNN\Creación_de_Dataset_híbrido\Face-Recognition Proyect\Dataset_aumentado\Leonardo DiCaprio\Leonardo_DiCaprio_13_proc_aug03.jpg,Leonardo DiCaprio,7,Directo
C:\Users\joeyk\OneDrive\Desktop\CNN\Creación_de_Dataset_híbrido\Face-Recognition Proyect\Dataset_aumentado\Natalie Portman\Natalie_Portman_35_proc_aug01.jpg,Natalie Portman,8,Directo
C:\Users\joeyk\OneDrive\Desktop\CNN\Creación_de_Dataset_híbrido\Face-Recognition Proyect\Dataset_aumentado\Angelina Jolie\Angelina_Jolie_68_proc.jpg,Angelina Jolie,0,Directo
C:\Users\joeyk\OneDrive\Desktop\CNN\Creación_de_Dataset_híbrido\Face-Recognition Proyect\Dataset_aumentado\Angelina Jolie\Angelina_Jolie_66_proc.jpg,Angelina Jolie,0,Directo
C:\Users\joeyk\OneDrive\Desktop\CNN\Creación_de_Dataset_híbrido\Face-Recognition Proyect\Dataset_aumentado\Natalie Portman\Natalie_Portman_100_proc_aug02.jpg,Natalie Portman,8,Directo
C:\Users\joeyk\OneDrive\Desktop\CNN\Creación_de_Dataset_híbrido\Face-Recognition Proyect\Dataset_aumentado\Kevin\Kevin_217_proc_aug03.jpg,Kevin,6,Directo
C:\Users\joeyk\OneDrive\Desktop\CNN\Creación_de_Dataset_híbrido\Face-Recognition Proyect\Dataset_aumentado\Kevin\Kevin_2_proc_aug01.jpg,Kevin,6,Directo
C:\Users\joeyk\OneDrive\Desktop\CNN\Creación_de_Dataset_híbrido\Face-Recognition Proyect\Dataset_aumentado\Angelina Jolie\Angelina_Jolie_73_proc.jpg,Angelina Jolie,0,Directo
C:\Users\joeyk\OneDrive\Desktop\CNN\Creación_de_Dataset_híbrido\Face-Recognition Proyect\Dataset_aumentado\Israel\Israel_88_proc.jpg,Israel,2,Directo
C:\Users\joeyk\OneDrive\Desktop\CNN\Creación_de_Dataset_híbrido\Face-Recognition Proyect\Dataset_aumentado\Natalie Portman\Natalie_Portman_74_proc_aug01.jpg,Natalie Portman,8,Directo
C:\Users\joeyk\OneDrive\Desktop\CNN\Creación_de_Dataset_híbrido\Face-Recognition Proyect\Dataset_aumentado\Kevin\Kevin_35_proc_aug02.jpg,Kevin,6,Directo
C:\Users\joeyk\OneDrive\Desktop\CNN\Creación_de_Dataset_híbrido\Face-Recognition Proyect\Dataset_aumentado\Nicole Kidman\Nicole_Kidman_50_proc_aug02.jpg,Nicole Kidman,9,Directo
C:\Users\joeyk\OneDrive\Desktop\CNN\Creación_de_Dataset_híbrido\Face-Recognition Proyect\Dataset_aumentado\Israel\Israel_263_proc_aug03.jpg,Israel,2,Directo
C:\Users\joeyk\OneDrive\Desktop\CNN\Creación_de_Dataset_híbrido\Face-Recognition Proyect\Dataset_aumentado\Israel\Israel_176_proc_aug01.jpg,Israel,2,Directo
C:\Users\joeyk\OneDrive\Desktop\CNN\Creación_de_Dataset_híbrido\Face-Recognition Proyect\Dataset_aumentado\Joey\Joey_242_proc_aug01.jpg,Joey,4,Directo
C:\Users\joeyk\OneDrive\Desktop\CNN\Creación_de_Dataset_híbrido\Face-Recognition Proyect\Dataset_aumentado\Leonardo DiCaprio\Leonardo_DiCaprio_70_proc_aug01.jpg,Leonardo DiCaprio,7,Directo
C:\Users\joeyk\OneDrive\Desktop\CNN\Creación_de_Dataset_híbrido\Face-Recognition Proyect\Dataset_aumentado\Joey\Joey_69_proc_aug02.jpg,Joey,4,Directo
C:\Users\joeyk\OneDrive\Desktop\CNN\Creación_de_Dataset_híbrido\Face-Recognition Proyect\Dataset_aumentado\Joey\Joey_204_proc_aug01.jpg,Joey,4,Directo
C:\Users\joeyk\OneDrive\Desktop\CNN\Creación_de_Dataset_híbrido\Face-Recognition Proyect\Dataset_aumentado\Johnny Depp\Johnny_Depp_54_proc_aug02.jpg,Johnny Depp,5,Directo
C:\Users\joeyk\OneDrive\Desktop\CNN\Creación_de_Dataset_híbrido\Face-Recognition Proyect\Dataset_aumentado\Leonardo DiCaprio\Leonardo_DiCaprio_16_proc_aug03.jpg,Leonardo DiCaprio,7,Directo
C:\Users\joeyk\OneDrive\Desktop\CNN\Creación_de_Dataset_híbrido\Face-Recognition Proyect\Dataset_aumentado\Angelina Jolie\Angelina_Jolie_62_proc.jpg,Angelina Jolie,0,Directo
C:\Users\joeyk\OneDrive\Desktop\CNN\Creación_de_Dataset_híbrido\Face-Recognition Proyect\Dataset_aumentado\Kevin\Kevin_70_proc_aug01.jpg,Kevin,6,Directo
C:\Users\joeyk\OneDrive\Desktop\CNN\Creación_de_Dataset_híbrido\Face-Recognition Proyect\Dataset_aumentado\Natalie Portman\Natalie_Portman_53_proc.jpg,Natalie Portman,8,Directo
C:\Users\joeyk\OneDrive\Desktop\CNN\Creación_de_Dataset_híbrido\Face-Recognition Proyect\Dataset_aumentado\Joey\Joey_236_proc_aug01.jpg,Joey,4,Directo
C:\Users\joeyk\OneDrive\Desktop\CNN\Creación_de_Dataset_híbrido\Face-Recognition Proyect\Dataset_aumentado\Joey\Joey_118_proc_aug02.jpg,Joey,4,Directo
C:\Users\joeyk\OneDrive\Desktop\CNN\Creación_de_Dataset_híbrido\Face-Recognition Proyect\Dataset_aumentado\Israel\Israel_41_proc.jpg,Israel,2,Directo
C:\Users\joeyk\OneDrive\Desktop\CNN\Creación_de_Dataset_híbrido\Face-Recognition Proyect\Dataset_aumentado\Joey\Joey_255_proc.jpg,Joey,4,Directo
C:\Users\joeyk\OneDrive\Desktop\CNN\Creación_de_Dataset_híbrido\Face-Recognition Proyect\Dataset_aumentado\Angelina Jolie\Angelina_Jolie_68_proc_aug01.jpg,Angelina Jolie,0,Directo
C:\Users\joeyk\OneDrive\Desktop\CNN\Creación_de_Dataset_híbrido\Face-Recognition Proyect\Dataset_aumentado\Joey\Joey_248_proc_aug03.jpg,Joey,4,Directo
C:\Users\joeyk\OneDrive\Desktop\CNN\Creación_de_Dataset_híbrido\Face-Recognition Proyect\Dataset_aumentado\Israel\Israel_3_proc_aug01.jpg,Israel,2,Directo
C:\Users\joeyk\OneDrive\Desktop\CNN\Creación_de_Dataset_híbrido\Face-Recognition Proyect\Dataset_aumentado\Brad Pitt\BradPitt_88_proc_aug02.jpg,Brad Pitt,1,Directo
C:\Users\joeyk\OneDrive\Desktop\CNN\Creación_de_Dataset_híbrido\Face-Recognition Proyect\Dataset_aumentado\Joey\Joey_62_proc_aug01.jpg,Joey,4,Directo
C:\Users\joeyk\OneDrive\Desktop\CNN\Creación_de_Dataset_híbrido\Face-Recognition Proyect\Dataset_aumentado\Israel\Israel_39_proc_aug02.jpg,Israel,2,Directo
C:\Users\joeyk\OneDrive\Desktop\CNN\Creación_de_Dataset_híbrido\Face-Recognition Proyect\Dataset_aumentado\Angelina Jolie\Angelina_Jolie_47_proc_aug01.jpg,Angelina Jolie,0,Directo
C:\Users\joeyk\OneDrive\Desktop\CNN\Creación_de_Dataset_híbrido\Face-Recognition Proyect\Dataset_aumentado\Brad Pitt\BradPitt_81_proc_aug01.jpg,Brad Pitt,1,Directo
C:\Users\joeyk\OneDrive\Desktop\CNN\Creación_de_Dataset_híbrido\Face-Recognition Proyect\Dataset_aumentado\Joey\Joey_130_proc.jpg,Joey,4,Directo
C:\Users\joeyk\OneDrive\Desktop\CNN\Creación_de_Dataset_híbrido\Face-Recognition Proyect\Dataset_aumentado\Brad Pitt\BradPitt_87_proc_aug01.jpg,Brad Pitt,1,Directo
C:\Users\joeyk\OneDrive\Desktop\CNN\Creación_de_Dataset_híbrido\Face-Recognition Proyect\Dataset_aumentado\Joey\Joey_246_proc_aug01.jpg,Joey,4,Directo
C:\Users\joeyk\OneDrive\Desktop\CNN\Creación_de_Dataset_híbrido\Face-Recognition Proyect\Dataset_aumentado\Israel\Israel_299_proc.jpg,Israel,2,Directo
C:\Users\joeyk\OneDrive\Desktop\CNN\Creación_de_Dataset_híbrido\Face-Recognition Proyect\Dataset_aumentado\Kevin\Kevin_10_proc_aug02.jpg,Kevin,6,Directo
C:\Users\joeyk\OneDrive\Desktop\CNN\Creación_de_Dataset_híbrido\Face-Recognition Proyect\Dataset_aumentado\Leonardo DiCaprio\Leonardo_DiCaprio_52_proc_aug03.jpg,Leonardo DiCaprio,7,Directo
C:\Users\joeyk\OneDrive\Desktop\CNN\Creación_de_Dataset_híbrido\Face-Recognition Proyect\Dataset_aumentado\Kevin\Kevin_24_proc_aug02.jpg,Kevin,6,Directo
C:\Users\joeyk\OneDrive\Desktop\CNN\Creación_de_Dataset_híbrido\Face-Recognition Proyect\Dataset_aumentado\Joey\Joey_100_proc_aug02.jpg,Joey,4,Directo
C:\Users\joeyk\OneDrive\Desktop\CNN\Creación_de_Dataset_híbrido\Face-Recognition Proyect\Dataset_aumentado\Johnny Depp\Johnny_Depp_3_proc_aug03.jpg,Johnny Depp,5,Directo
C:\Users\joeyk\OneDrive\Desktop\CNN\Creación_de_Dataset_híbrido\Face-Recognition Proyect\Dataset_aumentado\Kevin\Kevin_122_proc_aug03.jpg,Kevin,6,Directo
C:\Users\joeyk\OneDrive\Desktop\CNN\Creación_de_Dataset_híbrido\Face-Recognition Proyect\Dataset_aumentado\Nicole Kidman\Nicole_Kidman_99_proc_aug03.jpg,Nicole Kidman,9,Directo
C:\Users\joeyk\OneDrive\Desktop\CNN\Creación_de_Dataset_híbrido\Face-Recognition Proyect\Dataset_aumentado\Leonardo DiCaprio\Leonardo_DiCaprio_80_proc_aug01.jpg,Leonardo DiCaprio,7,Directo
C:\Users\joeyk\OneDrive\Desktop\CNN\Creación_de_Dataset_híbrido\Face-Recognition Proyect\Dataset_aumentado\Joey\Joey_157_proc_aug01.jpg,Joey,4,Directo
C:\Users\joeyk\OneDrive\Desktop\CNN\Creación_de_Dataset_híbrido\Face-Recognition Proyect\Dataset_aumentado\Nicole Kidman\Nicole_Kidman_56_proc_aug02.jpg,Nicole Kidman,9,Directo
C:\Users\joeyk\OneDrive\Desktop\CNN\Creación_de_Dataset_híbrido\Face-Recognition Proyect\Dataset_aumentado\Natalie Portman\Natalie_Portman_21_proc_aug03.jpg,Natalie Portman,8,Directo
C:\Users\joeyk\OneDrive\Desktop\CNN\Creación_de_Dataset_híbrido\Face-Recognition Proyect\Dataset_aumentado\Brad Pitt\BradPitt_52_proc_aug02.jpg,Brad Pitt,1,Directo
C:\Users\joeyk\OneDrive\Desktop\CNN\Creación_de_Dataset_híbrido\Face-Recognition Proyect\Dataset_aumentado\Kevin\Kevin_186_proc_aug03.jpg,Kevin,6,Directo
C:\Users\joeyk\OneDrive\Desktop\CNN\Creación_de_Dataset_híbrido\Face-Recognition Proyect\Dataset_aumentado\Angelina Jolie\Angelina_Jolie_88_proc_aug01.jpg,Angelina Jolie,0,Directo
C:\Users\joeyk\OneDrive\Desktop\CNN\Creación_de_Dataset_híbrido\Face-Recognition Proyect\Dataset_aumentado\Joey\Joey_102_proc_aug01.jpg,Joey,4,Directo
C:\Users\joeyk\OneDrive\Desktop\CNN\Creación_de_Dataset_híbrido\Face-Recognition Proyect\Dataset_aumentado\Israel\Israel_198_proc_aug03.jpg,Israel,2,Directo
C:\Users\joeyk\OneDrive\Desktop\CNN\Creación_de_Dataset_híbrido\Face-Recognition Proyect\Dataset_aumentado\Angelina Jolie\Angelina_Jolie_54_proc_aug01.jpg,Angelina Jolie,0,Directo
C:\Users\joeyk\OneDrive\Desktop\CNN\Creación_de_Dataset_híbrido\Face-Recognition Proyect\Dataset_aumentado\Joey\Joey_286_proc_aug02.jpg,Joey,4,Directo
C:\Users\joeyk\OneDrive\Desktop\CNN\Creación_de_Dataset_híbrido\Face-Recognition Proyect\Dataset_aumentado\Israel\Israel_260_proc_aug02.jpg,Israel,2,Directo
C:\Users\joeyk\OneDrive\Desktop\CNN\Creación_de_Dataset_híbrido\Face-Recognition Proyect\Dataset_aumentado\Israel\Israel_302_proc_aug01.jpg,Israel,2,Directo
C:\Users\joeyk\OneDrive\Desktop\CNN\Creación_de_Dataset_híbrido\Face-Recognition Proyect\Dataset_aumentado\Israel\Israel_318_proc_aug01.jpg,Israel,2,Directo
C:\Users\joeyk\OneDrive\Desktop\CNN\Creación_de_Dataset_híbrido\Face-Recognition Proyect\Dataset_aumentado\Leonardo DiCaprio\Leonardo_DiCaprio_93_proc_aug02.jpg,Leonardo DiCaprio,7,Directo
C:\Users\joeyk\OneDrive\Desktop\CNN\Creación_de_Dataset_híbrido\Face-Recognition Proyect\Dataset_aumentado\Israel\Israel_249_proc_aug01.jpg,Israel,2,Directo
C:\Users\joeyk\OneDrive\Desktop\CNN\Creación_de_Dataset_híbrido\Face-Recognition Proyect\Dataset_aumentado\Jennifer Lawrence\JenniferLawrence_78_proc_aug03.jpg,Jennifer Lawrence,3,Directo
C:\Users\joeyk\OneDrive\Desktop\CNN\Creación_de_Dataset_híbrido\Face-Recognition Proyect\Dataset_aumentado\Joey\Joey_172_proc_aug02.jpg,Joey,4,Directo
C:\Users\joeyk\OneDrive\Desktop\CNN\Creación_de_Dataset_híbrido\Face-Recognition Proyect\Dataset_aumentado\Nicole Kidman\Nicole_Kidman_39_proc_aug02.jpg,Nicole Kidman,9,Directo
C:\Users\joeyk\OneDrive\Desktop\CNN\Creación_de_Dataset_híbrido\Face-Recognition Proyect\Dataset_aumentado\Jennifer Lawrence\JenniferLawrence_21_proc_aug03.jpg,Jennifer Lawrence,3,Directo
C:\Users\joeyk\OneDrive\Desktop\CNN\Creación_de_Dataset_híbrido\Face-Recognition Proyect\Dataset_aumentado\Israel\Israel_231_proc_aug03.jpg,Israel,2,Directo
C:\Users\joeyk\OneDrive\Desktop\CNN\Creación_de_Dataset_híbrido\Face-Recognition Proyect\Dataset_aumentado\Jennifer Lawrence\JenniferLawrence_6_proc_aug03.jpg,Jennifer Lawrence,3,Directo
C:\Users\joeyk\OneDrive\Desktop\CNN\Creación_de_Dataset_híbrido\Face-Recognition Proyect\Dataset_aumentado\Johnny Depp\Johnny_Depp_78_proc_aug03.jpg,Johnny Depp,5,Directo
C:\Users\joeyk\OneDrive\Desktop\CNN\Creación_de_Dataset_híbrido\Face-Recognition Proyect\Dataset_aumentado\Israel\Israel_296_proc.jpg,Israel,2,Directo
C:\Users\joeyk\OneDrive\Desktop\CNN\Creación_de_Dataset_híbrido\Face-Recognition Proyect\Dataset_aumentado\Kevin\Kevin_210_proc_aug03.jpg,Kevin,6,Directo
C:\Users\joeyk\OneDrive\Desktop\CNN\Creación_de_Dataset_híbrido\Face-Recognition Proyect\Dataset_aumentado\Angelina Jolie\Angelina_Jolie_4_proc_aug02.jpg,Angelina Jolie,0,Directo
C:\Users\joeyk\OneDrive\Desktop\CNN\Creación_de_Dataset_híbrido\Face-Recognition Proyect\Dataset_aumentado\Joey\Joey_42_proc_aug01.jpg,Joey,4,Directo
C:\Users\joeyk\OneDrive\Desktop\CNN\Creación_de_Dataset_híbrido\Face-Recognition Proyect\Dataset_aumentado\Kevin\Kevin_70_proc_aug02.jpg,Kevin,6,Directo
C:\Users\joeyk\OneDrive\Desktop\CNN\Creación_de_Dataset_híbrido\Face-Recognition Proyect\Dataset_aumentado\Israel\Israel_260_proc_aug01.jpg,Israel,2,Directo
C:\Users\joeyk\OneDrive\Desktop\CNN\Creación_de_Dataset_híbrido\Face-Recognition Proyect\Dataset_aumentado\Brad Pitt\BradPitt_81_proc_aug02.jpg,Brad Pitt,1,Directo
C:\Users\joeyk\OneDrive\Desktop\CNN\Creación_de_Dataset_híbrido\Face-Recognition Proyect\Dataset_aumentado\Israel\Israel_259_proc_aug03.jpg,Israel,2,Directo
C:\Users\joeyk\OneDrive\Desktop\CNN\Creación_de_Dataset_híbrido\Face-Recognition Proyect\Dataset_aumentado\Nicole Kidman\Nicole_Kidman_38_proc_aug01.jpg,Nicole Kidman,9,Directo
C:\Users\joeyk\OneDrive\Desktop\CNN\Creación_de_Dataset_híbrido\Face-Recognition Proyect\Dataset_aumentado\Israel\Israel_208_proc_aug02.jpg,Israel,2,Directo
C:\Users\joeyk\OneDrive\Desktop\CNN\Creación_de_Dataset_híbrido\Face-Recognition Proyect\Dataset_aumentado\Natalie Portman\Natalie_Portman_19_proc_aug01.jpg,Natalie Portman,8,Directo
C:\Users\joeyk\OneDrive\Desktop\CNN\Creación_de_Dataset_híbrido\Face-Recognition Proyect\Dataset_aumentado\Jennifer Lawrence\JenniferLawrence_85_proc.jpg,Jennifer Lawrence,3,Directo
C:\Users\joeyk\OneDrive\Desktop\CNN\Creación_de_Dataset_híbrido\Face-Recognition Proyect\Dataset_aumentado\Israel\Israel_118_proc_aug02.jpg,Israel,2,Directo
C:\Users\joeyk\OneDrive\Desktop\CNN\Creación_de_Dataset_híbrido\Face-Recognition Proyect\Dataset_aumentado\Kevin\Kevin_114_proc_aug02.jpg,Kevin,6,Directo
C:\Users\joeyk\OneDrive\Desktop\CNN\Creación_de_Dataset_híbrido\Face-Recognition Proyect\Dataset_aumentado\Joey\Joey_105_proc_aug01.jpg,Joey,4,Directo
C:\Users\joeyk\OneDrive\Desktop\CNN\Creación_de_Dataset_híbrido\Face-Recognition Proyect\Dataset_aumentado\Israel\Israel_331_proc_aug02.jpg,Israel,2,Directo
C:\Users\joeyk\OneDrive\Desktop\CNN\Creación_de_Dataset_híbrido\Face-Recognition Proyect\Dataset_aumentado\Brad Pitt\BradPitt_47_proc.jpg,Brad Pitt,1,Directo
C:\Users\joeyk\OneDrive\Desktop\CNN\Creación_de_Dataset_híbrido\Face-Recognition Proyect\Dataset_aumentado\Israel\Israel_250_proc.jpg,Israel,2,Directo
C:\Users\joeyk\OneDrive\Desktop\CNN\Creación_de_Dataset_híbrido\Face-Recognition Proyect\Dataset_aumentado\Joey\Joey_184_proc.jpg,Joey,4,Directo
C:\Users\joeyk\OneDrive\Desktop\CNN\Creación_de_Dataset_híbrido\Face-Recognition Proyect\Dataset_aumentado\Jennifer Lawrence\JenniferLawrence_67_proc_aug02.jpg,Jennifer Lawrence,3,Directo
C:\Users\joeyk\OneDrive\Desktop\CNN\Creación_de_Dataset_híbrido\Face-Recognition Proyect\Dataset_aumentado\Joey\Joey_31_proc.jpg,Joey,4,Directo
C:\Users\joeyk\OneDrive\Desktop\CNN\Creación_de_Dataset_híbrido\Face-Recognition Proyect\Dataset_aumentado\Jennifer Lawrence\JenniferLawrence_36_proc.jpg,Jennifer Lawrence,3,Directo
C:\Users\joeyk\OneDrive\Desktop\CNN\Creación_de_Dataset_híbrido\Face-Recognition Proyect\Dataset_aumentado\Leonardo DiCaprio\Leonardo_DiCaprio_65_proc.jpg,Leonardo DiCaprio,7,Directo
C:\Users\joeyk\OneDrive\Desktop\CNN\Creación_de_Dataset_híbrido\Face-Recognition Proyect\Dataset_aumentado\Kevin\Kevin_62_proc_aug01.jpg,Kevin,6,Directo
C:\Users\joeyk\OneDrive\Desktop\CNN\Creación_de_Dataset_híbrido\Face-Recognition Proyect\Dataset_aumentado\Israel\Israel_246_proc_aug02.jpg,Israel,2,Directo
C:\Users\joeyk\OneDrive\Desktop\CNN\Creación_de_Dataset_híbrido\Face-Recognition Proyect\Dataset_aumentado\Israel\Israel_16_proc_aug02.jpg,Israel,2,Directo
C:\Users\joeyk\OneDrive\Desktop\CNN\Creación_de_Dataset_híbrido\Face-Recognition Proyect\Dataset_aumentado\Joey\Joey_182_proc_aug02.jpg,Joey,4,Directo
C:\Users\joeyk\OneDrive\Desktop\CNN\Creación_de_Dataset_híbrido\Face-Recognition Proyect\Dataset_aumentado\Israel\Israel_116_proc_aug03.jpg,Israel,2,Directo
C:\Users\joeyk\OneDrive\Desktop\CNN\Creación_de_Dataset_híbrido\Face-Recognition Proyect\Dataset_aumentado\Kevin\Kevin_207_proc_aug01.jpg,Kevin,6,Directo
C:\Users\joeyk\OneDrive\Desktop\CNN\Creación_de_Dataset_híbrido\Face-Recognition Proyect\Dataset_aumentado\Leonardo DiCaprio\Leonardo_DiCaprio_60_proc_aug01.jpg,Leonardo DiCaprio,7,Directo
C:\Users\joeyk\OneDrive\Desktop\CNN\Creación_de_Dataset_híbrido\Face-Recognition Proyect\Dataset_aumentado\Brad Pitt\BradPitt_64_proc.jpg,Brad Pitt,1,Directo
C:\Users\joeyk\OneDrive\Desktop\CNN\Creación_de_Dataset_híbrido\Face-Recognition Proyect\Dataset_aumentado\Joey\Joey_262_proc.jpg,Joey,4,Directo
C:\Users\joeyk\OneDrive\Desktop\CNN\Creación_de_Dataset_híbrido\Face-Recognition Proyect\Dataset_aumentado\Johnny Depp\Johnny_Depp_27_proc_aug03.jpg,Johnny Depp,5,Directo
C:\Users\joeyk\OneDrive\Desktop\CNN\Creación_de_Dataset_híbrido\Face-Recognition Proyect\Dataset_aumentado\Nicole Kidman\Nicole_Kidman_2_proc_aug01.jpg,Nicole Kidman,9,Directo
C:\Users\joeyk\OneDrive\Desktop\CNN\Creación_de_Dataset_híbrido\Face-Recognition Proyect\Dataset_aumentado\Kevin\Kevin_113_proc.jpg,Kevin,6,Directo
C:\Users\joeyk\OneDrive\Desktop\CNN\Creación_de_Dataset_híbrido\Face-Recognition Proyect\Dataset_aumentado\Jennifer Lawrence\JenniferLawrence_68_proc_aug01.jpg,Jennifer Lawrence,3,Directo
C:\Users\joeyk\OneDrive\Desktop\CNN\Creación_de_Dataset_híbrido\Face-Recognition Proyect\Dataset_aumentado\Israel\Israel_272_proc_aug03.jpg,Israel,2,Directo
C:\Users\joeyk\OneDrive\Desktop\CNN\Creación_de_Dataset_híbrido\Face-Recognition Proyect\Dataset_aumentado\Leonardo DiCaprio\Leonardo_DiCaprio_23_proc.jpg,Leonardo DiCaprio,7,Directo
C:\Users\joeyk\OneDrive\Desktop\CNN\Creación_de_Dataset_híbrido\Face-Recognition Proyect\Dataset_aumentado\Natalie Portman\Natalie_Portman_48_proc_aug01.jpg,Natalie Portman,8,Directo
C:\Users\joeyk\OneDrive\Desktop\CNN\Creación_de_Dataset_híbrido\Face-Recognition Proyect\Dataset_aumentado\Joey\Joey_71_proc.jpg,Joey,4,Directo
C:\Users\joeyk\OneDrive\Desktop\CNN\Creación_de_Dataset_híbrido\Face-Recognition Proyect\Dataset_aumentado\Joey\Joey_153_proc_aug02.jpg,Joey,4,Directo
C:\Users\joeyk\OneDrive\Desktop\CNN\Creación_de_Dataset_híbrido\Face-Recognition Proyect\Dataset_aumentado\Kevin\Kevin_212_proc_aug01.jpg,Kevin,6,Directo
C:\Users\joeyk\OneDrive\Desktop\CNN\Creación_de_Dataset_híbrido\Face-Recognition Proyect\Dataset_aumentado\Natalie Portman\Natalie_Portman_60_proc.jpg,Natalie Portman,8,Directo
C:\Users\joeyk\OneDrive\Desktop\CNN\Creación_de_Dataset_híbrido\Face-Recognition Proyect\Dataset_aumentado\Kevin\Kevin_110_proc.jpg,Kevin,6,Directo
C:\Users\joeyk\OneDrive\Desktop\CNN\Creación_de_Dataset_híbrido\Face-Recognition Proyect\Dataset_aumentado\Joey\Joey_117_proc_aug01.jpg,Joey,4,Directo
C:\Users\joeyk\OneDrive\Desktop\CNN\Creación_de_Dataset_híbrido\Face-Recognition Proyect\Dataset_aumentado\Israel\Israel_171_proc_aug01.jpg,Israel,2,Directo
C:\Users\joeyk\OneDrive\Desktop\CNN\Creación_de_Dataset_híbrido\Face-Recognition Proyect\Dataset_aumentado\Nicole Kidman\Nicole_Kidman_29_proc.jpg,Nicole Kidman,9,Directo
C:\Users\joeyk\OneDrive\Desktop\CNN\Creación_de_Dataset_híbrido\Face-Recognition Proyect\Dataset_aumentado\Israel\Israel_324_proc_aug03.jpg,Israel,2,Directo
C:\Users\joeyk\OneDrive\Desktop\CNN\Creación_de_Dataset_híbrido\Face-Recognition Proyect\Dataset_aumentado\Angelina Jolie\Angelina_Jolie_18_proc_aug03.jpg,Angelina Jolie,0,Directo
C:\Users\joeyk\OneDrive\Desktop\CNN\Creación_de_Dataset_híbrido\Face-Recognition Proyect\Dataset_aumentado\Kevin\Kevin_32_proc_aug03.jpg,Kevin,6,Directo
C:\Users\joeyk\OneDrive\Desktop\CNN\Creación_de_Dataset_híbrido\Face-Recognition Proyect\Dataset_aumentado\Joey\Joey_149_proc_aug02.jpg,Joey,4,Directo
C:\Users\joeyk\OneDrive\Desktop\CNN\Creación_de_Dataset_híbrido\Face-Recognition Proyect\Dataset_aumentado\Israel\Israel_239_proc_aug02.jpg,Israel,2,Directo
C:\Users\joeyk\OneDrive\Desktop\CNN\Creación_de_Dataset_híbrido\Face-Recognition Proyect\Dataset_aumentado\Leonardo DiCaprio\Leonardo_DiCaprio_71_proc.jpg,Leonardo DiCaprio,7,Directo
C:\Users\joeyk\OneDrive\Desktop\CNN\Creación_de_Dataset_híbrido\Face-Recognition Proyect\Dataset_aumentado\Jennifer Lawrence\JenniferLawrence_52_proc.jpg,Jennifer Lawrence,3,Directo
C:\Users\joeyk\OneDrive\Desktop\CNN\Creación_de_Dataset_híbrido\Face-Recognition Proyect\Dataset_aumentado\Israel\Israel_169_proc_aug03.jpg,Israel,2,Directo
C:\Users\joeyk\OneDrive\Desktop\CNN\Creación_de_Dataset_híbrido\Face-Recognition Proyect\Dataset_aumentado\Brad Pitt\BradPitt_79_proc_aug02.jpg,Brad Pitt,1,Directo
C:\Users\joeyk\OneDrive\Desktop\CNN\Creación_de_Dataset_híbrido\Face-Recognition Proyect\Dataset_aumentado\Johnny Depp\Johnny_Depp_56_proc.jpg,Johnny Depp,5,Directo
C:\Users\joeyk\OneDrive\Desktop\CNN\Creación_de_Dataset_híbrido\Face-Recognition Proyect\Dataset_aumentado\Kevin\Kevin_210_proc_aug01.jpg,Kevin,6,Directo
C:\Users\joeyk\OneDrive\Desktop\CNN\Creación_de_Dataset_híbrido\Face-Recognition Proyect\Dataset_aumentado\Kevin\Kevin_92_proc_aug03.jpg,Kevin,6,Directo
C:\Users\joeyk\OneDrive\Desktop\CNN\Creación_de_Dataset_híbrido\Face-Recognition Proyect\Dataset_aumentado\Israel\Israel_248_proc_aug03.jpg,Israel,2,Directo
C:\Users\joeyk\OneDrive\Desktop\CNN\Creación_de_Dataset_híbrido\Face-Recognition Proyect\Dataset_aumentado\Israel\Israel_119_proc_aug03.jpg,Israel,2,Directo
C:\Users\joeyk\OneDrive\Desktop\CNN\Creación_de_Dataset_híbrido\Face-Recognition Proyect\Dataset_aumentado\Joey\Joey_83_proc.jpg,Joey,4,Directo
C:\Users\joeyk\OneDrive\Desktop\CNN\Creación_de_Dataset_híbrido\Face-Recognition Proyect\Dataset_aumentado\Joey\Joey_232_proc_aug01.jpg,Joey,4,Directo
C:\Users\joeyk\OneDrive\Desktop\CNN\Creación_de_Dataset_híbrido\Face-Recognition Proyect\Dataset_aumentado\Brad Pitt\BradPitt_93_proc.jpg,Brad Pitt,1,Directo
C:\Users\joeyk\OneDrive\Desktop\CNN\Creación_de_Dataset_híbrido\Face-Recognition Proyect\Dataset_aumentado\Brad Pitt\BradPitt_16_proc_aug02.jpg,Brad Pitt,1,Directo
C:\Users\joeyk\OneDrive\Desktop\CNN\Creación_de_Dataset_híbrido\Face-Recognition Proyect\Dataset_aumentado\Angelina Jolie\Angelina_Jolie_3_proc_aug01.jpg,Angelina Jolie,0,Directo
C:\Users\joeyk\OneDrive\Desktop\CNN\Creación_de_Dataset_híbrido\Face-Recognition Proyect\Dataset_aumentado\Kevin\Kevin_108_proc.jpg,Kevin,6,Directo
C:\Users\joeyk\OneDrive\Desktop\CNN\Creación_de_Dataset_híbrido\Face-Recognition Proyect\Dataset_aumentado\Israel\Israel_52_proc_aug01.jpg,Israel,2,Directo
C:\Users\joeyk\OneDrive\Desktop\CNN\Creación_de_Dataset_híbrido\Face-Recognition Proyect\Dataset_aumentado\Joey\Joey_143_proc.jpg,Joey,4,Directo
C:\Users\joeyk\OneDrive\Desktop\CNN\Creación_de_Dataset_híbrido\Face-Recognition Proyect\Dataset_aumentado\Johnny Depp\Johnny_Depp_73_proc.jpg,Johnny Depp,5,Directo
C:\Users\joeyk\OneDrive\Desktop\CNN\Creación_de_Dataset_híbrido\Face-Recognition Proyect\Dataset_aumentado\Nicole Kidman\Nicole_Kidman_57_proc.jpg,Nicole Kidman,9,Directo
C:\Users\joeyk\OneDrive\Desktop\CNN\Creación_de_Dataset_híbrido\Face-Recognition Proyect\Dataset_aumentado\Natalie Portman\Natalie_Portman_17_proc_aug03.jpg,Natalie Portman,8,Directo
C:\Users\joeyk\OneDrive\Desktop\CNN\Creación_de_Dataset_híbrido\Face-Recognition Proyect\Dataset_aumentado\Kevin\Kevin_31_proc.jpg,Kevin,6,Directo
C:\Users\joeyk\OneDrive\Desktop\CNN\Creación_de_Dataset_híbrido\Face-Recognition Proyect\Dataset_aumentado\Johnny Depp\Johnny_Depp_15_proc_aug03.jpg,Johnny Depp,5,Directo
C:\Users\joeyk\OneDrive\Desktop\CNN\Creación_de_Dataset_híbrido\Face-Recognition Proyect\Dataset_aumentado\Jennifer Lawrence\JenniferLawrence_15_proc_aug01.jpg,Jennifer Lawrence,3,Directo
C:\Users\joeyk\OneDrive\Desktop\CNN\Creación_de_Dataset_híbrido\Face-Recognition Proyect\Dataset_aumentado\Kevin\Kevin_92_proc_aug02.jpg,Kevin,6,Directo
C:\Users\joeyk\OneDrive\Desktop\CNN\Creación_de_Dataset_híbrido\Face-Recognition Proyect\Dataset_aumentado\Kevin\Kevin_85_proc_aug03.jpg,Kevin,6,Directo
C:\Users\joeyk\OneDrive\Desktop\CNN\Creación_de_Dataset_híbrido\Face-Recognition Proyect\Dataset_aumentado\Brad Pitt\BradPitt_56_proc_aug01.jpg,Brad Pitt,1,Directo
C:\Users\joeyk\OneDrive\Desktop\CNN\Creación_de_Dataset_híbrido\Face-Recognition Proyect\Dataset_aumentado\Nicole Kidman\Nicole_Kidman_27_proc.jpg,Nicole Kidman,9,Directo
C:\Users\joeyk\OneDrive\Desktop\CNN\Creación_de_Dataset_híbrido\Face-Recognition Proyect\Dataset_aumentado\Joey\Joey_19_proc_aug03.jpg,Joey,4,Directo
C:\Users\joeyk\OneDrive\Desktop\CNN\Creación_de_Dataset_híbrido\Face-Recognition Proyect\Dataset_aumentado\Kevin\Kevin_80_proc_aug01.jpg,Kevin,6,Directo
C:\Users\joeyk\OneDrive\Desktop\CNN\Creación_de_Dataset_híbrido\Face-Recognition Proyect\Dataset_aumentado\Israel\Israel_68_proc.jpg,Israel,2,Directo
C:\Users\joeyk\OneDrive\Desktop\CNN\Creación_de_Dataset_híbrido\Face-Recognition Proyect\Dataset_aumentado\Kevin\Kevin_94_proc.jpg,Kevin,6,Directo
C:\Users\joeyk\OneDrive\Desktop\CNN\Creación_de_Dataset_híbrido\Face-Recognition Proyect\Dataset_aumentado\Joey\Joey_126_proc_aug02.jpg,Joey,4,Directo
C:\Users\joeyk\OneDrive\Desktop\CNN\Creación_de_Dataset_híbrido\Face-Recognition Proyect\Dataset_aumentado\Israel\Israel_200_proc_aug03.jpg,Israel,2,Directo
C:\Users\joeyk\OneDrive\Desktop\CNN\Creación_de_Dataset_híbrido\Face-Recognition Proyect\Dataset_aumentado\Leonardo DiCaprio\Leonardo_DiCaprio_45_proc.jpg,Leonardo DiCaprio,7,Directo
C:\Users\joeyk\OneDrive\Desktop\CNN\Creación_de_Dataset_híbrido\Face-Recognition Proyect\Dataset_aumentado\Israel\Israel_75_proc_aug01.jpg,Israel,2,Directo
C:\Users\joeyk\OneDrive\Desktop\CNN\Creación_de_Dataset_híbrido\Face-Recognition Proyect\Dataset_aumentado\Nicole Kidman\Nicole_Kidman_90_proc_aug02.jpg,Nicole Kidman,9,Directo
C:\Users\joeyk\OneDrive\Desktop\CNN\Creación_de_Dataset_híbrido\Face-Recognition Proyect\Dataset_aumentado\Israel\Israel_135_proc_aug01.jpg,Israel,2,Directo
C:\Users\joeyk\OneDrive\Desktop\CNN\Creación_de_Dataset_híbrido\Face-Recognition Proyect\Dataset_aumentado\Israel\Israel_337_proc.jpg,Israel,2,Directo
C:\Users\joeyk\OneDrive\Desktop\CNN\Creación_de_Dataset_híbrido\Face-Recognition Proyect\Dataset_aumentado\Kevin\Kevin_160_proc.jpg,Kevin,6,Directo
C:\Users\joeyk\OneDrive\Desktop\CNN\Creación_de_Dataset_híbrido\Face-Recognition Proyect\Dataset_aumentado\Jennifer Lawrence\JenniferLawrence_17_proc_aug03.jpg,Jennifer Lawrence,3,Directo
C:\Users\joeyk\OneDrive\Desktop\CNN\Creación_de_Dataset_híbrido\Face-Recognition Proyect\Dataset_aumentado\Israel\Israel_230_proc_aug03.jpg,Israel,2,Directo
C:\Users\joeyk\OneDrive\Desktop\CNN\Creación_de_Dataset_híbrido\Face-Recognition Proyect\Dataset_aumentado\Joey\Joey_163_proc_aug03.jpg,Joey,4,Directo
C:\Users\joeyk\OneDrive\Desktop\CNN\Creación_de_Dataset_híbrido\Face-Recognition Proyect\Dataset_aumentado\Joey\Joey_184_proc_aug02.jpg,Joey,4,Directo
C:\Users\joeyk\OneDrive\Desktop\CNN\Creación_de_Dataset_híbrido\Face-Recognition Proyect\Dataset_aumentado\Nicole Kidman\Nicole_Kidman_39_proc.jpg,Nicole Kidman,9,Directo
C:\Users\joeyk\OneDrive\Desktop\CNN\Creación_de_Dataset_híbrido\Face-Recognition Proyect\Dataset_aumentado\Joey\Joey_281_proc_aug03.jpg,Joey,4,Directo
C:\Users\joeyk\OneDrive\Desktop\CNN\Creación_de_Dataset_híbrido\Face-Recognition Proyect\Dataset_aumentado\Kevin\Kevin_161_proc_aug02.jpg,Kevin,6,Directo
C:\Users\joeyk\OneDrive\Desktop\CNN\Creación_de_Dataset_híbrido\Face-Recognition Proyect\Dataset_aumentado\Brad Pitt\BradPitt_64_proc_aug03.jpg,Brad Pitt,1,Directo
C:\Users\joeyk\OneDrive\Desktop\CNN\Creación_de_Dataset_híbrido\Face-Recognition Proyect\Dataset_aumentado\Leonardo DiCaprio\Leonardo_DiCaprio_97_proc_aug01.jpg,Leonardo DiCaprio,7,Directo
C:\Users\joeyk\OneDrive\Desktop\CNN\Creación_de_Dataset_híbrido\Face-Recognition Proyect\Dataset_aumentado\Angelina Jolie\Angelina_Jolie_27_proc_aug01.jpg,Angelina Jolie,0,Directo
C:\Users\joeyk\OneDrive\Desktop\CNN\Creación_de_Dataset_híbrido\Face-Recognition Proyect\Dataset_aumentado\Israel\Israel_127_proc.jpg,Israel,2,Directo
C:\Users\joeyk\OneDrive\Desktop\CNN\Creación_de_Dataset_híbrido\Face-Recognition Proyect\Dataset_aumentado\Kevin\Kevin_55_proc_aug02.jpg,Kevin,6,Directo
C:\Users\joeyk\OneDrive\Desktop\CNN\Creación_de_Dataset_híbrido\Face-Recognition Proyect\Dataset_aumentado\Kevin\Kevin_108_proc_aug03.jpg,Kevin,6,Directo
C:\Users\joeyk\OneDrive\Desktop\CNN\Creación_de_Dataset_híbrido\Face-Recognition Proyect\Dataset_aumentado\Joey\Joey_298_proc_aug02.jpg,Joey,4,Directo
C:\Users\joeyk\OneDrive\Desktop\CNN\Creación_de_Dataset_híbrido\Face-Recognition Proyect\Dataset_aumentado\Joey\Joey_234_proc_aug01.jpg,Joey,4,Directo
C:\Users\joeyk\OneDrive\Desktop\CNN\Creación_de_Dataset_híbrido\Face-Recognition Proyect\Dataset_aumentado\Kevin\Kevin_147_proc_aug03.jpg,Kevin,6,Directo
C:\Users\joeyk\OneDrive\Desktop\CNN\Creación_de_Dataset_híbrido\Face-Recognition Proyect\Dataset_aumentado\Joey\Joey_15_proc_aug02.jpg,Joey,4,Directo
C:\Users\joeyk\OneDrive\Desktop\CNN\Creación_de_Dataset_híbrido\Face-Recognition Proyect\Dataset_aumentado\Kevin\Kevin_141_proc_aug03.jpg,Kevin,6,Directo
C:\Users\joeyk\OneDrive\Desktop\CNN\Creación_de_Dataset_híbrido\Face-Recognition Proyect\Dataset_aumentado\Leonardo DiCaprio\Leonardo_DiCaprio_72_proc_aug02.jpg,Leonardo DiCaprio,7,Directo
C:\Users\joeyk\OneDrive\Desktop\CNN\Creación_de_Dataset_híbrido\Face-Recognition Proyect\Dataset_aumentado\Natalie Portman\Natalie_Portman_75_proc_aug01.jpg,Natalie Portman,8,Directo
C:\Users\joeyk\OneDrive\Desktop\CNN\Creación_de_Dataset_híbrido\Face-Recognition Proyect\Dataset_aumentado\Jennifer Lawrence\JenniferLawrence_5_proc_aug01.jpg,Jennifer Lawrence,3,Directo
C:\Users\joeyk\OneDrive\Desktop\CNN\Creación_de_Dataset_híbrido\Face-Recognition Proyect\Dataset_aumentado\Angelina Jolie\Angelina_Jolie_81_proc_aug02.jpg,Angelina Jolie,0,Directo
C:\Users\joeyk\OneDrive\Desktop\CNN\Creación_de_Dataset_híbrido\Face-Recognition Proyect\Dataset_aumentado\Leonardo DiCaprio\Leonardo_DiCaprio_67_proc_aug02.jpg,Leonardo DiCaprio,7,Directo
C:\Users\joeyk\OneDrive\Desktop\CNN\Creación_de_Dataset_híbrido\Face-Recognition Proyect\Dataset_aumentado\Joey\Joey_88_proc_aug03.jpg,Joey,4,Directo
C:\Users\joeyk\OneDrive\Desktop\CNN\Creación_de_Dataset_híbrido\Face-Recognition Proyect\Dataset_aumentado\Natalie Portman\Natalie_Portman_53_proc_aug01.jpg,Natalie Portman,8,Directo
C:\Users\joeyk\OneDrive\Desktop\CNN\Creación_de_Dataset_híbrido\Face-Recognition Proyect\Dataset_aumentado\Angelina Jolie\Angelina_Jolie_57_proc_aug03.jpg,Angelina Jolie,0,Directo
C:\Users\joeyk\OneDrive\Desktop\CNN\Creación_de_Dataset_híbrido\Face-Recognition Proyect\Dataset_aumentado\Israel\Israel_167_proc.jpg,Israel,2,Directo
C:\Users\joeyk\OneDrive\Desktop\CNN\Creación_de_Dataset_híbrido\Face-Recognition Proyect\Dataset_aumentado\Nicole Kidman\Nicole_Kidman_32_proc.jpg,Nicole Kidman,9,Directo
C:\Users\joeyk\OneDrive\Desktop\CNN\Creación_de_Dataset_híbrido\Face-Recognition Proyect\Dataset_aumentado\Nicole Kidman\Nicole_Kidman_46_proc_aug03.jpg,Nicole Kidman,9,Directo
C:\Users\joeyk\OneDrive\Desktop\CNN\Creación_de_Dataset_híbrido\Face-Recognition Proyect\Dataset_aumentado\Israel\Israel_309_proc_aug02.jpg,Israel,2,Directo
C:\Users\joeyk\OneDrive\Desktop\CNN\Creación_de_Dataset_híbrido\Face-Recognition Proyect\Dataset_aumentado\Natalie Portman\Natalie_Portman_71_proc_aug03.jpg,Natalie Portman,8,Directo
C:\Users\joeyk\OneDrive\Desktop\CNN\Creación_de_Dataset_híbrido\Face-Recognition Proyect\Dataset_aumentado\Nicole Kidman\Nicole_Kidman_87_proc_aug01.jpg,Nicole Kidman,9,Directo
C:\Users\joeyk\OneDrive\Desktop\CNN\Creación_de_Dataset_híbrido\Face-Recognition Proyect\Dataset_aumentado\Kevin\Kevin_82_proc_aug03.jpg,Kevin,6,Directo
C:\Users\joeyk\OneDrive\Desktop\CNN\Creación_de_Dataset_híbrido\Face-Recognition Proyect\Dataset_aumentado\Brad Pitt\BradPitt_63_proc_aug01.jpg,Brad Pitt,1,Directo
C:\Users\joeyk\OneDrive\Desktop\CNN\Creación_de_Dataset_híbrido\Face-Recognition Proyect\Dataset_aumentado\Israel\Israel_165_proc_aug03.jpg,Israel,2,Directo
C:\Users\joeyk\OneDrive\Desktop\CNN\Creación_de_Dataset_híbrido\Face-Recognition Proyect\Dataset_aumentado\Kevin\Kevin_106_proc_aug02.jpg,Kevin,6,Directo
C:\Users\joeyk\OneDrive\Desktop\CNN\Creación_de_Dataset_híbrido\Face-Recognition Proyect\Dataset_aumentado\Jennifer Lawrence\JenniferLawrence_18_proc_aug03.jpg,Jennifer Lawrence,3,Directo
C:\Users\joeyk\OneDrive\Desktop\CNN\Creación_de_Dataset_híbrido\Face-Recognition Proyect\Dataset_aumentado\Israel\Israel_49_proc_aug01.jpg,Israel,2,Directo
C:\Users\joeyk\OneDrive\Desktop\CNN\Creación_de_Dataset_híbrido\Face-Recognition Proyect\Dataset_aumentado\Joey\Joey_239_proc.jpg,Joey,4,Directo
C:\Users\joeyk\OneDrive\Desktop\CNN\Creación_de_Dataset_híbrido\Face-Recognition Proyect\Dataset_aumentado\Israel\Israel_37_proc_aug01.jpg,Israel,2,Directo
C:\Users\joeyk\OneDrive\Desktop\CNN\Creación_de_Dataset_híbrido\Face-Recognition Proyect\Dataset_aumentado\Brad Pitt\BradPitt_54_proc.jpg,Brad Pitt,1,Directo
C:\Users\joeyk\OneDrive\Desktop\CNN\Creación_de_Dataset_híbrido\Face-Recognition Proyect\Dataset_aumentado\Kevin\Kevin_143_proc_aug01.jpg,Kevin,6,Directo
C:\Users\joeyk\OneDrive\Desktop\CNN\Creación_de_Dataset_híbrido\Face-Recognition Proyect\Dataset_aumentado\Brad Pitt\BradPitt_86_proc.jpg,Brad Pitt,1,Directo
C:\Users\joeyk\OneDrive\Desktop\CNN\Creación_de_Dataset_híbrido\Face-Recognition Proyect\Dataset_aumentado\Angelina Jolie\Angelina_Jolie_62_proc_aug02.jpg,Angelina Jolie,0,Directo
C:\Users\joeyk\OneDrive\Desktop\CNN\Creación_de_Dataset_híbrido\Face-Recognition Proyect\Dataset_aumentado\Israel\Israel_70_proc_aug02.jpg,Israel,2,Directo
C:\Users\joeyk\OneDrive\Desktop\CNN\Creación_de_Dataset_híbrido\Face-Recognition Proyect\Dataset_aumentado\Israel\Israel_96_proc_aug01.jpg,Israel,2,Directo
C:\Users\joeyk\OneDrive\Desktop\CNN\Creación_de_Dataset_híbrido\Face-Recognition Proyect\Dataset_aumentado\Israel\Israel_196_proc_aug03.jpg,Israel,2,Directo
C:\Users\joeyk\OneDrive\Desktop\CNN\Creación_de_Dataset_híbrido\Face-Recognition Proyect\Dataset_aumentado\Israel\Israel_29_proc_aug01.jpg,Israel,2,Directo
C:\Users\joeyk\OneDrive\Desktop\CNN\Creación_de_Dataset_híbrido\Face-Recognition Proyect\Dataset_aumentado\Israel\Israel_46_proc_aug03.jpg,Israel,2,Directo
C:\Users\joeyk\OneDrive\Desktop\CNN\Creación_de_Dataset_híbrido\Face-Recognition Proyect\Dataset_aumentado\Nicole Kidman\Nicole_Kidman_98_proc_aug02.jpg,Nicole Kidman,9,Directo
C:\Users\joeyk\OneDrive\Desktop\CNN\Creación_de_Dataset_híbrido\Face-Recognition Proyect\Dataset_aumentado\Johnny Depp\Johnny_Depp_39_proc_aug03.jpg,Johnny Depp,5,Directo
C:\Users\joeyk\OneDrive\Desktop\CNN\Creación_de_Dataset_híbrido\Face-Recognition Proyect\Dataset_aumentado\Joey\Joey_150_proc.jpg,Joey,4,Directo
C:\Users\joeyk\OneDrive\Desktop\CNN\Creación_de_Dataset_híbrido\Face-Recognition Proyect\Dataset_aumentado\Angelina Jolie\Angelina_Jolie_11_proc_aug01.jpg,Angelina Jolie,0,Directo
C:\Users\joeyk\OneDrive\Desktop\CNN\Creación_de_Dataset_híbrido\Face-Recognition Proyect\Dataset_aumentado\Johnny Depp\Johnny_Depp_87_proc_aug01.jpg,Johnny Depp,5,Directo
C:\Users\joeyk\OneDrive\Desktop\CNN\Creación_de_Dataset_híbrido\Face-Recognition Proyect\Dataset_aumentado\Johnny Depp\Johnny_Depp_77_proc_aug02.jpg,Johnny Depp,5,Directo
C:\Users\joeyk\OneDrive\Desktop\CNN\Creación_de_Dataset_híbrido\Face-Recognition Proyect\Dataset_aumentado\Joey\Joey_63_proc_aug02.jpg,Joey,4,Directo
C:\Users\joeyk\OneDrive\Desktop\CNN\Creación_de_Dataset_híbrido\Face-Recognition Proyect\Dataset_aumentado\Joey\Joey_198_proc_aug03.jpg,Joey,4,Directo
C:\Users\joeyk\OneDrive\Desktop\CNN\Creación_de_Dataset_híbrido\Face-Recognition Proyect\Dataset_aumentado\Israel\Israel_340_proc_aug03.jpg,Israel,2,Directo
C:\Users\joeyk\OneDrive\Desktop\CNN\Creación_de_Dataset_híbrido\Face-Recognition Proyect\Dataset_aumentado\Jennifer Lawrence\JenniferLawrence_78_proc_aug02.jpg,Jennifer Lawrence,3,Directo
C:\Users\joeyk\OneDrive\Desktop\CNN\Creación_de_Dataset_híbrido\Face-Recognition Proyect\Dataset_aumentado\Joey\Joey_224_proc_aug03.jpg,Joey,4,Directo
C:\Users\joeyk\OneDrive\Desktop\CNN\Creación_de_Dataset_híbrido\Face-Recognition Proyect\Dataset_aumentado\Johnny Depp\Johnny_Depp_45_proc_aug02.jpg,Johnny Depp,5,Directo
C:\Users\joeyk\OneDrive\Desktop\CNN\Creación_de_Dataset_híbrido\Face-Recognition Proyect\Dataset_aumentado\Natalie Portman\Natalie_Portman_70_proc_aug02.jpg,Natalie Portman,8,Directo
C:\Users\joeyk\OneDrive\Desktop\CNN\Creación_de_Dataset_híbrido\Face-Recognition Proyect\Dataset_aumentado\Joey\Joey_47_proc_aug01.jpg,Joey,4,Directo
C:\Users\joeyk\OneDrive\Desktop\CNN\Creación_de_Dataset_híbrido\Face-Recognition Proyect\Dataset_aumentado\Israel\Israel_68_proc_aug02.jpg,Israel,2,Directo
C:\Users\joeyk\OneDrive\Desktop\CNN\Creación_de_Dataset_híbrido\Face-Recognition Proyect\Dataset_aumentado\Kevin\Kevin_39_proc_aug03.jpg,Kevin,6,Directo
C:\Users\joeyk\OneDrive\Desktop\CNN\Creación_de_Dataset_híbrido\Face-Recognition Proyect\Dataset_aumentado\Jennifer Lawrence\JenniferLawrence_37_proc_aug01.jpg,Jennifer Lawrence,3,Directo
C:\Users\joeyk\OneDrive\Desktop\CNN\Creación_de_Dataset_híbrido\Face-Recognition Proyect\Dataset_aumentado\Angelina Jolie\Angelina_Jolie_37_proc_aug03.jpg,Angelina Jolie,0,Directo
C:\Users\joeyk\OneDrive\Desktop\CNN\Creación_de_Dataset_híbrido\Face-Recognition Proyect\Dataset_aumentado\Natalie Portman\Natalie_Portman_7_proc_aug03.jpg,Natalie Portman,8,Directo
C:\Users\joeyk\OneDrive\Desktop\CNN\Creación_de_Dataset_híbrido\Face-Recognition Proyect\Dataset_aumentado\Israel\Israel_250_proc_aug02.jpg,Israel,2,Directo
C:\Users\joeyk\OneDrive\Desktop\CNN\Creación_de_Dataset_híbrido\Face-Recognition Proyect\Dataset_aumentado\Joey\Joey_161_proc_aug01.jpg,Joey,4,Directo
C:\Users\joeyk\OneDrive\Desktop\CNN\Creación_de_Dataset_híbrido\Face-Recognition Proyect\Dataset_aumentado\Brad Pitt\BradPitt_87_proc_aug02.jpg,Brad Pitt,1,Directo
C:\Users\joeyk\OneDrive\Desktop\CNN\Creación_de_Dataset_híbrido\Face-Recognition Proyect\Dataset_aumentado\Natalie Portman\Natalie_Portman_56_proc.jpg,Natalie Portman,8,Directo
C:\Users\joeyk\OneDrive\Desktop\CNN\Creación_de_Dataset_híbrido\Face-Recognition Proyect\Dataset_aumentado\Joey\Joey_200_proc.jpg,Joey,4,Directo
C:\Users\joeyk\OneDrive\Desktop\CNN\Creación_de_Dataset_híbrido\Face-Recognition Proyect\Dataset_aumentado\Brad Pitt\BradPitt_5_proc.jpg,Brad Pitt,1,Directo
C:\Users\joeyk\OneDrive\Desktop\CNN\Creación_de_Dataset_híbrido\Face-Recognition Proyect\Dataset_aumentado\Angelina Jolie\Angelina_Jolie_37_proc.jpg,Angelina Jolie,0,Directo
C:\Users\joeyk\OneDrive\Desktop\CNN\Creación_de_Dataset_híbrido\Face-Recognition Proyect\Dataset_aumentado\Israel\Israel_230_proc.jpg,Israel,2,Directo
C:\Users\joeyk\OneDrive\Desktop\CNN\Creación_de_Dataset_híbrido\Face-Recognition Proyect\Dataset_aumentado\Johnny Depp\Johnny_Depp_3_proc_aug02.jpg,Johnny Depp,5,Directo
C:\Users\joeyk\OneDrive\Desktop\CNN\Creación_de_Dataset_híbrido\Face-Recognition Proyect\Dataset_aumentado\Natalie Portman\Natalie_Portman_45_proc_aug02.jpg,Natalie Portman,8,Directo
C:\Users\joeyk\OneDrive\Desktop\CNN\Creación_de_Dataset_híbrido\Face-Recognition Proyect\Dataset_aumentado\Joey\Joey_107_proc_aug03.jpg,Joey,4,Directo
C:\Users\joeyk\OneDrive\Desktop\CNN\Creación_de_Dataset_híbrido\Face-Recognition Proyect\Dataset_aumentado\Jennifer Lawrence\JenniferLawrence_73_proc.jpg,Jennifer Lawrence,3,Directo
C:\Users\joeyk\OneDrive\Desktop\CNN\Creación_de_Dataset_híbrido\Face-Recognition Proyect\Dataset_aumentado\Joey\Joey_110_proc_aug03.jpg,Joey,4,Directo
C:\Users\joeyk\OneDrive\Desktop\CNN\Creación_de_Dataset_híbrido\Face-Recognition Proyect\Dataset_aumentado\Leonardo DiCaprio\Leonardo_DiCaprio_12_proc_aug01.jpg,Leonardo DiCaprio,7,Directo
C:\Users\joeyk\OneDrive\Desktop\CNN\Creación_de_Dataset_híbrido\Face-Recognition Proyect\Dataset_aumentado\Israel\Israel_306_proc.jpg,Israel,2,Directo
C:\Users\joeyk\OneDrive\Desktop\CNN\Creación_de_Dataset_híbrido\Face-Recognition Proyect\Dataset_aumentado\Israel\Israel_211_proc_aug02.jpg,Israel,2,Directo
C:\Users\joeyk\OneDrive\Desktop\CNN\Creación_de_Dataset_híbrido\Face-Recognition Proyect\Dataset_aumentado\Johnny Depp\Johnny_Depp_7_proc_aug01.jpg,Johnny Depp,5,Directo
C:\Users\joeyk\OneDrive\Desktop\CNN\Creación_de_Dataset_híbrido\Face-Recognition Proyect\Dataset_aumentado\Jennifer Lawrence\JenniferLawrence_52_proc_aug02.jpg,Jennifer Lawrence,3,Directo
C:\Users\joeyk\OneDrive\Desktop\CNN\Creación_de_Dataset_híbrido\Face-Recognition Proyect\Dataset_aumentado\Kevin\Kevin_157_proc_aug03.jpg,Kevin,6,Directo
C:\Users\joeyk\OneDrive\Desktop\CNN\Creación_de_Dataset_híbrido\Face-Recognition Proyect\Dataset_aumentado\Leonardo DiCaprio\Leonardo_DiCaprio_49_proc.jpg,Leonardo DiCaprio,7,Directo
C:\Users\joeyk\OneDrive\Desktop\CNN\Creación_de_Dataset_híbrido\Face-Recognition Proyect\Dataset_aumentado\Leonardo DiCaprio\Leonardo_DiCaprio_64_proc_aug02.jpg,Leonardo DiCaprio,7,Directo
C:\Users\joeyk\OneDrive\Desktop\CNN\Creación_de_Dataset_híbrido\Face-Recognition Proyect\Dataset_aumentado\Joey\Joey_68_proc_aug02.jpg,Joey,4,Directo
C:\Users\joeyk\OneDrive\Desktop\CNN\Creación_de_Dataset_híbrido\Face-Recognition Proyect\Dataset_aumentado\Israel\Israel_25_proc.jpg,Israel,2,Directo
C:\Users\joeyk\OneDrive\Desktop\CNN\Creación_de_Dataset_híbrido\Face-Recognition Proyect\Dataset_aumentado\Joey\Joey_294_proc.jpg,Joey,4,Directo
C:\Users\joeyk\OneDrive\Desktop\CNN\Creación_de_Dataset_híbrido\Face-Recognition Proyect\Dataset_aumentado\Joey\Joey_198_proc_aug01.jpg,Joey,4,Directo
C:\Users\joeyk\OneDrive\Desktop\CNN\Creación_de_Dataset_híbrido\Face-Recognition Proyect\Dataset_aumentado\Brad Pitt\BradPitt_78_proc_aug02.jpg,Brad Pitt,1,Directo
C:\Users\joeyk\OneDrive\Desktop\CNN\Creación_de_Dataset_híbrido\Face-Recognition Proyect\Dataset_aumentado\Leonardo DiCaprio\Leonardo_DiCaprio_49_proc_aug02.jpg,Leonardo DiCaprio,7,Directo
C:\Users\joeyk\OneDrive\Desktop\CNN\Creación_de_Dataset_híbrido\Face-Recognition Proyect\Dataset_aumentado\Angelina Jolie\Angelina_Jolie_14_proc_aug02.jpg,Angelina Jolie,0,Directo
C:\Users\joeyk\OneDrive\Desktop\CNN\Creación_de_Dataset_híbrido\Face-Recognition Proyect\Dataset_aumentado\Jennifer Lawrence\JenniferLawrence_99_proc_aug02.jpg,Jennifer Lawrence,3,Directo
C:\Users\joeyk\OneDrive\Desktop\CNN\Creación_de_Dataset_híbrido\Face-Recognition Proyect\Dataset_aumentado\Israel\Israel_236_proc.jpg,Israel,2,Directo
C:\Users\joeyk\OneDrive\Desktop\CNN\Creación_de_Dataset_híbrido\Face-Recognition Proyect\Dataset_aumentado\Leonardo DiCaprio\Leonardo_DiCaprio_20_proc.jpg,Leonardo DiCaprio,7,Directo
C:\Users\joeyk\OneDrive\Desktop\CNN\Creación_de_Dataset_híbrido\Face-Recognition Proyect\Dataset_aumentado\Israel\Israel_256_proc.jpg,Israel,2,Directo
C:\Users\joeyk\OneDrive\Desktop\CNN\Creación_de_Dataset_híbrido\Face-Recognition Proyect\Dataset_aumentado\Leonardo DiCaprio\Leonardo_DiCaprio_33_proc_aug03.jpg,Leonardo DiCaprio,7,Directo
C:\Users\joeyk\OneDrive\Desktop\CNN\Creación_de_Dataset_híbrido\Face-Recognition Proyect\Dataset_aumentado\Joey\Joey_24_proc_aug03.jpg,Joey,4,Directo
C:\Users\joeyk\OneDrive\Desktop\CNN\Creación_de_Dataset_híbrido\Face-Recognition Proyect\Dataset_aumentado\Joey\Joey_177_proc.jpg,Joey,4,Directo
C:\Users\joeyk\OneDrive\Desktop\CNN\Creación_de_Dataset_híbrido\Face-Recognition Proyect\Dataset_aumentado\Nicole Kidman\Nicole_Kidman_79_proc_aug01.jpg,Nicole Kidman,9,Directo
C:\Users\joeyk\OneDrive\Desktop\CNN\Creación_de_Dataset_híbrido\Face-Recognition Proyect\Dataset_aumentado\Israel\Israel_278_proc_aug03.jpg,Israel,2,Directo
C:\Users\joeyk\OneDrive\Desktop\CNN\Creación_de_Dataset_híbrido\Face-Recognition Proyect\Dataset_aumentado\Joey\Joey_105_proc.jpg,Joey,4,Directo
C:\Users\joeyk\OneDrive\Desktop\CNN\Creación_de_Dataset_híbrido\Face-Recognition Proyect\Dataset_aumentado\Israel\Israel_127_proc_aug01.jpg,Israel,2,Directo
C:\Users\joeyk\OneDrive\Desktop\CNN\Creación_de_Dataset_híbrido\Face-Recognition Proyect\Dataset_aumentado\Kevin\Kevin_68_proc_aug03.jpg,Kevin,6,Directo
C:\Users\joeyk\OneDrive\Desktop\CNN\Creación_de_Dataset_híbrido\Face-Recognition Proyect\Dataset_aumentado\Natalie Portman\Natalie_Portman_6_proc.jpg,Natalie Portman,8,Directo
C:\Users\joeyk\OneDrive\Desktop\CNN\Creación_de_Dataset_híbrido\Face-Recognition Proyect\Dataset_aumentado\Natalie Portman\Natalie_Portman_26_proc_aug01.jpg,Natalie Portman,8,Directo
C:\Users\joeyk\OneDrive\Desktop\CNN\Creación_de_Dataset_híbrido\Face-Recognition Proyect\Dataset_aumentado\Kevin\Kevin_12_proc_aug03.jpg,Kevin,6,Directo
C:\Users\joeyk\OneDrive\Desktop\CNN\Creación_de_Dataset_híbrido\Face-Recognition Proyect\Dataset_aumentado\Jennifer Lawrence\JenniferLawrence_15_proc_aug03.jpg,Jennifer Lawrence,3,Directo
C:\Users\joeyk\OneDrive\Desktop\CNN\Creación_de_Dataset_híbrido\Face-Recognition Proyect\Dataset_aumentado\Leonardo DiCaprio\Leonardo_DiCaprio_93_proc_aug03.jpg,Leonardo DiCaprio,7,Directo
C:\Users\joeyk\OneDrive\Desktop\CNN\Creación_de_Dataset_híbrido\Face-Recognition Proyect\Dataset_aumentado\Kevin\Kevin_17_proc_aug01.jpg,Kevin,6,Directo
C:\Users\joeyk\OneDrive\Desktop\CNN\Creación_de_Dataset_híbrido\Face-Recognition Proyect\Dataset_aumentado\Jennifer Lawrence\JenniferLawrence_56_proc.jpg,Jennifer Lawrence,3,Directo
C:\Users\joeyk\OneDrive\Desktop\CNN\Creación_de_Dataset_híbrido\Face-Recognition Proyect\Dataset_aumentado\Kevin\Kevin_24_proc_aug03.jpg,Kevin,6,Directo
C:\Users\joeyk\OneDrive\Desktop\CNN\Creación_de_Dataset_híbrido\Face-Recognition Proyect\Dataset_aumentado\Kevin\Kevin_49_proc_aug01.jpg,Kevin,6,Directo
C:\Users\joeyk\OneDrive\Desktop\CNN\Creación_de_Dataset_híbrido\Face-Recognition Proyect\Dataset_aumentado\Israel\Israel_44_proc_aug03.jpg,Israel,2,Directo
C:\Users\joeyk\OneDrive\Desktop\CNN\Creación_de_Dataset_híbrido\Face-Recognition Proyect\Dataset_aumentado\Nicole Kidman\Nicole_Kidman_1_proc_aug02.jpg,Nicole Kidman,9,Directo
C:\Users\joeyk\OneDrive\Desktop\CNN\Creación_de_Dataset_híbrido\Face-Recognition Proyect\Dataset_aumentado\Joey\Joey_276_proc_aug03.jpg,Joey,4,Directo
C:\Users\joeyk\OneDrive\Desktop\CNN\Creación_de_Dataset_híbrido\Face-Recognition Proyect\Dataset_aumentado\Joey\Joey_211_proc.jpg,Joey,4,Directo
C:\Users\joeyk\OneDrive\Desktop\CNN\Creación_de_Dataset_híbrido\Face-Recognition Proyect\Dataset_aumentado\Natalie Portman\Natalie_Portman_38_proc_aug02.jpg,Natalie Portman,8,Directo
C:\Users\joeyk\OneDrive\Desktop\CNN\Creación_de_Dataset_híbrido\Face-Recognition Proyect\Dataset_aumentado\Kevin\Kevin_177_proc_aug02.jpg,Kevin,6,Directo
C:\Users\joeyk\OneDrive\Desktop\CNN\Creación_de_Dataset_híbrido\Face-Recognition Proyect\Dataset_aumentado\Johnny Depp\Johnny_Depp_3_proc_aug01.jpg,Johnny Depp,5,Directo
C:\Users\joeyk\OneDrive\Desktop\CNN\Creación_de_Dataset_híbrido\Face-Recognition Proyect\Dataset_aumentado\Natalie Portman\Natalie_Portman_65_proc_aug03.jpg,Natalie Portman,8,Directo
C:\Users\joeyk\OneDrive\Desktop\CNN\Creación_de_Dataset_híbrido\Face-Recognition Proyect\Dataset_aumentado\Brad Pitt\BradPitt_5_proc_aug02.jpg,Brad Pitt,1,Directo
C:\Users\joeyk\OneDrive\Desktop\CNN\Creación_de_Dataset_híbrido\Face-Recognition Proyect\Dataset_aumentado\Natalie Portman\Natalie_Portman_5_proc_aug01.jpg,Natalie Portman,8,Directo
C:\Users\joeyk\OneDrive\Desktop\CNN\Creación_de_Dataset_híbrido\Face-Recognition Proyect\Dataset_aumentado\Kevin\Kevin_205_proc.jpg,Kevin,6,Directo
C:\Users\joeyk\OneDrive\Desktop\CNN\Creación_de_Dataset_híbrido\Face-Recognition Proyect\Dataset_aumentado\Johnny Depp\Johnny_Depp_74_proc_aug01.jpg,Johnny Depp,5,Directo
C:\Users\joeyk\OneDrive\Desktop\CNN\Creación_de_Dataset_híbrido\Face-Recognition Proyect\Dataset_aumentado\Kevin\Kevin_98_proc_aug03.jpg,Kevin,6,Directo
C:\Users\joeyk\OneDrive\Desktop\CNN\Creación_de_Dataset_híbrido\Face-Recognition Proyect\Dataset_aumentado\Joey\Joey_174_proc_aug01.jpg,Joey,4,Directo
C:\Users\joeyk\OneDrive\Desktop\CNN\Creación_de_Dataset_híbrido\Face-Recognition Proyect\Dataset_aumentado\Nicole Kidman\Nicole_Kidman_53_proc.jpg,Nicole Kidman,9,Directo
C:\Users\joeyk\OneDrive\Desktop\CNN\Creación_de_Dataset_híbrido\Face-Recognition Proyect\Dataset_aumentado\Kevin\Kevin_219_proc_aug02.jpg,Kevin,6,Directo
C:\Users\joeyk\OneDrive\Desktop\CNN\Creación_de_Dataset_híbrido\Face-Recognition Proyect\Dataset_aumentado\Kevin\Kevin_95_proc_aug01.jpg,Kevin,6,Directo
C:\Users\joeyk\OneDrive\Desktop\CNN\Creación_de_Dataset_híbrido\Face-Recognition Proyect\Dataset_aumentado\Angelina Jolie\Angelina_Jolie_48_proc_aug03.jpg,Angelina Jolie,0,Directo
C:\Users\joeyk\OneDrive\Desktop\CNN\Creación_de_Dataset_híbrido\Face-Recognition Proyect\Dataset_aumentado\Jennifer Lawrence\JenniferLawrence_46_proc.jpg,Jennifer Lawrence,3,Directo
C:\Users\joeyk\OneDrive\Desktop\CNN\Creación_de_Dataset_híbrido\Face-Recognition Proyect\Dataset_aumentado\Natalie Portman\Natalie_Portman_15_proc_aug02.jpg,Natalie Portman,8,Directo
C:\Users\joeyk\OneDrive\Desktop\CNN\Creación_de_Dataset_híbrido\Face-Recognition Proyect\Dataset_aumentado\Joey\Joey_210_proc.jpg,Joey,4,Directo
C:\Users\joeyk\OneDrive\Desktop\CNN\Creación_de_Dataset_híbrido\Face-Recognition Proyect\Dataset_aumentado\Israel\Israel_118_proc_aug03.jpg,Israel,2,Directo
C:\Users\joeyk\OneDrive\Desktop\CNN\Creación_de_Dataset_híbrido\Face-Recognition Proyect\Dataset_aumentado\Nicole Kidman\Nicole_Kidman_52_proc_aug01.jpg,Nicole Kidman,9,Directo
C:\Users\joeyk\OneDrive\Desktop\CNN\Creación_de_Dataset_híbrido\Face-Recognition Proyect\Dataset_aumentado\Israel\Israel_158_proc.jpg,Israel,2,Directo
C:\Users\joeyk\OneDrive\Desktop\CNN\Creación_de_Dataset_híbrido\Face-Recognition Proyect\Dataset_aumentado\Natalie Portman\Natalie_Portman_55_proc_aug01.jpg,Natalie Portman,8,Directo
C:\Users\joeyk\OneDrive\Desktop\CNN\Creación_de_Dataset_híbrido\Face-Recognition Proyect\Dataset_aumentado\Israel\Israel_45_proc.jpg,Israel,2,Directo
C:\Users\joeyk\OneDrive\Desktop\CNN\Creación_de_Dataset_híbrido\Face-Recognition Proyect\Dataset_aumentado\Israel\Israel_73_proc_aug01.jpg,Israel,2,Directo
C:\Users\joeyk\OneDrive\Desktop\CNN\Creación_de_Dataset_híbrido\Face-Recognition Proyect\Dataset_aumentado\Israel\Israel_15_proc_aug02.jpg,Israel,2,Directo
C:\Users\joeyk\OneDrive\Desktop\CNN\Creación_de_Dataset_híbrido\Face-Recognition Proyect\Dataset_aumentado\Israel\Israel_234_proc.jpg,Israel,2,Directo
C:\Users\joeyk\OneDrive\Desktop\CNN\Creación_de_Dataset_híbrido\Face-Recognition Proyect\Dataset_aumentado\Kevin\Kevin_13_proc_aug02.jpg,Kevin,6,Directo
C:\Users\joeyk\OneDrive\Desktop\CNN\Creación_de_Dataset_híbrido\Face-Recognition Proyect\Dataset_aumentado\Israel\Israel_316_proc_aug01.jpg,Israel,2,Directo
C:\Users\joeyk\OneDrive\Desktop\CNN\Creación_de_Dataset_híbrido\Face-Recognition Proyect\Dataset_aumentado\Brad Pitt\BradPitt_69_proc_aug01.jpg,Brad Pitt,1,Directo
C:\Users\joeyk\OneDrive\Desktop\CNN\Creación_de_Dataset_híbrido\Face-Recognition Proyect\Dataset_aumentado\Israel\Israel_25_proc_aug03.jpg,Israel,2,Directo
C:\Users\joeyk\OneDrive\Desktop\CNN\Creación_de_Dataset_híbrido\Face-Recognition Proyect\Dataset_aumentado\Natalie Portman\Natalie_Portman_47_proc_aug02.jpg,Natalie Portman,8,Directo
C:\Users\joeyk\OneDrive\Desktop\CNN\Creación_de_Dataset_híbrido\Face-Recognition Proyect\Dataset_aumentado\Israel\Israel_281_proc.jpg,Israel,2,Directo
C:\Users\joeyk\OneDrive\Desktop\CNN\Creación_de_Dataset_híbrido\Face-Recognition Proyect\Dataset_aumentado\Johnny Depp\Johnny_Depp_49_proc_aug03.jpg,Johnny Depp,5,Directo
C:\Users\joeyk\OneDrive\Desktop\CNN\Creación_de_Dataset_híbrido\Face-Recognition Proyect\Dataset_aumentado\Israel\Israel_336_proc.jpg,Israel,2,Directo
C:\Users\joeyk\OneDrive\Desktop\CNN\Creación_de_Dataset_híbrido\Face-Recognition Proyect\Dataset_aumentado\Angelina Jolie\Angelina_Jolie_83_proc_aug03.jpg,Angelina Jolie,0,Directo
C:\Users\joeyk\OneDrive\Desktop\CNN\Creación_de_Dataset_híbrido\Face-Recognition Proyect\Dataset_aumentado\Israel\Israel_16_proc_aug03.jpg,Israel,2,Directo
C:\Users\joeyk\OneDrive\Desktop\CNN\Creación_de_Dataset_híbrido\Face-Recognition Proyect\Dataset_aumentado\Israel\Israel_116_proc_aug02.jpg,Israel,2,Directo
C:\Users\joeyk\OneDrive\Desktop\CNN\Creación_de_Dataset_híbrido\Face-Recognition Proyect\Dataset_aumentado\Nicole Kidman\Nicole_Kidman_93_proc_aug01.jpg,Nicole Kidman,9,Directo
C:\Users\joeyk\OneDrive\Desktop\CNN\Creación_de_Dataset_híbrido\Face-Recognition Proyect\Dataset_aumentado\Joey\Joey_123_proc_aug03.jpg,Joey,4,Directo
C:\Users\joeyk\OneDrive\Desktop\CNN\Creación_de_Dataset_híbrido\Face-Recognition Proyect\Dataset_aumentado\Israel\Israel_227_proc_aug03.jpg,Israel,2,Directo
C:\Users\joeyk\OneDrive\Desktop\CNN\Creación_de_Dataset_híbrido\Face-Recognition Proyect\Dataset_aumentado\Israel\Israel_196_proc_aug02.jpg,Israel,2,Directo
C:\Users\joeyk\OneDrive\Desktop\CNN\Creación_de_Dataset_híbrido\Face-Recognition Proyect\Dataset_aumentado\Joey\Joey_162_proc_aug03.jpg,Joey,4,Directo
C:\Users\joeyk\OneDrive\Desktop\CNN\Creación_de_Dataset_híbrido\Face-Recognition Proyect\Dataset_aumentado\Nicole Kidman\Nicole_Kidman_99_proc.jpg,Nicole Kidman,9,Directo
C:\Users\joeyk\OneDrive\Desktop\CNN\Creación_de_Dataset_híbrido\Face-Recognition Proyect\Dataset_aumentado\Kevin\Kevin_98_proc_aug02.jpg,Kevin,6,Directo
C:\Users\joeyk\OneDrive\Desktop\CNN\Creación_de_Dataset_híbrido\Face-Recognition Proyect\Dataset_aumentado\Israel\Israel_94_proc.jpg,Israel,2,Directo
C:\Users\joeyk\OneDrive\Desktop\CNN\Creación_de_Dataset_híbrido\Face-Recognition Proyect\Dataset_aumentado\Israel\Israel_67_proc_aug03.jpg,Israel,2,Directo
C:\Users\joeyk\OneDrive\Desktop\CNN\Creación_de_Dataset_híbrido\Face-Recognition Proyect\Dataset_aumentado\Angelina Jolie\Angelina_Jolie_51_proc_aug03.jpg,Angelina Jolie,0,Directo
C:\Users\joeyk\OneDrive\Desktop\CNN\Creación_de_Dataset_híbrido\Face-Recognition Proyect\Dataset_aumentado\Kevin\Kevin_204_proc_aug03.jpg,Kevin,6,Directo
C:\Users\joeyk\OneDrive\Desktop\CNN\Creación_de_Dataset_híbrido\Face-Recognition Proyect\Dataset_aumentado\Joey\Joey_16_proc_aug02.jpg,Joey,4,Directo
C:\Users\joeyk\OneDrive\Desktop\CNN\Creación_de_Dataset_híbrido\Face-Recognition Proyect\Dataset_aumentado\Kevin\Kevin_150_proc.jpg,Kevin,6,Directo
C:\Users\joeyk\OneDrive\Desktop\CNN\Creación_de_Dataset_híbrido\Face-Recognition Proyect\Dataset_aumentado\Leonardo DiCaprio\Leonardo_DiCaprio_18_proc_aug03.jpg,Leonardo DiCaprio,7,Directo
C:\Users\joeyk\OneDrive\Desktop\CNN\Creación_de_Dataset_híbrido\Face-Recognition Proyect\Dataset_aumentado\Israel\Israel_53_proc_aug03.jpg,Israel,2,Directo
C:\Users\joeyk\OneDrive\Desktop\CNN\Creación_de_Dataset_híbrido\Face-Recognition Proyect\Dataset_aumentado\Nicole Kidman\Nicole_Kidman_97_proc_aug01.jpg,Nicole Kidman,9,Directo
C:\Users\joeyk\OneDrive\Desktop\CNN\Creación_de_Dataset_híbrido\Face-Recognition Proyect\Dataset_aumentado\Israel\Israel_234_proc_aug01.jpg,Israel,2,Directo
C:\Users\joeyk\OneDrive\Desktop\CNN\Creación_de_Dataset_híbrido\Face-Recognition Proyect\Dataset_aumentado\Israel\Israel_97_proc_aug02.jpg,Israel,2,Directo
C:\Users\joeyk\OneDrive\Desktop\CNN\Creación_de_Dataset_híbrido\Face-Recognition Proyect\Dataset_aumentado\Israel\Israel_292_proc_aug02.jpg,Israel,2,Directo
C:\Users\joeyk\OneDrive\Desktop\CNN\Creación_de_Dataset_híbrido\Face-Recognition Proyect\Dataset_aumentado\Kevin\Kevin_177_proc_aug03.jpg,Kevin,6,Directo
C:\Users\joeyk\OneDrive\Desktop\CNN\Creación_de_Dataset_híbrido\Face-Recognition Proyect\Dataset_aumentado\Kevin\Kevin_74_proc_aug01.jpg,Kevin,6,Directo
C:\Users\joeyk\OneDrive\Desktop\CNN\Creación_de_Dataset_híbrido\Face-Recognition Proyect\Dataset_aumentado\Israel\Israel_257_proc_aug01.jpg,Israel,2,Directo
C:\Users\joeyk\OneDrive\Desktop\CNN\Creación_de_Dataset_híbrido\Face-Recognition Proyect\Dataset_aumentado\Joey\Joey_96_proc_aug03.jpg,Joey,4,Directo
C:\Users\joeyk\OneDrive\Desktop\CNN\Creación_de_Dataset_híbrido\Face-Recognition Proyect\Dataset_aumentado\Kevin\Kevin_102_proc.jpg,Kevin,6,Directo
C:\Users\joeyk\OneDrive\Desktop\CNN\Creación_de_Dataset_híbrido\Face-Recognition Proyect\Dataset_aumentado\Israel\Israel_127_proc_aug02.jpg,Israel,2,Directo
C:\Users\joeyk\OneDrive\Desktop\CNN\Creación_de_Dataset_híbrido\Face-Recognition Proyect\Dataset_aumentado\Joey\Joey_114_proc_aug01.jpg,Joey,4,Directo
C:\Users\joeyk\OneDrive\Desktop\CNN\Creación_de_Dataset_híbrido\Face-Recognition Proyect\Dataset_aumentado\Joey\Joey_61_proc_aug01.jpg,Joey,4,Directo
C:\Users\joeyk\OneDrive\Desktop\CNN\Creación_de_Dataset_híbrido\Face-Recognition Proyect\Dataset_aumentado\Leonardo DiCaprio\Leonardo_DiCaprio_92_proc_aug03.jpg,Leonardo DiCaprio,7,Directo
C:\Users\joeyk\OneDrive\Desktop\CNN\Creación_de_Dataset_híbrido\Face-Recognition Proyect\Dataset_aumentado\Angelina Jolie\Angelina_Jolie_47_proc_aug03.jpg,Angelina Jolie,0,Directo
C:\Users\joeyk\OneDrive\Desktop\CNN\Creación_de_Dataset_híbrido\Face-Recognition Proyect\Dataset_aumentado\Joey\Joey_248_proc_aug01.jpg,Joey,4,Directo
C:\Users\joeyk\OneDrive\Desktop\CNN\Creación_de_Dataset_híbrido\Face-Recognition Proyect\Dataset_aumentado\Joey\Joey_150_proc_aug03.jpg,Joey,4,Directo
C:\Users\joeyk\OneDrive\Desktop\CNN\Creación_de_Dataset_híbrido\Face-Recognition Proyect\Dataset_aumentado\Brad Pitt\BradPitt_14_proc_aug01.jpg,Brad Pitt,1,Directo
C:\Users\joeyk\OneDrive\Desktop\CNN\Creación_de_Dataset_híbrido\Face-Recognition Proyect\Dataset_aumentado\Joey\Joey_66_proc_aug03.jpg,Joey,4,Directo
C:\Users\joeyk\OneDrive\Desktop\CNN\Creación_de_Dataset_híbrido\Face-Recognition Proyect\Dataset_aumentado\Angelina Jolie\Angelina_Jolie_79_proc.jpg,Angelina Jolie,0,Directo
C:\Users\joeyk\OneDrive\Desktop\CNN\Creación_de_Dataset_híbrido\Face-Recognition Proyect\Dataset_aumentado\Joey\Joey_71_proc_aug02.jpg,Joey,4,Directo
C:\Users\joeyk\OneDrive\Desktop\CNN\Creación_de_Dataset_híbrido\Face-Recognition Proyect\Dataset_aumentado\Nicole Kidman\Nicole_Kidman_95_proc_aug01.jpg,Nicole Kidman,9,Directo
C:\Users\joeyk\OneDrive\Desktop\CNN\Creación_de_Dataset_híbrido\Face-Recognition Proyect\Dataset_aumentado\Israel\Israel_203_proc_aug03.jpg,Israel,2,Directo
C:\Users\joeyk\OneDrive\Desktop\CNN\Creación_de_Dataset_híbrido\Face-Recognition Proyect\Dataset_aumentado\Joey\Joey_95_proc_aug02.jpg,Joey,4,Directo
C:\Users\joeyk\OneDrive\Desktop\CNN\Creación_de_Dataset_híbrido\Face-Recognition Proyect\Dataset_aumentado\Kevin\Kevin_168_proc.jpg,Kevin,6,Directo
C:\Users\joeyk\OneDrive\Desktop\CNN\Creación_de_Dataset_híbrido\Face-Recognition Proyect\Dataset_aumentado\Nicole Kidman\Nicole_Kidman_3_proc_aug03.jpg,Nicole Kidman,9,Directo
C:\Users\joeyk\OneDrive\Desktop\CNN\Creación_de_Dataset_híbrido\Face-Recognition Proyect\Dataset_aumentado\Natalie Portman\Natalie_Portman_6_proc_aug02.jpg,Natalie Portman,8,Directo
C:\Users\joeyk\OneDrive\Desktop\CNN\Creación_de_Dataset_híbrido\Face-Recognition Proyect\Dataset_aumentado\Jennifer Lawrence\JenniferLawrence_73_proc_aug02.jpg,Jennifer Lawrence,3,Directo
C:\Users\joeyk\OneDrive\Desktop\CNN\Creación_de_Dataset_híbrido\Face-Recognition Proyect\Dataset_aumentado\Israel\Israel_285_proc_aug03.jpg,Israel,2,Directo
C:\Users\joeyk\OneDrive\Desktop\CNN\Creación_de_Dataset_híbrido\Face-Recognition Proyect\Dataset_aumentado\Angelina Jolie\Angelina_Jolie_65_proc_aug03.jpg,Angelina Jolie,0,Directo
C:\Users\joeyk\OneDrive\Desktop\CNN\Creación_de_Dataset_híbrido\Face-Recognition Proyect\Dataset_aumentado\Nicole Kidman\Nicole_Kidman_65_proc_aug02.jpg,Nicole Kidman,9,Directo
C:\Users\joeyk\OneDrive\Desktop\CNN\Creación_de_Dataset_híbrido\Face-Recognition Proyect\Dataset_aumentado\Angelina Jolie\Angelina_Jolie_17_proc_aug03.jpg,Angelina Jolie,0,Directo
C:\Users\joeyk\OneDrive\Desktop\CNN\Creación_de_Dataset_híbrido\Face-Recognition Proyect\Dataset_aumentado\Leonardo DiCaprio\Leonardo_DiCaprio_6_proc_aug01.jpg,Leonardo DiCaprio,7,Directo
C:\Users\joeyk\OneDrive\Desktop\CNN\Creación_de_Dataset_híbrido\Face-Recognition Proyect\Dataset_aumentado\Israel\Israel_183_proc_aug01.jpg,Israel,2,Directo
C:\Users\joeyk\OneDrive\Desktop\CNN\Creación_de_Dataset_híbrido\Face-Recognition Proyect\Dataset_aumentado\Joey\Joey_212_proc.jpg,Joey,4,Directo
C:\Users\joeyk\OneDrive\Desktop\CNN\Creación_de_Dataset_híbrido\Face-Recognition Proyect\Dataset_aumentado\Joey\Joey_287_proc_aug03.jpg,Joey,4,Directo
C:\Users\joeyk\OneDrive\Desktop\CNN\Creación_de_Dataset_híbrido\Face-Recognition Proyect\Dataset_aumentado\Joey\Joey_203_proc.jpg,Joey,4,Directo
C:\Users\joeyk\OneDrive\Desktop\CNN\Creación_de_Dataset_híbrido\Face-Recognition Proyect\Dataset_aumentado\Angelina Jolie\Angelina_Jolie_72_proc_aug01.jpg,Angelina Jolie,0,Directo
C:\Users\joeyk\OneDrive\Desktop\CNN\Creación_de_Dataset_híbrido\Face-Recognition Proyect\Dataset_aumentado\Angelina Jolie\Angelina_Jolie_52_proc.jpg,Angelina Jolie,0,Directo
C:\Users\joeyk\OneDrive\Desktop\CNN\Creación_de_Dataset_híbrido\Face-Recognition Proyect\Dataset_aumentado\Kevin\Kevin_30_proc_aug02.jpg,Kevin,6,Directo
C:\Users\joeyk\OneDrive\Desktop\CNN\Creación_de_Dataset_híbrido\Face-Recognition Proyect\Dataset_aumentado\Johnny Depp\Johnny_Depp_57_proc.jpg,Johnny Depp,5,Directo
C:\Users\joeyk\OneDrive\Desktop\CNN\Creación_de_Dataset_híbrido\Face-Recognition Proyect\Dataset_aumentado\Israel\Israel_108_proc.jpg,Israel,2,Directo
C:\Users\joeyk\OneDrive\Desktop\CNN\Creación_de_Dataset_híbrido\Face-Recognition Proyect\Dataset_aumentado\Nicole Kidman\Nicole_Kidman_85_proc_aug03.jpg,Nicole Kidman,9,Directo
C:\Users\joeyk\OneDrive\Desktop\CNN\Creación_de_Dataset_híbrido\Face-Recognition Proyect\Dataset_aumentado\Joey\Joey_283_proc_aug03.jpg,Joey,4,Directo
C:\Users\joeyk\OneDrive\Desktop\CNN\Creación_de_Dataset_híbrido\Face-Recognition Proyect\Dataset_aumentado\Israel\Israel_328_proc_aug02.jpg,Israel,2,Directo
C:\Users\joeyk\OneDrive\Desktop\CNN\Creación_de_Dataset_híbrido\Face-Recognition Proyect\Dataset_aumentado\Leonardo DiCaprio\Leonardo_DiCaprio_96_proc.jpg,Leonardo DiCaprio,7,Directo
C:\Users\joeyk\OneDrive\Desktop\CNN\Creación_de_Dataset_híbrido\Face-Recognition Proyect\Dataset_aumentado\Natalie Portman\Natalie_Portman_55_proc.jpg,Natalie Portman,8,Directo
C:\Users\joeyk\OneDrive\Desktop\CNN\Creación_de_Dataset_híbrido\Face-Recognition Proyect\Dataset_aumentado\Israel\Israel_276_proc_aug02.jpg,Israel,2,Directo
C:\Users\joeyk\OneDrive\Desktop\CNN\Creación_de_Dataset_híbrido\Face-Recognition Proyect\Dataset_aumentado\Joey\Joey_219_proc_aug02.jpg,Joey,4,Directo
C:\Users\joeyk\OneDrive\Desktop\CNN\Creación_de_Dataset_híbrido\Face-Recognition Proyect\Dataset_aumentado\Natalie Portman\Natalie_Portman_43_proc_aug01.jpg,Natalie Portman,8,Directo
C:\Users\joeyk\OneDrive\Desktop\CNN\Creación_de_Dataset_híbrido\Face-Recognition Proyect\Dataset_aumentado\Jennifer Lawrence\JenniferLawrence_63_proc.jpg,Jennifer Lawrence,3,Directo
C:\Users\joeyk\OneDrive\Desktop\CNN\Creación_de_Dataset_híbrido\Face-Recognition Proyect\Dataset_aumentado\Joey\Joey_67_proc_aug02.jpg,Joey,4,Directo
C:\Users\joeyk\OneDrive\Desktop\CNN\Creación_de_Dataset_híbrido\Face-Recognition Proyect\Dataset_aumentado\Joey\Joey_22_proc_aug01.jpg,Joey,4,Directo
C:\Users\joeyk\OneDrive\Desktop\CNN\Creación_de_Dataset_híbrido\Face-Recognition Proyect\Dataset_aumentado\Kevin\Kevin_101_proc_aug01.jpg,Kevin,6,Directo
C:\Users\joeyk\OneDrive\Desktop\CNN\Creación_de_Dataset_híbrido\Face-Recognition Proyect\Dataset_aumentado\Joey\Joey_198_proc.jpg,Joey,4,Directo
C:\Users\joeyk\OneDrive\Desktop\CNN\Creación_de_Dataset_híbrido\Face-Recognition Proyect\Dataset_aumentado\Israel\Israel_170_proc_aug03.jpg,Israel,2,Directo
C:\Users\joeyk\OneDrive\Desktop\CNN\Creación_de_Dataset_híbrido\Face-Recognition Proyect\Dataset_aumentado\Nicole Kidman\Nicole_Kidman_41_proc_aug03.jpg,Nicole Kidman,9,Directo
C:\Users\joeyk\OneDrive\Desktop\CNN\Creación_de_Dataset_híbrido\Face-Recognition Proyect\Dataset_aumentado\Joey\Joey_143_proc_aug02.jpg,Joey,4,Directo
C:\Users\joeyk\OneDrive\Desktop\CNN\Creación_de_Dataset_híbrido\Face-Recognition Proyect\Dataset_aumentado\Kevin\Kevin_42_proc_aug02.jpg,Kevin,6,Directo
C:\Users\joeyk\OneDrive\Desktop\CNN\Creación_de_Dataset_híbrido\Face-Recognition Proyect\Dataset_aumentado\Nicole Kidman\Nicole_Kidman_74_proc_aug01.jpg,Nicole Kidman,9,Directo
C:\Users\joeyk\OneDrive\Desktop\CNN\Creación_de_Dataset_híbrido\Face-Recognition Proyect\Dataset_aumentado\Joey\Joey_192_proc_aug02.jpg,Joey,4,Directo
C:\Users\joeyk\OneDrive\Desktop\CNN\Creación_de_Dataset_híbrido\Face-Recognition Proyect\Dataset_aumentado\Israel\Israel_294_proc.jpg,Israel,2,Directo
C:\Users\joeyk\OneDrive\Desktop\CNN\Creación_de_Dataset_híbrido\Face-Recognition Proyect\Dataset_aumentado\Natalie Portman\Natalie_Portman_84_proc_aug03.jpg,Natalie Portman,8,Directo
C:\Users\joeyk\OneDrive\Desktop\CNN\Creación_de_Dataset_híbrido\Face-Recognition Proyect\Dataset_aumentado\Israel\Israel_89_proc.jpg,Israel,2,Directo
C:\Users\joeyk\OneDrive\Desktop\CNN\Creación_de_Dataset_híbrido\Face-Recognition Proyect\Dataset_aumentado\Israel\Israel_106_proc.jpg,Israel,2,Directo
C:\Users\joeyk\OneDrive\Desktop\CNN\Creación_de_Dataset_híbrido\Face-Recognition Proyect\Dataset_aumentado\Joey\Joey_185_proc_aug02.jpg,Joey,4,Directo
C:\Users\joeyk\OneDrive\Desktop\CNN\Creación_de_Dataset_híbrido\Face-Recognition Proyect\Dataset_aumentado\Leonardo DiCaprio\Leonardo_DiCaprio_28_proc.jpg,Leonardo DiCaprio,7,Directo
C:\Users\joeyk\OneDrive\Desktop\CNN\Creación_de_Dataset_híbrido\Face-Recognition Proyect\Dataset_aumentado\Joey\Joey_75_proc_aug02.jpg,Joey,4,Directo
C:\Users\joeyk\OneDrive\Desktop\CNN\Creación_de_Dataset_híbrido\Face-Recognition Proyect\Dataset_aumentado\Brad Pitt\BradPitt_23_proc_aug01.jpg,Brad Pitt,1,Directo
C:\Users\joeyk\OneDrive\Desktop\CNN\Creación_de_Dataset_híbrido\Face-Recognition Proyect\Dataset_aumentado\Jennifer Lawrence\JenniferLawrence_53_proc_aug03.jpg,Jennifer Lawrence,3,Directo
C:\Users\joeyk\OneDrive\Desktop\CNN\Creación_de_Dataset_híbrido\Face-Recognition Proyect\Dataset_aumentado\Joey\Joey_275_proc_aug01.jpg,Joey,4,Directo
C:\Users\joeyk\OneDrive\Desktop\CNN\Creación_de_Dataset_híbrido\Face-Recognition Proyect\Dataset_aumentado\Israel\Israel_331_proc.jpg,Israel,2,Directo
C:\Users\joeyk\OneDrive\Desktop\CNN\Creación_de_Dataset_híbrido\Face-Recognition Proyect\Dataset_aumentado\Natalie Portman\Natalie_Portman_56_proc_aug02.jpg,Natalie Portman,8,Directo
C:\Users\joeyk\OneDrive\Desktop\CNN\Creación_de_Dataset_híbrido\Face-Recognition Proyect\Dataset_aumentado\Nicole Kidman\Nicole_Kidman_53_proc_aug03.jpg,Nicole Kidman,9,Directo
C:\Users\joeyk\OneDrive\Desktop\CNN\Creación_de_Dataset_híbrido\Face-Recognition Proyect\Dataset_aumentado\Joey\Joey_273_proc.jpg,Joey,4,Directo
C:\Users\joeyk\OneDrive\Desktop\CNN\Creación_de_Dataset_híbrido\Face-Recognition Proyect\Dataset_aumentado\Kevin\Kevin_219_proc_aug01.jpg,Kevin,6,Directo
C:\Users\joeyk\OneDrive\Desktop\CNN\Creación_de_Dataset_híbrido\Face-Recognition Proyect\Dataset_aumentado\Angelina Jolie\Angelina_Jolie_69_proc_aug01.jpg,Angelina Jolie,0,Directo
C:\Users\joeyk\OneDrive\Desktop\CNN\Creación_de_Dataset_híbrido\Face-Recognition Proyect\Dataset_aumentado\Kevin\Kevin_172_proc_aug01.jpg,Kevin,6,Directo
C:\Users\joeyk\OneDrive\Desktop\CNN\Creación_de_Dataset_híbrido\Face-Recognition Proyect\Dataset_aumentado\Nicole Kidman\Nicole_Kidman_99_proc_aug02.jpg,Nicole Kidman,9,Directo
C:\Users\joeyk\OneDrive\Desktop\CNN\Creación_de_Dataset_híbrido\Face-Recognition Proyect\Dataset_aumentado\Joey\Joey_172_proc_aug01.jpg,Joey,4,Directo
C:\Users\joeyk\OneDrive\Desktop\CNN\Creación_de_Dataset_híbrido\Face-Recognition Proyect\Dataset_aumentado\Nicole Kidman\Nicole_Kidman_92_proc.jpg,Nicole Kidman,9,Directo
C:\Users\joeyk\OneDrive\Desktop\CNN\Creación_de_Dataset_híbrido\Face-Recognition Proyect\Dataset_aumentado\Nicole Kidman\Nicole_Kidman_98_proc.jpg,Nicole Kidman,9,Directo
C:\Users\joeyk\OneDrive\Desktop\CNN\Creación_de_Dataset_híbrido\Face-Recognition Proyect\Dataset_aumentado\Natalie Portman\Natalie_Portman_7_proc.jpg,Natalie Portman,8,Directo
C:\Users\joeyk\OneDrive\Desktop\CNN\Creación_de_Dataset_híbrido\Face-Recognition Proyect\Dataset_aumentado\Nicole Kidman\Nicole_Kidman_46_proc_aug01.jpg,Nicole Kidman,9,Directo
C:\Users\joeyk\OneDrive\Desktop\CNN\Creación_de_Dataset_híbrido\Face-Recognition Proyect\Dataset_aumentado\Israel\Israel_159_proc_aug01.jpg,Israel,2,Directo
C:\Users\joeyk\OneDrive\Desktop\CNN\Creación_de_Dataset_híbrido\Face-Recognition Proyect\Dataset_aumentado\Joey\Joey_288_proc_aug02.jpg,Joey,4,Directo
C:\Users\joeyk\OneDrive\Desktop\CNN\Creación_de_Dataset_híbrido\Face-Recognition Proyect\Dataset_aumentado\Jennifer Lawrence\JenniferLawrence_24_proc.jpg,Jennifer Lawrence,3,Directo
C:\Users\joeyk\OneDrive\Desktop\CNN\Creación_de_Dataset_híbrido\Face-Recognition Proyect\Dataset_aumentado\Kevin\Kevin_115_proc.jpg,Kevin,6,Directo
C:\Users\joeyk\OneDrive\Desktop\CNN\Creación_de_Dataset_híbrido\Face-Recognition Proyect\Dataset_aumentado\Israel\Israel_248_proc.jpg,Israel,2,Directo
C:\Users\joeyk\OneDrive\Desktop\CNN\Creación_de_Dataset_híbrido\Face-Recognition Proyect\Dataset_aumentado\Israel\Israel_128_proc_aug02.jpg,Israel,2,Directo
C:\Users\joeyk\OneDrive\Desktop\CNN\Creación_de_Dataset_híbrido\Face-Recognition Proyect\Dataset_aumentado\Joey\Joey_161_proc.jpg,Joey,4,Directo
C:\Users\joeyk\OneDrive\Desktop\CNN\Creación_de_Dataset_híbrido\Face-Recognition Proyect\Dataset_aumentado\Israel\Israel_11_proc_aug03.jpg,Israel,2,Directo
C:\Users\joeyk\OneDrive\Desktop\CNN\Creación_de_Dataset_híbrido\Face-Recognition Proyect\Dataset_aumentado\Johnny Depp\Johnny_Depp_74_proc_aug02.jpg,Johnny Depp,5,Directo
C:\Users\joeyk\OneDrive\Desktop\CNN\Creación_de_Dataset_híbrido\Face-Recognition Proyect\Dataset_aumentado\Johnny Depp\Johnny_Depp_69_proc_aug03.jpg,Johnny Depp,5,Directo
C:\Users\joeyk\OneDrive\Desktop\CNN\Creación_de_Dataset_híbrido\Face-Recognition Proyect\Dataset_aumentado\Brad Pitt\BradPitt_34_proc.jpg,Brad Pitt,1,Directo
C:\Users\joeyk\OneDrive\Desktop\CNN\Creación_de_Dataset_híbrido\Face-Recognition Proyect\Dataset_aumentado\Joey\Joey_238_proc.jpg,Joey,4,Directo
C:\Users\joeyk\OneDrive\Desktop\CNN\Creación_de_Dataset_híbrido\Face-Recognition Proyect\Dataset_aumentado\Joey\Joey_187_proc.jpg,Joey,4,Directo
C:\Users\joeyk\OneDrive\Desktop\CNN\Creación_de_Dataset_híbrido\Face-Recognition Proyect\Dataset_aumentado\Nicole Kidman\Nicole_Kidman_80_proc.jpg,Nicole Kidman,9,Directo
C:\Users\joeyk\OneDrive\Desktop\CNN\Creación_de_Dataset_híbrido\Face-Recognition Proyect\Dataset_aumentado\Israel\Israel_209_proc_aug02.jpg,Israel,2,Directo
C:\Users\joeyk\OneDrive\Desktop\CNN\Creación_de_Dataset_híbrido\Face-Recognition Proyect\Dataset_aumentado\Angelina Jolie\Angelina_Jolie_9_proc_aug02.jpg,Angelina Jolie,0,Directo
C:\Users\joeyk\OneDrive\Desktop\CNN\Creación_de_Dataset_híbrido\Face-Recognition Proyect\Dataset_aumentado\Kevin\Kevin_163_proc_aug02.jpg,Kevin,6,Directo
C:\Users\joeyk\OneDrive\Desktop\CNN\Creación_de_Dataset_híbrido\Face-Recognition Proyect\Dataset_aumentado\Joey\Joey_249_proc.jpg,Joey,4,Directo
C:\Users\joeyk\OneDrive\Desktop\CNN\Creación_de_Dataset_híbrido\Face-Recognition Proyect\Dataset_aumentado\Angelina Jolie\Angelina_Jolie_64_proc_aug01.jpg,Angelina Jolie,0,Directo
C:\Users\joeyk\OneDrive\Desktop\CNN\Creación_de_Dataset_híbrido\Face-Recognition Proyect\Dataset_aumentado\Leonardo DiCaprio\Leonardo_DiCaprio_74_proc_aug03.jpg,Leonardo DiCaprio,7,Directo
C:\Users\joeyk\OneDrive\Desktop\CNN\Creación_de_Dataset_híbrido\Face-Recognition Proyect\Dataset_aumentado\Kevin\Kevin_192_proc_aug03.jpg,Kevin,6,Directo
C:\Users\joeyk\OneDrive\Desktop\CNN\Creación_de_Dataset_híbrido\Face-Recognition Proyect\Dataset_aumentado\Johnny Depp\Johnny_Depp_7_proc.jpg,Johnny Depp,5,Directo
C:\Users\joeyk\OneDrive\Desktop\CNN\Creación_de_Dataset_híbrido\Face-Recognition Proyect\Dataset_aumentado\Israel\Israel_87_proc_aug03.jpg,Israel,2,Directo
C:\Users\joeyk\OneDrive\Desktop\CNN\Creación_de_Dataset_híbrido\Face-Recognition Proyect\Dataset_aumentado\Natalie Portman\Natalie_Portman_16_proc_aug03.jpg,Natalie Portman,8,Directo
C:\Users\joeyk\OneDrive\Desktop\CNN\Creación_de_Dataset_híbrido\Face-Recognition Proyect\Dataset_aumentado\Brad Pitt\BradPitt_95_proc_aug01.jpg,Brad Pitt,1,Directo
C:\Users\joeyk\OneDrive\Desktop\CNN\Creación_de_Dataset_híbrido\Face-Recognition Proyect\Dataset_aumentado\Joey\Joey_101_proc_aug01.jpg,Joey,4,Directo
C:\Users\joeyk\OneDrive\Desktop\CNN\Creación_de_Dataset_híbrido\Face-Recognition Proyect\Dataset_aumentado\Angelina Jolie\Angelina_Jolie_33_proc_aug03.jpg,Angelina Jolie,0,Directo
C:\Users\joeyk\OneDrive\Desktop\CNN\Creación_de_Dataset_híbrido\Face-Recognition Proyect\Dataset_aumentado\Israel\Israel_237_proc_aug02.jpg,Israel,2,Directo
C:\Users\joeyk\OneDrive\Desktop\CNN\Creación_de_Dataset_híbrido\Face-Recognition Proyect\Dataset_aumentado\Israel\Israel_233_proc_aug03.jpg,Israel,2,Directo
C:\Users\joeyk\OneDrive\Desktop\CNN\Creación_de_Dataset_híbrido\Face-Recognition Proyect\Dataset_aumentado\Jennifer Lawrence\JenniferLawrence_92_proc_aug01.jpg,Jennifer Lawrence,3,Directo
C:\Users\joeyk\OneDrive\Desktop\CNN\Creación_de_Dataset_híbrido\Face-Recognition Proyect\Dataset_aumentado\Israel\Israel_199_proc.jpg,Israel,2,Directo
C:\Users\joeyk\OneDrive\Desktop\CNN\Creación_de_Dataset_híbrido\Face-Recognition Proyect\Dataset_aumentado\Natalie Portman\Natalie_Portman_69_proc_aug02.jpg,Natalie Portman,8,Directo
C:\Users\joeyk\OneDrive\Desktop\CNN\Creación_de_Dataset_híbrido\Face-Recognition Proyect\Dataset_aumentado\Johnny Depp\Johnny_Depp_98_proc_aug02.jpg,Johnny Depp,5,Directo
C:\Users\joeyk\OneDrive\Desktop\CNN\Creación_de_Dataset_híbrido\Face-Recognition Proyect\Dataset_aumentado\Kevin\Kevin_39_proc_aug01.jpg,Kevin,6,Directo
C:\Users\joeyk\OneDrive\Desktop\CNN\Creación_de_Dataset_híbrido\Face-Recognition Proyect\Dataset_aumentado\Joey\Joey_108_proc_aug02.jpg,Joey,4,Directo
C:\Users\joeyk\OneDrive\Desktop\CNN\Creación_de_Dataset_híbrido\Face-Recognition Proyect\Dataset_aumentado\Natalie Portman\Natalie_Portman_98_proc.jpg,Natalie Portman,8,Directo
C:\Users\joeyk\OneDrive\Desktop\CNN\Creación_de_Dataset_híbrido\Face-Recognition Proyect\Dataset_aumentado\Kevin\Kevin_1_proc_aug01.jpg,Kevin,6,Directo
C:\Users\joeyk\OneDrive\Desktop\CNN\Creación_de_Dataset_híbrido\Face-Recognition Proyect\Dataset_aumentado\Israel\Israel_293_proc_aug02.jpg,Israel,2,Directo
C:\Users\joeyk\OneDrive\Desktop\CNN\Creación_de_Dataset_híbrido\Face-Recognition Proyect\Dataset_aumentado\Joey\Joey_238_proc_aug01.jpg,Joey,4,Directo
C:\Users\joeyk\OneDrive\Desktop\CNN\Creación_de_Dataset_híbrido\Face-Recognition Proyect\Dataset_aumentado\Joey\Joey_41_proc.jpg,Joey,4,Directo
C:\Users\joeyk\OneDrive\Desktop\CNN\Creación_de_Dataset_híbrido\Face-Recognition Proyect\Dataset_aumentado\Jennifer Lawrence\JenniferLawrence_42_proc_aug02.jpg,Jennifer Lawrence,3,Directo
C:\Users\joeyk\OneDrive\Desktop\CNN\Creación_de_Dataset_híbrido\Face-Recognition Proyect\Dataset_aumentado\Natalie Portman\Natalie_Portman_50_proc_aug01.jpg,Natalie Portman,8,Directo
C:\Users\joeyk\OneDrive\Desktop\CNN\Creación_de_Dataset_híbrido\Face-Recognition Proyect\Dataset_aumentado\Brad Pitt\BradPitt_20_proc.jpg,Brad Pitt,1,Directo
C:\Users\joeyk\OneDrive\Desktop\CNN\Creación_de_Dataset_híbrido\Face-Recognition Proyect\Dataset_aumentado\Jennifer Lawrence\JenniferLawrence_36_proc_aug03.jpg,Jennifer Lawrence,3,Directo
C:\Users\joeyk\OneDrive\Desktop\CNN\Creación_de_Dataset_híbrido\Face-Recognition Proyect\Dataset_aumentado\Natalie Portman\Natalie_Portman_21_proc_aug02.jpg,Natalie Portman,8,Directo
C:\Users\joeyk\OneDrive\Desktop\CNN\Creación_de_Dataset_híbrido\Face-Recognition Proyect\Dataset_aumentado\Joey\Joey_27_proc_aug03.jpg,Joey,4,Directo
C:\Users\joeyk\OneDrive\Desktop\CNN\Creación_de_Dataset_híbrido\Face-Recognition Proyect\Dataset_aumentado\Kevin\Kevin_99_proc_aug02.jpg,Kevin,6,Directo
C:\Users\joeyk\OneDrive\Desktop\CNN\Creación_de_Dataset_híbrido\Face-Recognition Proyect\Dataset_aumentado\Brad Pitt\BradPitt_56_proc.jpg,Brad Pitt,1,Directo
C:\Users\joeyk\OneDrive\Desktop\CNN\Creación_de_Dataset_híbrido\Face-Recognition Proyect\Dataset_aumentado\Nicole Kidman\Nicole_Kidman_47_proc_aug03.jpg,Nicole Kidman,9,Directo
C:\Users\joeyk\OneDrive\Desktop\CNN\Creación_de_Dataset_híbrido\Face-Recognition Proyect\Dataset_aumentado\Kevin\Kevin_163_proc_aug01.jpg,Kevin,6,Directo
C:\Users\joeyk\OneDrive\Desktop\CNN\Creación_de_Dataset_híbrido\Face-Recognition Proyect\Dataset_aumentado\Joey\Joey_147_proc_aug03.jpg,Joey,4,Directo
C:\Users\joeyk\OneDrive\Desktop\CNN\Creación_de_Dataset_híbrido\Face-Recognition Proyect\Dataset_aumentado\Leonardo DiCaprio\Leonardo_DiCaprio_82_proc_aug02.jpg,Leonardo DiCaprio,7,Directo
C:\Users\joeyk\OneDrive\Desktop\CNN\Creación_de_Dataset_híbrido\Face-Recognition Proyect\Dataset_aumentado\Kevin\Kevin_126_proc_aug01.jpg,Kevin,6,Directo
C:\Users\joeyk\OneDrive\Desktop\CNN\Creación_de_Dataset_híbrido\Face-Recognition Proyect\Dataset_aumentado\Jennifer Lawrence\JenniferLawrence_55_proc_aug03.jpg,Jennifer Lawrence,3,Directo
C:\Users\joeyk\OneDrive\Desktop\CNN\Creación_de_Dataset_híbrido\Face-Recognition Proyect\Dataset_aumentado\Israel\Israel_141_proc_aug01.jpg,Israel,2,Directo
C:\Users\joeyk\OneDrive\Desktop\CNN\Creación_de_Dataset_híbrido\Face-Recognition Proyect\Dataset_aumentado\Joey\Joey_183_proc_aug02.jpg,Joey,4,Directo
C:\Users\joeyk\OneDrive\Desktop\CNN\Creación_de_Dataset_híbrido\Face-Recognition Proyect\Dataset_aumentado\Israel\Israel_113_proc_aug01.jpg,Israel,2,Directo
C:\Users\joeyk\OneDrive\Desktop\CNN\Creación_de_Dataset_híbrido\Face-Recognition Proyect\Dataset_aumentado\Angelina Jolie\Angelina_Jolie_8_proc_aug03.jpg,Angelina Jolie,0,Directo
C:\Users\joeyk\OneDrive\Desktop\CNN\Creación_de_Dataset_híbrido\Face-Recognition Proyect\Dataset_aumentado\Natalie Portman\Natalie_Portman_16_proc.jpg,Natalie Portman,8,Directo
C:\Users\joeyk\OneDrive\Desktop\CNN\Creación_de_Dataset_híbrido\Face-Recognition Proyect\Dataset_aumentado\Kevin\Kevin_19_proc_aug01.jpg,Kevin,6,Directo
C:\Users\joeyk\OneDrive\Desktop\CNN\Creación_de_Dataset_híbrido\Face-Recognition Proyect\Dataset_aumentado\Angelina Jolie\Angelina_Jolie_4_proc.jpg,Angelina Jolie,0,Directo
C:\Users\joeyk\OneDrive\Desktop\CNN\Creación_de_Dataset_híbrido\Face-Recognition Proyect\Dataset_aumentado\Natalie Portman\Natalie_Portman_12_proc_aug01.jpg,Natalie Portman,8,Directo
C:\Users\joeyk\OneDrive\Desktop\CNN\Creación_de_Dataset_híbrido\Face-Recognition Proyect\Dataset_aumentado\Natalie Portman\Natalie_Portman_15_proc.jpg,Natalie Portman,8,Directo
C:\Users\joeyk\OneDrive\Desktop\CNN\Creación_de_Dataset_híbrido\Face-Recognition Proyect\Dataset_aumentado\Nicole Kidman\Nicole_Kidman_78_proc_aug01.jpg,Nicole Kidman,9,Directo
C:\Users\joeyk\OneDrive\Desktop\CNN\Creación_de_Dataset_híbrido\Face-Recognition Proyect\Dataset_aumentado\Leonardo DiCaprio\Leonardo_DiCaprio_33_proc.jpg,Leonardo DiCaprio,7,Directo
C:\Users\joeyk\OneDrive\Desktop\CNN\Creación_de_Dataset_híbrido\Face-Recognition Proyect\Dataset_aumentado\Israel\Israel_11_proc_aug02.jpg,Israel,2,Directo
C:\Users\joeyk\OneDrive\Desktop\CNN\Creación_de_Dataset_híbrido\Face-Recognition Proyect\Dataset_aumentado\Jennifer Lawrence\JenniferLawrence_23_proc_aug02.jpg,Jennifer Lawrence,3,Directo
C:\Users\joeyk\OneDrive\Desktop\CNN\Creación_de_Dataset_híbrido\Face-Recognition Proyect\Dataset_aumentado\Israel\Israel_25_proc_aug02.jpg,Israel,2,Directo
C:\Users\joeyk\OneDrive\Desktop\CNN\Creación_de_Dataset_híbrido\Face-Recognition Proyect\Dataset_aumentado\Johnny Depp\Johnny_Depp_65_proc_aug03.jpg,Johnny Depp,5,Directo
C:\Users\joeyk\OneDrive\Desktop\CNN\Creación_de_Dataset_híbrido\Face-Recognition Proyect\Dataset_aumentado\Leonardo DiCaprio\Leonardo_DiCaprio_31_proc_aug01.jpg,Leonardo DiCaprio,7,Directo
C:\Users\joeyk\OneDrive\Desktop\CNN\Creación_de_Dataset_híbrido\Face-Recognition Proyect\Dataset_aumentado\Israel\Israel_241_proc_aug02.jpg,Israel,2,Directo
C:\Users\joeyk\OneDrive\Desktop\CNN\Creación_de_Dataset_híbrido\Face-Recognition Proyect\Dataset_aumentado\Kevin\Kevin_104_proc.jpg,Kevin,6,Directo
C:\Users\joeyk\OneDrive\Desktop\CNN\Creación_de_Dataset_híbrido\Face-Recognition Proyect\Dataset_aumentado\Joey\Joey_108_proc.jpg,Joey,4,Directo
C:\Users\joeyk\OneDrive\Desktop\CNN\Creación_de_Dataset_híbrido\Face-Recognition Proyect\Dataset_aumentado\Israel\Israel_171_proc_aug02.jpg,Israel,2,Directo
C:\Users\joeyk\OneDrive\Desktop\CNN\Creación_de_Dataset_híbrido\Face-Recognition Proyect\Dataset_aumentado\Israel\Israel_54_proc.jpg,Israel,2,Directo
C:\Users\joeyk\OneDrive\Desktop\CNN\Creación_de_Dataset_híbrido\Face-Recognition Proyect\Dataset_aumentado\Leonardo DiCaprio\Leonardo_DiCaprio_8_proc.jpg,Leonardo DiCaprio,7,Directo
C:\Users\joeyk\OneDrive\Desktop\CNN\Creación_de_Dataset_híbrido\Face-Recognition Proyect\Dataset_aumentado\Israel\Israel_220_proc_aug01.jpg,Israel,2,Directo
C:\Users\joeyk\OneDrive\Desktop\CNN\Creación_de_Dataset_híbrido\Face-Recognition Proyect\Dataset_aumentado\Israel\Israel_85_proc_aug01.jpg,Israel,2,Directo
C:\Users\joeyk\OneDrive\Desktop\CNN\Creación_de_Dataset_híbrido\Face-Recognition Proyect\Dataset_aumentado\Israel\Israel_39_proc_aug01.jpg,Israel,2,Directo
C:\Users\joeyk\OneDrive\Desktop\CNN\Creación_de_Dataset_híbrido\Face-Recognition Proyect\Dataset_aumentado\Leonardo DiCaprio\Leonardo_DiCaprio_29_proc_aug03.jpg,Leonardo DiCaprio,7,Directo
C:\Users\joeyk\OneDrive\Desktop\CNN\Creación_de_Dataset_híbrido\Face-Recognition Proyect\Dataset_aumentado\Kevin\Kevin_93_proc_aug01.jpg,Kevin,6,Directo
C:\Users\joeyk\OneDrive\Desktop\CNN\Creación_de_Dataset_híbrido\Face-Recognition Proyect\Dataset_aumentado\Jennifer Lawrence\JenniferLawrence_62_proc_aug03.jpg,Jennifer Lawrence,3,Directo
C:\Users\joeyk\OneDrive\Desktop\CNN\Creación_de_Dataset_híbrido\Face-Recognition Proyect\Dataset_aumentado\Joey\Joey_188_proc.jpg,Joey,4,Directo
C:\Users\joeyk\OneDrive\Desktop\CNN\Creación_de_Dataset_híbrido\Face-Recognition Proyect\Dataset_aumentado\Brad Pitt\BradPitt_11_proc_aug03.jpg,Brad Pitt,1,Directo
C:\Users\joeyk\OneDrive\Desktop\CNN\Creación_de_Dataset_híbrido\Face-Recognition Proyect\Dataset_aumentado\Israel\Israel_283_proc.jpg,Israel,2,Directo
C:\Users\joeyk\OneDrive\Desktop\CNN\Creación_de_Dataset_híbrido\Face-Recognition Proyect\Dataset_aumentado\Johnny Depp\Johnny_Depp_75_proc_aug03.jpg,Johnny Depp,5,Directo
C:\Users\joeyk\OneDrive\Desktop\CNN\Creación_de_Dataset_híbrido\Face-Recognition Proyect\Dataset_aumentado\Joey\Joey_186_proc_aug03.jpg,Joey,4,Directo
C:\Users\joeyk\OneDrive\Desktop\CNN\Creación_de_Dataset_híbrido\Face-Recognition Proyect\Dataset_aumentado\Angelina Jolie\Angelina_Jolie_24_proc_aug02.jpg,Angelina Jolie,0,Directo
C:\Users\joeyk\OneDrive\Desktop\CNN\Creación_de_Dataset_híbrido\Face-Recognition Proyect\Dataset_aumentado\Joey\Joey_284_proc_aug01.jpg,Joey,4,Directo
C:\Users\joeyk\OneDrive\Desktop\CNN\Creación_de_Dataset_híbrido\Face-Recognition Proyect\Dataset_aumentado\Israel\Israel_255_proc_aug02.jpg,Israel,2,Directo
C:\Users\joeyk\OneDrive\Desktop\CNN\Creación_de_Dataset_híbrido\Face-Recognition Proyect\Dataset_aumentado\Joey\Joey_29_proc.jpg,Joey,4,Directo
C:\Users\joeyk\OneDrive\Desktop\CNN\Creación_de_Dataset_híbrido\Face-Recognition Proyect\Dataset_aumentado\Johnny Depp\Johnny_Depp_62_proc_aug02.jpg,Johnny Depp,5,Directo
C:\Users\joeyk\OneDrive\Desktop\CNN\Creación_de_Dataset_híbrido\Face-Recognition Proyect\Dataset_aumentado\Joey\Joey_289_proc_aug03.jpg,Joey,4,Directo
C:\Users\joeyk\OneDrive\Desktop\CNN\Creación_de_Dataset_híbrido\Face-Recognition Proyect\Dataset_aumentado\Kevin\Kevin_25_proc_aug03.jpg,Kevin,6,Directo
C:\Users\joeyk\OneDrive\Desktop\CNN\Creación_de_Dataset_híbrido\Face-Recognition Proyect\Dataset_aumentado\Israel\Israel_139_proc_aug03.jpg,Israel,2,Directo
C:\Users\joeyk\OneDrive\Desktop\CNN\Creación_de_Dataset_híbrido\Face-Recognition Proyect\Dataset_aumentado\Israel\Israel_251_proc_aug01.jpg,Israel,2,Directo
C:\Users\joeyk\OneDrive\Desktop\CNN\Creación_de_Dataset_híbrido\Face-Recognition Proyect\Dataset_aumentado\Kevin\Kevin_9_proc_aug02.jpg,Kevin,6,Directo
C:\Users\joeyk\OneDrive\Desktop\CNN\Creación_de_Dataset_híbrido\Face-Recognition Proyect\Dataset_aumentado\Leonardo DiCaprio\Leonardo_DiCaprio_3_proc_aug01.jpg,Leonardo DiCaprio,7,Directo
C:\Users\joeyk\OneDrive\Desktop\CNN\Creación_de_Dataset_híbrido\Face-Recognition Proyect\Dataset_aumentado\Joey\Joey_92_proc.jpg,Joey,4,Directo
C:\Users\joeyk\OneDrive\Desktop\CNN\Creación_de_Dataset_híbrido\Face-Recognition Proyect\Dataset_aumentado\Joey\Joey_6_proc.jpg,Joey,4,Directo
C:\Users\joeyk\OneDrive\Desktop\CNN\Creación_de_Dataset_híbrido\Face-Recognition Proyect\Dataset_aumentado\Natalie Portman\Natalie_Portman_56_proc_aug01.jpg,Natalie Portman,8,Directo
C:\Users\joeyk\OneDrive\Desktop\CNN\Creación_de_Dataset_híbrido\Face-Recognition Proyect\Dataset_aumentado\Joey\Joey_275_proc_aug03.jpg,Joey,4,Directo
C:\Users\joeyk\OneDrive\Desktop\CNN\Creación_de_Dataset_híbrido\Face-Recognition Proyect\Dataset_aumentado\Johnny Depp\Johnny_Depp_14_proc_aug01.jpg,Johnny Depp,5,Directo
C:\Users\joeyk\OneDrive\Desktop\CNN\Creación_de_Dataset_híbrido\Face-Recognition Proyect\Dataset_aumentado\Johnny Depp\Johnny_Depp_1_proc_aug02.jpg,Johnny Depp,5,Directo
C:\Users\joeyk\OneDrive\Desktop\CNN\Creación_de_Dataset_híbrido\Face-Recognition Proyect\Dataset_aumentado\Israel\Israel_283_proc_aug02.jpg,Israel,2,Directo
C:\Users\joeyk\OneDrive\Desktop\CNN\Creación_de_Dataset_híbrido\Face-Recognition Proyect\Dataset_aumentado\Brad Pitt\BradPitt_88_proc_aug03.jpg,Brad Pitt,1,Directo
C:\Users\joeyk\OneDrive\Desktop\CNN\Creación_de_Dataset_híbrido\Face-Recognition Proyect\Dataset_aumentado\Israel\Israel_36_proc.jpg,Israel,2,Directo
C:\Users\joeyk\OneDrive\Desktop\CNN\Creación_de_Dataset_híbrido\Face-Recognition Proyect\Dataset_aumentado\Israel\Israel_23_proc_aug01.jpg,Israel,2,Directo
C:\Users\joeyk\OneDrive\Desktop\CNN\Creación_de_Dataset_híbrido\Face-Recognition Proyect\Dataset_aumentado\Kevin\Kevin_13_proc_aug03.jpg,Kevin,6,Directo
C:\Users\joeyk\OneDrive\Desktop\CNN\Creación_de_Dataset_híbrido\Face-Recognition Proyect\Dataset_aumentado\Brad Pitt\BradPitt_6_proc.jpg,Brad Pitt,1,Directo
C:\Users\joeyk\OneDrive\Desktop\CNN\Creación_de_Dataset_híbrido\Face-Recognition Proyect\Dataset_aumentado\Natalie Portman\Natalie_Portman_91_proc_aug02.jpg,Natalie Portman,8,Directo
C:\Users\joeyk\OneDrive\Desktop\CNN\Creación_de_Dataset_híbrido\Face-Recognition Proyect\Dataset_aumentado\Joey\Joey_297_proc_aug02.jpg,Joey,4,Directo
C:\Users\joeyk\OneDrive\Desktop\CNN\Creación_de_Dataset_híbrido\Face-Recognition Proyect\Dataset_aumentado\Angelina Jolie\Angelina_Jolie_8_proc_aug01.jpg,Angelina Jolie,0,Directo
C:\Users\joeyk\OneDrive\Desktop\CNN\Creación_de_Dataset_híbrido\Face-Recognition Proyect\Dataset_aumentado\Israel\Israel_181_proc_aug02.jpg,Israel,2,Directo
C:\Users\joeyk\OneDrive\Desktop\CNN\Creación_de_Dataset_híbrido\Face-Recognition Proyect\Dataset_aumentado\Israel\Israel_251_proc_aug02.jpg,Israel,2,Directo
C:\Users\joeyk\OneDrive\Desktop\CNN\Creación_de_Dataset_híbrido\Face-Recognition Proyect\Dataset_aumentado\Angelina Jolie\Angelina_Jolie_69_proc.jpg,Angelina Jolie,0,Directo
C:\Users\joeyk\OneDrive\Desktop\CNN\Creación_de_Dataset_híbrido\Face-Recognition Proyect\Dataset_aumentado\Joey\Joey_178_proc_aug01.jpg,Joey,4,Directo
C:\Users\joeyk\OneDrive\Desktop\CNN\Creación_de_Dataset_híbrido\Face-Recognition Proyect\Dataset_aumentado\Israel\Israel_269_proc.jpg,Israel,2,Directo
C:\Users\joeyk\OneDrive\Desktop\CNN\Creación_de_Dataset_híbrido\Face-Recognition Proyect\Dataset_aumentado\Jennifer Lawrence\JenniferLawrence_50_proc_aug01.jpg,Jennifer Lawrence,3,Directo
C:\Users\joeyk\OneDrive\Desktop\CNN\Creación_de_Dataset_híbrido\Face-Recognition Proyect\Dataset_aumentado\Natalie Portman\Natalie_Portman_86_proc_aug02.jpg,Natalie Portman,8,Directo
C:\Users\joeyk\OneDrive\Desktop\CNN\Creación_de_Dataset_híbrido\Face-Recognition Proyect\Dataset_aumentado\Angelina Jolie\Angelina_Jolie_16_proc.jpg,Angelina Jolie,0,Directo
C:\Users\joeyk\OneDrive\Desktop\CNN\Creación_de_Dataset_híbrido\Face-Recognition Proyect\Dataset_aumentado\Kevin\Kevin_31_proc_aug01.jpg,Kevin,6,Directo
C:\Users\joeyk\OneDrive\Desktop\CNN\Creación_de_Dataset_híbrido\Face-Recognition Proyect\Dataset_aumentado\Israel\Israel_183_proc.jpg,Israel,2,Directo
C:\Users\joeyk\OneDrive\Desktop\CNN\Creación_de_Dataset_híbrido\Face-Recognition Proyect\Dataset_aumentado\Leonardo DiCaprio\Leonardo_DiCaprio_97_proc_aug03.jpg,Leonardo DiCaprio,7,Directo
C:\Users\joeyk\OneDrive\Desktop\CNN\Creación_de_Dataset_híbrido\Face-Recognition Proyect\Dataset_aumentado\Israel\Israel_172_proc.jpg,Israel,2,Directo
C:\Users\joeyk\OneDrive\Desktop\CNN\Creación_de_Dataset_híbrido\Face-Recognition Proyect\Dataset_aumentado\Nicole Kidman\Nicole_Kidman_10_proc_aug03.jpg,Nicole Kidman,9,Directo
C:\Users\joeyk\OneDrive\Desktop\CNN\Creación_de_Dataset_híbrido\Face-Recognition Proyect\Dataset_aumentado\Israel\Israel_21_proc.jpg,Israel,2,Directo
C:\Users\joeyk\OneDrive\Desktop\CNN\Creación_de_Dataset_híbrido\Face-Recognition Proyect\Dataset_aumentado\Brad Pitt\BradPitt_86_proc_aug01.jpg,Brad Pitt,1,Directo
C:\Users\joeyk\OneDrive\Desktop\CNN\Creación_de_Dataset_híbrido\Face-Recognition Proyect\Dataset_aumentado\Israel\Israel_227_proc_aug01.jpg,Israel,2,Directo
C:\Users\joeyk\OneDrive\Desktop\CNN\Creación_de_Dataset_híbrido\Face-Recognition Proyect\Dataset_aumentado\Joey\Joey_145_proc_aug01.jpg,Joey,4,Directo
C:\Users\joeyk\OneDrive\Desktop\CNN\Creación_de_Dataset_híbrido\Face-Recognition Proyect\Dataset_aumentado\Leonardo DiCaprio\Leonardo_DiCaprio_65_proc_aug02.jpg,Leonardo DiCaprio,7,Directo
C:\Users\joeyk\OneDrive\Desktop\CNN\Creación_de_Dataset_híbrido\Face-Recognition Proyect\Dataset_aumentado\Joey\Joey_174_proc_aug02.jpg,Joey,4,Directo
C:\Users\joeyk\OneDrive\Desktop\CNN\Creación_de_Dataset_híbrido\Face-Recognition Proyect\Dataset_aumentado\Kevin\Kevin_117_proc.jpg,Kevin,6,Directo
C:\Users\joeyk\OneDrive\Desktop\CNN\Creación_de_Dataset_híbrido\Face-Recognition Proyect\Dataset_aumentado\Israel\Israel_235_proc_aug02.jpg,Israel,2,Directo
C:\Users\joeyk\OneDrive\Desktop\CNN\Creación_de_Dataset_híbrido\Face-Recognition Proyect\Dataset_aumentado\Israel\Israel_61_proc.jpg,Israel,2,Directo
C:\Users\joeyk\OneDrive\Desktop\CNN\Creación_de_Dataset_híbrido\Face-Recognition Proyect\Dataset_aumentado\Kevin\Kevin_72_proc_aug02.jpg,Kevin,6,Directo
C:\Users\joeyk\OneDrive\Desktop\CNN\Creación_de_Dataset_híbrido\Face-Recognition Proyect\Dataset_aumentado\Joey\Joey_298_proc_aug01.jpg,Joey,4,Directo
C:\Users\joeyk\OneDrive\Desktop\CNN\Creación_de_Dataset_híbrido\Face-Recognition Proyect\Dataset_aumentado\Natalie Portman\Natalie_Portman_66_proc.jpg,Natalie Portman,8,Directo
C:\Users\joeyk\OneDrive\Desktop\CNN\Creación_de_Dataset_híbrido\Face-Recognition Proyect\Dataset_aumentado\Nicole Kidman\Nicole_Kidman_31_proc_aug02.jpg,Nicole Kidman,9,Directo
C:\Users\joeyk\OneDrive\Desktop\CNN\Creación_de_Dataset_híbrido\Face-Recognition Proyect\Dataset_aumentado\Joey\Joey_44_proc_aug03.jpg,Joey,4,Directo
C:\Users\joeyk\OneDrive\Desktop\CNN\Creación_de_Dataset_híbrido\Face-Recognition Proyect\Dataset_aumentado\Kevin\Kevin_63_proc_aug03.jpg,Kevin,6,Directo
C:\Users\joeyk\OneDrive\Desktop\CNN\Creación_de_Dataset_híbrido\Face-Recognition Proyect\Dataset_aumentado\Joey\Joey_82_proc_aug03.jpg,Joey,4,Directo
C:\Users\joeyk\OneDrive\Desktop\CNN\Creación_de_Dataset_híbrido\Face-Recognition Proyect\Dataset_aumentado\Israel\Israel_275_proc_aug01.jpg,Israel,2,Directo
C:\Users\joeyk\OneDrive\Desktop\CNN\Creación_de_Dataset_híbrido\Face-Recognition Proyect\Dataset_aumentado\Joey\Joey_273_proc_aug02.jpg,Joey,4,Directo
C:\Users\joeyk\OneDrive\Desktop\CNN\Creación_de_Dataset_híbrido\Face-Recognition Proyect\Dataset_aumentado\Brad Pitt\BradPitt_88_proc.jpg,Brad Pitt,1,Directo
C:\Users\joeyk\OneDrive\Desktop\CNN\Creación_de_Dataset_híbrido\Face-Recognition Proyect\Dataset_aumentado\Kevin\Kevin_95_proc_aug03.jpg,Kevin,6,Directo
C:\Users\joeyk\OneDrive\Desktop\CNN\Creación_de_Dataset_híbrido\Face-Recognition Proyect\Dataset_aumentado\Israel\Israel_268_proc_aug02.jpg,Israel,2,Directo
C:\Users\joeyk\OneDrive\Desktop\CNN\Creación_de_Dataset_híbrido\Face-Recognition Proyect\Dataset_aumentado\Joey\Joey_118_proc_aug03.jpg,Joey,4,Directo
C:\Users\joeyk\OneDrive\Desktop\CNN\Creación_de_Dataset_híbrido\Face-Recognition Proyect\Dataset_aumentado\Kevin\Kevin_152_proc_aug03.jpg,Kevin,6,Directo
C:\Users\joeyk\OneDrive\Desktop\CNN\Creación_de_Dataset_híbrido\Face-Recognition Proyect\Dataset_aumentado\Israel\Israel_289_proc_aug03.jpg,Israel,2,Directo
C:\Users\joeyk\OneDrive\Desktop\CNN\Creación_de_Dataset_híbrido\Face-Recognition Proyect\Dataset_aumentado\Brad Pitt\BradPitt_42_proc_aug01.jpg,Brad Pitt,1,Directo
C:\Users\joeyk\OneDrive\Desktop\CNN\Creación_de_Dataset_híbrido\Face-Recognition Proyect\Dataset_aumentado\Natalie Portman\Natalie_Portman_36_proc_aug02.jpg,Natalie Portman,8,Directo
C:\Users\joeyk\OneDrive\Desktop\CNN\Creación_de_Dataset_híbrido\Face-Recognition Proyect\Dataset_aumentado\Angelina Jolie\Angelina_Jolie_43_proc_aug02.jpg,Angelina Jolie,0,Directo
C:\Users\joeyk\OneDrive\Desktop\CNN\Creación_de_Dataset_híbrido\Face-Recognition Proyect\Dataset_aumentado\Jennifer Lawrence\JenniferLawrence_44_proc_aug01.jpg,Jennifer Lawrence,3,Directo
C:\Users\joeyk\OneDrive\Desktop\CNN\Creación_de_Dataset_híbrido\Face-Recognition Proyect\Dataset_aumentado\Kevin\Kevin_169_proc.jpg,Kevin,6,Directo
C:\Users\joeyk\OneDrive\Desktop\CNN\Creación_de_Dataset_híbrido\Face-Recognition Proyect\Dataset_aumentado\Leonardo DiCaprio\Leonardo_DiCaprio_95_proc_aug03.jpg,Leonardo DiCaprio,7,Directo
C:\Users\joeyk\OneDrive\Desktop\CNN\Creación_de_Dataset_híbrido\Face-Recognition Proyect\Dataset_aumentado\Nicole Kidman\Nicole_Kidman_34_proc_aug01.jpg,Nicole Kidman,9,Directo
C:\Users\joeyk\OneDrive\Desktop\CNN\Creación_de_Dataset_híbrido\Face-Recognition Proyect\Dataset_aumentado\Joey\Joey_122_proc_aug02.jpg,Joey,4,Directo
C:\Users\joeyk\OneDrive\Desktop\CNN\Creación_de_Dataset_híbrido\Face-Recognition Proyect\Dataset_aumentado\Nicole Kidman\Nicole_Kidman_38_proc_aug02.jpg,Nicole Kidman,9,Directo
C:\Users\joeyk\OneDrive\Desktop\CNN\Creación_de_Dataset_híbrido\Face-Recognition Proyect\Dataset_aumentado\Brad Pitt\BradPitt_46_proc_aug03.jpg,Brad Pitt,1,Directo
C:\Users\joeyk\OneDrive\Desktop\CNN\Creación_de_Dataset_híbrido\Face-Recognition Proyect\Dataset_aumentado\Angelina Jolie\Angelina_Jolie_24_proc_aug01.jpg,Angelina Jolie,0,Directo
C:\Users\joeyk\OneDrive\Desktop\CNN\Creación_de_Dataset_híbrido\Face-Recognition Proyect\Dataset_aumentado\Brad Pitt\BradPitt_63_proc_aug02.jpg,Brad Pitt,1,Directo
C:\Users\joeyk\OneDrive\Desktop\CNN\Creación_de_Dataset_híbrido\Face-Recognition Proyect\Dataset_aumentado\Kevin\Kevin_7_proc_aug03.jpg,Kevin,6,Directo
C:\Users\joeyk\OneDrive\Desktop\CNN\Creación_de_Dataset_híbrido\Face-Recognition Proyect\Dataset_aumentado\Joey\Joey_212_proc_aug02.jpg,Joey,4,Directo
C:\Users\joeyk\OneDrive\Desktop\CNN\Creación_de_Dataset_híbrido\Face-Recognition Proyect\Dataset_aumentado\Jennifer Lawrence\JenniferLawrence_3_proc_aug02.jpg,Jennifer Lawrence,3,Directo
C:\Users\joeyk\OneDrive\Desktop\CNN\Creación_de_Dataset_híbrido\Face-Recognition Proyect\Dataset_aumentado\Israel\Israel_140_proc.jpg,Israel,2,Directo
C:\Users\joeyk\OneDrive\Desktop\CNN\Creación_de_Dataset_híbrido\Face-Recognition Proyect\Dataset_aumentado\Leonardo DiCaprio\Leonardo_DiCaprio_97_proc.jpg,Leonardo DiCaprio,7,Directo
C:\Users\joeyk\OneDrive\Desktop\CNN\Creación_de_Dataset_híbrido\Face-Recognition Proyect\Dataset_aumentado\Leonardo DiCaprio\Leonardo_DiCaprio_95_proc.jpg,Leonardo DiCaprio,7,Directo
C:\Users\joeyk\OneDrive\Desktop\CNN\Creación_de_Dataset_híbrido\Face-Recognition Proyect\Dataset_aumentado\Joey\Joey_34_proc_aug03.jpg,Joey,4,Directo
C:\Users\joeyk\OneDrive\Desktop\CNN\Creación_de_Dataset_híbrido\Face-Recognition Proyect\Dataset_aumentado\Joey\Joey_180_proc.jpg,Joey,4,Directo
C:\Users\joeyk\OneDrive\Desktop\CNN\Creación_de_Dataset_híbrido\Face-Recognition Proyect\Dataset_aumentado\Kevin\Kevin_22_proc_aug03.jpg,Kevin,6,Directo
C:\Users\joeyk\OneDrive\Desktop\CNN\Creación_de_Dataset_híbrido\Face-Recognition Proyect\Dataset_aumentado\Jennifer Lawrence\JenniferLawrence_84_proc_aug02.jpg,Jennifer Lawrence,3,Directo
C:\Users\joeyk\OneDrive\Desktop\CNN\Creación_de_Dataset_híbrido\Face-Recognition Proyect\Dataset_aumentado\Johnny Depp\Johnny_Depp_76_proc_aug03.jpg,Johnny Depp,5,Directo
C:\Users\joeyk\OneDrive\Desktop\CNN\Creación_de_Dataset_híbrido\Face-Recognition Proyect\Dataset_aumentado\Kevin\Kevin_37_proc.jpg,Kevin,6,Directo
C:\Users\joeyk\OneDrive\Desktop\CNN\Creación_de_Dataset_híbrido\Face-Recognition Proyect\Dataset_aumentado\Kevin\Kevin_200_proc_aug02.jpg,Kevin,6,Directo
C:\Users\joeyk\OneDrive\Desktop\CNN\Creación_de_Dataset_híbrido\Face-Recognition Proyect\Dataset_aumentado\Kevin\Kevin_204_proc.jpg,Kevin,6,Directo
C:\Users\joeyk\OneDrive\Desktop\CNN\Creación_de_Dataset_híbrido\Face-Recognition Proyect\Dataset_aumentado\Israel\Israel_148_proc_aug01.jpg,Israel,2,Directo
C:\Users\joeyk\OneDrive\Desktop\CNN\Creación_de_Dataset_híbrido\Face-Recognition Proyect\Dataset_aumentado\Angelina Jolie\Angelina_Jolie_79_proc_aug01.jpg,Angelina Jolie,0,Directo
C:\Users\joeyk\OneDrive\Desktop\CNN\Creación_de_Dataset_híbrido\Face-Recognition Proyect\Dataset_aumentado\Kevin\Kevin_198_proc_aug01.jpg,Kevin,6,Directo
C:\Users\joeyk\OneDrive\Desktop\CNN\Creación_de_Dataset_híbrido\Face-Recognition Proyect\Dataset_aumentado\Israel\Israel_133_proc_aug01.jpg,Israel,2,Directo
C:\Users\joeyk\OneDrive\Desktop\CNN\Creación_de_Dataset_híbrido\Face-Recognition Proyect\Dataset_aumentado\Israel\Israel_234_proc_aug03.jpg,Israel,2,Directo
C:\Users\joeyk\OneDrive\Desktop\CNN\Creación_de_Dataset_híbrido\Face-Recognition Proyect\Dataset_aumentado\Israel\Israel_29_proc_aug02.jpg,Israel,2,Directo
C:\Users\joeyk\OneDrive\Desktop\CNN\Creación_de_Dataset_híbrido\Face-Recognition Proyect\Dataset_aumentado\Joey\Joey_287_proc.jpg,Joey,4,Directo
C:\Users\joeyk\OneDrive\Desktop\CNN\Creación_de_Dataset_híbrido\Face-Recognition Proyect\Dataset_aumentado\Nicole Kidman\Nicole_Kidman_31_proc_aug01.jpg,Nicole Kidman,9,Directo
C:\Users\joeyk\OneDrive\Desktop\CNN\Creación_de_Dataset_híbrido\Face-Recognition Proyect\Dataset_aumentado\Israel\Israel_135_proc.jpg,Israel,2,Directo
C:\Users\joeyk\OneDrive\Desktop\CNN\Creación_de_Dataset_híbrido\Face-Recognition Proyect\Dataset_aumentado\Joey\Joey_58_proc_aug03.jpg,Joey,4,Directo
C:\Users\joeyk\OneDrive\Desktop\CNN\Creación_de_Dataset_híbrido\Face-Recognition Proyect\Dataset_aumentado\Joey\Joey_143_proc_aug01.jpg,Joey,4,Directo
C:\Users\joeyk\OneDrive\Desktop\CNN\Creación_de_Dataset_híbrido\Face-Recognition Proyect\Dataset_aumentado\Israel\Israel_97_proc_aug03.jpg,Israel,2,Directo
C:\Users\joeyk\OneDrive\Desktop\CNN\Creación_de_Dataset_híbrido\Face-Recognition Proyect\Dataset_aumentado\Nicole Kidman\Nicole_Kidman_73_proc_aug01.jpg,Nicole Kidman,9,Directo
C:\Users\joeyk\OneDrive\Desktop\CNN\Creación_de_Dataset_híbrido\Face-Recognition Proyect\Dataset_aumentado\Israel\Israel_140_proc_aug03.jpg,Israel,2,Directo
C:\Users\joeyk\OneDrive\Desktop\CNN\Creación_de_Dataset_híbrido\Face-Recognition Proyect\Dataset_aumentado\Israel\Israel_267_proc.jpg,Israel,2,Directo
C:\Users\joeyk\OneDrive\Desktop\CNN\Creación_de_Dataset_híbrido\Face-Recognition Proyect\Dataset_aumentado\Jennifer Lawrence\JenniferLawrence_18_proc_aug01.jpg,Jennifer Lawrence,3,Directo
C:\Users\joeyk\OneDrive\Desktop\CNN\Creación_de_Dataset_híbrido\Face-Recognition Proyect\Dataset_aumentado\Joey\Joey_46_proc_aug01.jpg,Joey,4,Directo
C:\Users\joeyk\OneDrive\Desktop\CNN\Creación_de_Dataset_híbrido\Face-Recognition Proyect\Dataset_aumentado\Joey\Joey_141_proc_aug03.jpg,Joey,4,Directo
C:\Users\joeyk\OneDrive\Desktop\CNN\Creación_de_Dataset_híbrido\Face-Recognition Proyect\Dataset_aumentado\Jennifer Lawrence\JenniferLawrence_40_proc_aug03.jpg,Jennifer Lawrence,3,Directo
C:\Users\joeyk\OneDrive\Desktop\CNN\Creación_de_Dataset_híbrido\Face-Recognition Proyect\Dataset_aumentado\Israel\Israel_97_proc_aug01.jpg,Israel,2,Directo
C:\Users\joeyk\OneDrive\Desktop\CNN\Creación_de_Dataset_híbrido\Face-Recognition Proyect\Dataset_aumentado\Jennifer Lawrence\JenniferLawrence_16_proc_aug02.jpg,Jennifer Lawrence,3,Directo
C:\Users\joeyk\OneDrive\Desktop\CNN\Creación_de_Dataset_híbrido\Face-Recognition Proyect\Dataset_aumentado\Israel\Israel_32_proc_aug03.jpg,Israel,2,Directo
C:\Users\joeyk\OneDrive\Desktop\CNN\Creación_de_Dataset_híbrido\Face-Recognition Proyect\Dataset_aumentado\Natalie Portman\Natalie_Portman_98_proc_aug02.jpg,Natalie Portman,8,Directo
C:\Users\joeyk\OneDrive\Desktop\CNN\Creación_de_Dataset_híbrido\Face-Recognition Proyect\Dataset_aumentado\Natalie Portman\Natalie_Portman_47_proc_aug01.jpg,Natalie Portman,8,Directo
C:\Users\joeyk\OneDrive\Desktop\CNN\Creación_de_Dataset_híbrido\Face-Recognition Proyect\Dataset_aumentado\Jennifer Lawrence\JenniferLawrence_23_proc.jpg,Jennifer Lawrence,3,Directo
C:\Users\joeyk\OneDrive\Desktop\CNN\Creación_de_Dataset_híbrido\Face-Recognition Proyect\Dataset_aumentado\Israel\Israel_244_proc.jpg,Israel,2,Directo
C:\Users\joeyk\OneDrive\Desktop\CNN\Creación_de_Dataset_híbrido\Face-Recognition Proyect\Dataset_aumentado\Brad Pitt\BradPitt_59_proc.jpg,Brad Pitt,1,Directo
C:\Users\joeyk\OneDrive\Desktop\CNN\Creación_de_Dataset_híbrido\Face-Recognition Proyect\Dataset_aumentado\Joey\Joey_257_proc_aug02.jpg,Joey,4,Directo
C:\Users\joeyk\OneDrive\Desktop\CNN\Creación_de_Dataset_híbrido\Face-Recognition Proyect\Dataset_aumentado\Brad Pitt\BradPitt_32_proc_aug01.jpg,Brad Pitt,1,Directo
C:\Users\joeyk\OneDrive\Desktop\CNN\Creación_de_Dataset_híbrido\Face-Recognition Proyect\Dataset_aumentado\Johnny Depp\Johnny_Depp_50_proc_aug02.jpg,Johnny Depp,5,Directo
C:\Users\joeyk\OneDrive\Desktop\CNN\Creación_de_Dataset_híbrido\Face-Recognition Proyect\Dataset_aumentado\Joey\Joey_3_proc_aug03.jpg,Joey,4,Directo
C:\Users\joeyk\OneDrive\Desktop\CNN\Creación_de_Dataset_híbrido\Face-Recognition Proyect\Dataset_aumentado\Natalie Portman\Natalie_Portman_2_proc_aug03.jpg,Natalie Portman,8,Directo
C:\Users\joeyk\OneDrive\Desktop\CNN\Creación_de_Dataset_híbrido\Face-Recognition Proyect\Dataset_aumentado\Leonardo DiCaprio\Leonardo_DiCaprio_48_proc_aug03.jpg,Leonardo DiCaprio,7,Directo
C:\Users\joeyk\OneDrive\Desktop\CNN\Creación_de_Dataset_híbrido\Face-Recognition Proyect\Dataset_aumentado\Israel\Israel_203_proc_aug01.jpg,Israel,2,Directo
C:\Users\joeyk\OneDrive\Desktop\CNN\Creación_de_Dataset_híbrido\Face-Recognition Proyect\Dataset_aumentado\Kevin\Kevin_57_proc_aug03.jpg,Kevin,6,Directo
C:\Users\joeyk\OneDrive\Desktop\CNN\Creación_de_Dataset_híbrido\Face-Recognition Proyect\Dataset_aumentado\Israel\Israel_298_proc_aug03.jpg,Israel,2,Directo
C:\Users\joeyk\OneDrive\Desktop\CNN\Creación_de_Dataset_híbrido\Face-Recognition Proyect\Dataset_aumentado\Israel\Israel_279_proc_aug01.jpg,Israel,2,Directo
C:\Users\joeyk\OneDrive\Desktop\CNN\Creación_de_Dataset_híbrido\Face-Recognition Proyect\Dataset_aumentado\Israel\Israel_9_proc.jpg,Israel,2,Directo
C:\Users\joeyk\OneDrive\Desktop\CNN\Creación_de_Dataset_híbrido\Face-Recognition Proyect\Dataset_aumentado\Kevin\Kevin_164_proc_aug03.jpg,Kevin,6,Directo
C:\Users\joeyk\OneDrive\Desktop\CNN\Creación_de_Dataset_híbrido\Face-Recognition Proyect\Dataset_aumentado\Brad Pitt\BradPitt_13_proc_aug03.jpg,Brad Pitt,1,Directo
C:\Users\joeyk\OneDrive\Desktop\CNN\Creación_de_Dataset_híbrido\Face-Recognition Proyect\Dataset_aumentado\Johnny Depp\Johnny_Depp_24_proc_aug03.jpg,Johnny Depp,5,Directo
C:\Users\joeyk\OneDrive\Desktop\CNN\Creación_de_Dataset_híbrido\Face-Recognition Proyect\Dataset_aumentado\Nicole Kidman\Nicole_Kidman_84_proc_aug03.jpg,Nicole Kidman,9,Directo
C:\Users\joeyk\OneDrive\Desktop\CNN\Creación_de_Dataset_híbrido\Face-Recognition Proyect\Dataset_aumentado\Israel\Israel_193_proc_aug01.jpg,Israel,2,Directo
C:\Users\joeyk\OneDrive\Desktop\CNN\Creación_de_Dataset_híbrido\Face-Recognition Proyect\Dataset_aumentado\Natalie Portman\Natalie_Portman_62_proc.jpg,Natalie Portman,8,Directo
C:\Users\joeyk\OneDrive\Desktop\CNN\Creación_de_Dataset_híbrido\Face-Recognition Proyect\Dataset_aumentado\Johnny Depp\Johnny_Depp_10_proc_aug03.jpg,Johnny Depp,5,Directo
C:\Users\joeyk\OneDrive\Desktop\CNN\Creación_de_Dataset_híbrido\Face-Recognition Proyect\Dataset_aumentado\Israel\Israel_237_proc_aug01.jpg,Israel,2,Directo
C:\Users\joeyk\OneDrive\Desktop\CNN\Creación_de_Dataset_híbrido\Face-Recognition Proyect\Dataset_aumentado\Joey\Joey_185_proc_aug03.jpg,Joey,4,Directo
C:\Users\joeyk\OneDrive\Desktop\CNN\Creación_de_Dataset_híbrido\Face-Recognition Proyect\Dataset_aumentado\Johnny Depp\Johnny_Depp_59_proc_aug03.jpg,Johnny Depp,5,Directo
C:\Users\joeyk\OneDrive\Desktop\CNN\Creación_de_Dataset_híbrido\Face-Recognition Proyect\Dataset_aumentado\Brad Pitt\BradPitt_18_proc_aug03.jpg,Brad Pitt,1,Directo
C:\Users\joeyk\OneDrive\Desktop\CNN\Creación_de_Dataset_híbrido\Face-Recognition Proyect\Dataset_aumentado\Kevin\Kevin_79_proc.jpg,Kevin,6,Directo
C:\Users\joeyk\OneDrive\Desktop\CNN\Creación_de_Dataset_híbrido\Face-Recognition Proyect\Dataset_aumentado\Israel\Israel_268_proc.jpg,Israel,2,Directo
C:\Users\joeyk\OneDrive\Desktop\CNN\Creación_de_Dataset_híbrido\Face-Recognition Proyect\Dataset_aumentado\Joey\Joey_96_proc_aug02.jpg,Joey,4,Directo
C:\Users\joeyk\OneDrive\Desktop\CNN\Creación_de_Dataset_híbrido\Face-Recognition Proyect\Dataset_aumentado\Israel\Israel_285_proc_aug01.jpg,Israel,2,Directo
C:\Users\joeyk\OneDrive\Desktop\CNN\Creación_de_Dataset_híbrido\Face-Recognition Proyect\Dataset_aumentado\Nicole Kidman\Nicole_Kidman_90_proc_aug03.jpg,Nicole Kidman,9,Directo
C:\Users\joeyk\OneDrive\Desktop\CNN\Creación_de_Dataset_híbrido\Face-Recognition Proyect\Dataset_aumentado\Israel\Israel_122_proc_aug03.jpg,Israel,2,Directo
C:\Users\joeyk\OneDrive\Desktop\CNN\Creación_de_Dataset_híbrido\Face-Recognition Proyect\Dataset_aumentado\Leonardo DiCaprio\Leonardo_DiCaprio_3_proc_aug03.jpg,Leonardo DiCaprio,7,Directo
C:\Users\joeyk\OneDrive\Desktop\CNN\Creación_de_Dataset_híbrido\Face-Recognition Proyect\Dataset_aumentado\Joey\Joey_43_proc_aug03.jpg,Joey,4,Directo
C:\Users\joeyk\OneDrive\Desktop\CNN\Creación_de_Dataset_híbrido\Face-Recognition Proyect\Dataset_aumentado\Joey\Joey_54_proc_aug03.jpg,Joey,4,Directo
C:\Users\joeyk\OneDrive\Desktop\CNN\Creación_de_Dataset_híbrido\Face-Recognition Proyect\Dataset_aumentado\Leonardo DiCaprio\Leonardo_DiCaprio_52_proc_aug01.jpg,Leonardo DiCaprio,7,Directo
C:\Users\joeyk\OneDrive\Desktop\CNN\Creación_de_Dataset_híbrido\Face-Recognition Proyect\Dataset_aumentado\Leonardo DiCaprio\Leonardo_DiCaprio_100_proc_aug02.jpg,Leonardo DiCaprio,7,Directo
C:\Users\joeyk\OneDrive\Desktop\CNN\Creación_de_Dataset_híbrido\Face-Recognition Proyect\Dataset_aumentado\Israel\Israel_242_proc_aug03.jpg,Israel,2,Directo
C:\Users\joeyk\OneDrive\Desktop\CNN\Creación_de_Dataset_híbrido\Face-Recognition Proyect\Dataset_aumentado\Joey\Joey_114_proc.jpg,Joey,4,Directo
C:\Users\joeyk\OneDrive\Desktop\CNN\Creación_de_Dataset_híbrido\Face-Recognition Proyect\Dataset_aumentado\Brad Pitt\BradPitt_51_proc.jpg,Brad Pitt,1,Directo
C:\Users\joeyk\OneDrive\Desktop\CNN\Creación_de_Dataset_híbrido\Face-Recognition Proyect\Dataset_aumentado\Angelina Jolie\Angelina_Jolie_72_proc_aug03.jpg,Angelina Jolie,0,Directo
C:\Users\joeyk\OneDrive\Desktop\CNN\Creación_de_Dataset_híbrido\Face-Recognition Proyect\Dataset_aumentado\Israel\Israel_312_proc.jpg,Israel,2,Directo
C:\Users\joeyk\OneDrive\Desktop\CNN\Creación_de_Dataset_híbrido\Face-Recognition Proyect\Dataset_aumentado\Angelina Jolie\Angelina_Jolie_77_proc_aug03.jpg,Angelina Jolie,0,Directo
C:\Users\joeyk\OneDrive\Desktop\CNN\Creación_de_Dataset_híbrido\Face-Recognition Proyect\Dataset_aumentado\Angelina Jolie\Angelina_Jolie_93_proc_aug02.jpg,Angelina Jolie,0,Directo
C:\Users\joeyk\OneDrive\Desktop\CNN\Creación_de_Dataset_híbrido\Face-Recognition Proyect\Dataset_aumentado\Joey\Joey_220_proc_aug02.jpg,Joey,4,Directo
C:\Users\joeyk\OneDrive\Desktop\CNN\Creación_de_Dataset_híbrido\Face-Recognition Proyect\Dataset_aumentado\Jennifer Lawrence\JenniferLawrence_67_proc.jpg,Jennifer Lawrence,3,Directo
C:\Users\joeyk\OneDrive\Desktop\CNN\Creación_de_Dataset_híbrido\Face-Recognition Proyect\Dataset_aumentado\Jennifer Lawrence\JenniferLawrence_37_proc_aug02.jpg,Jennifer Lawrence,3,Directo
C:\Users\joeyk\OneDrive\Desktop\CNN\Creación_de_Dataset_híbrido\Face-Recognition Proyect\Dataset_aumentado\Kevin\Kevin_139_proc_aug01.jpg,Kevin,6,Directo
C:\Users\joeyk\OneDrive\Desktop\CNN\Creación_de_Dataset_híbrido\Face-Recognition Proyect\Dataset_aumentado\Joey\Joey_207_proc_aug03.jpg,Joey,4,Directo
C:\Users\joeyk\OneDrive\Desktop\CNN\Creación_de_Dataset_híbrido\Face-Recognition Proyect\Dataset_aumentado\Angelina Jolie\Angelina_Jolie_4_proc_aug03.jpg,Angelina Jolie,0,Directo
C:\Users\joeyk\OneDrive\Desktop\CNN\Creación_de_Dataset_híbrido\Face-Recognition Proyect\Dataset_aumentado\Jennifer Lawrence\JenniferLawrence_67_proc_aug01.jpg,Jennifer Lawrence,3,Directo
C:\Users\joeyk\OneDrive\Desktop\CNN\Creación_de_Dataset_híbrido\Face-Recognition Proyect\Dataset_aumentado\Nicole Kidman\Nicole_Kidman_29_proc_aug01.jpg,Nicole Kidman,9,Directo
C:\Users\joeyk\OneDrive\Desktop\CNN\Creación_de_Dataset_híbrido\Face-Recognition Proyect\Dataset_aumentado\Kevin\Kevin_11_proc_aug01.jpg,Kevin,6,Directo
C:\Users\joeyk\OneDrive\Desktop\CNN\Creación_de_Dataset_híbrido\Face-Recognition Proyect\Dataset_aumentado\Brad Pitt\BradPitt_40_proc.jpg,Brad Pitt,1,Directo
C:\Users\joeyk\OneDrive\Desktop\CNN\Creación_de_Dataset_híbrido\Face-Recognition Proyect\Dataset_aumentado\Joey\Joey_120_proc_aug01.jpg,Joey,4,Directo
C:\Users\joeyk\OneDrive\Desktop\CNN\Creación_de_Dataset_híbrido\Face-Recognition Proyect\Dataset_aumentado\Angelina Jolie\Angelina_Jolie_19_proc.jpg,Angelina Jolie,0,Directo
C:\Users\joeyk\OneDrive\Desktop\CNN\Creación_de_Dataset_híbrido\Face-Recognition Proyect\Dataset_aumentado\Joey\Joey_27_proc.jpg,Joey,4,Directo
C:\Users\joeyk\OneDrive\Desktop\CNN\Creación_de_Dataset_híbrido\Face-Recognition Proyect\Dataset_aumentado\Jennifer Lawrence\JenniferLawrence_39_proc.jpg,Jennifer Lawrence,3,Directo
C:\Users\joeyk\OneDrive\Desktop\CNN\Creación_de_Dataset_híbrido\Face-Recognition Proyect\Dataset_aumentado\Israel\Israel_75_proc_aug02.jpg,Israel,2,Directo
C:\Users\joeyk\OneDrive\Desktop\CNN\Creación_de_Dataset_híbrido\Face-Recognition Proyect\Dataset_aumentado\Israel\Israel_225_proc.jpg,Israel,2,Directo
C:\Users\joeyk\OneDrive\Desktop\CNN\Creación_de_Dataset_híbrido\Face-Recognition Proyect\Dataset_aumentado\Israel\Israel_218_proc.jpg,Israel,2,Directo
C:\Users\joeyk\OneDrive\Desktop\CNN\Creación_de_Dataset_híbrido\Face-Recognition Proyect\Dataset_aumentado\Kevin\Kevin_193_proc.jpg,Kevin,6,Directo
C:\Users\joeyk\OneDrive\Desktop\CNN\Creación_de_Dataset_híbrido\Face-Recognition Proyect\Dataset_aumentado\Israel\Israel_79_proc.jpg,Israel,2,Directo
C:\Users\joeyk\OneDrive\Desktop\CNN\Creación_de_Dataset_híbrido\Face-Recognition Proyect\Dataset_aumentado\Israel\Israel_32_proc_aug02.jpg,Israel,2,Directo
C:\Users\joeyk\OneDrive\Desktop\CNN\Creación_de_Dataset_híbrido\Face-Recognition Proyect\Dataset_aumentado\Leonardo DiCaprio\Leonardo_DiCaprio_89_proc.jpg,Leonardo DiCaprio,7,Directo
C:\Users\joeyk\OneDrive\Desktop\CNN\Creación_de_Dataset_híbrido\Face-Recognition Proyect\Dataset_aumentado\Joey\Joey_263_proc_aug02.jpg,Joey,4,Directo
C:\Users\joeyk\OneDrive\Desktop\CNN\Creación_de_Dataset_híbrido\Face-Recognition Proyect\Dataset_aumentado\Israel\Israel_62_proc.jpg,Israel,2,Directo
C:\Users\joeyk\OneDrive\Desktop\CNN\Creación_de_Dataset_híbrido\Face-Recognition Proyect\Dataset_aumentado\Joey\Joey_198_proc_aug02.jpg,Joey,4,Directo
C:\Users\joeyk\OneDrive\Desktop\CNN\Creación_de_Dataset_híbrido\Face-Recognition Proyect\Dataset_aumentado\Natalie Portman\Natalie_Portman_97_proc_aug03.jpg,Natalie Portman,8,Directo
C:\Users\joeyk\OneDrive\Desktop\CNN\Creación_de_Dataset_híbrido\Face-Recognition Proyect\Dataset_aumentado\Nicole Kidman\Nicole_Kidman_59_proc_aug03.jpg,Nicole Kidman,9,Directo
C:\Users\joeyk\OneDrive\Desktop\CNN\Creación_de_Dataset_híbrido\Face-Recognition Proyect\Dataset_aumentado\Nicole Kidman\Nicole_Kidman_56_proc.jpg,Nicole Kidman,9,Directo
C:\Users\joeyk\OneDrive\Desktop\CNN\Creación_de_Dataset_híbrido\Face-Recognition Proyect\Dataset_aumentado\Natalie Portman\Natalie_Portman_65_proc.jpg,Natalie Portman,8,Directo
C:\Users\joeyk\OneDrive\Desktop\CNN\Creación_de_Dataset_híbrido\Face-Recognition Proyect\Dataset_aumentado\Jennifer Lawrence\JenniferLawrence_14_proc.jpg,Jennifer Lawrence,3,Directo
C:\Users\joeyk\OneDrive\Desktop\CNN\Creación_de_Dataset_híbrido\Face-Recognition Proyect\Dataset_aumentado\Kevin\Kevin_141_proc.jpg,Kevin,6,Directo
C:\Users\joeyk\OneDrive\Desktop\CNN\Creación_de_Dataset_híbrido\Face-Recognition Proyect\Dataset_aumentado\Angelina Jolie\Angelina_Jolie_10_proc.jpg,Angelina Jolie,0,Directo
C:\Users\joeyk\OneDrive\Desktop\CNN\Creación_de_Dataset_híbrido\Face-Recognition Proyect\Dataset_aumentado\Angelina Jolie\Angelina_Jolie_93_proc.jpg,Angelina Jolie,0,Directo
C:\Users\joeyk\OneDrive\Desktop\CNN\Creación_de_Dataset_híbrido\Face-Recognition Proyect\Dataset_aumentado\Brad Pitt\BradPitt_17_proc_aug02.jpg,Brad Pitt,1,Directo
C:\Users\joeyk\OneDrive\Desktop\CNN\Creación_de_Dataset_híbrido\Face-Recognition Proyect\Dataset_aumentado\Natalie Portman\Natalie_Portman_97_proc_aug01.jpg,Natalie Portman,8,Directo
C:\Users\joeyk\OneDrive\Desktop\CNN\Creación_de_Dataset_híbrido\Face-Recognition Proyect\Dataset_aumentado\Jennifer Lawrence\JenniferLawrence_91_proc_aug02.jpg,Jennifer Lawrence,3,Directo
C:\Users\joeyk\OneDrive\Desktop\CNN\Creación_de_Dataset_híbrido\Face-Recognition Proyect\Dataset_aumentado\Angelina Jolie\Angelina_Jolie_44_proc.jpg,Angelina Jolie,0,Directo
C:\Users\joeyk\OneDrive\Desktop\CNN\Creación_de_Dataset_híbrido\Face-Recognition Proyect\Dataset_aumentado\Israel\Israel_312_proc_aug02.jpg,Israel,2,Directo
C:\Users\joeyk\OneDrive\Desktop\CNN\Creación_de_Dataset_híbrido\Face-Recognition Proyect\Dataset_aumentado\Angelina Jolie\Angelina_Jolie_84_proc_aug01.jpg,Angelina Jolie,0,Directo
C:\Users\joeyk\OneDrive\Desktop\CNN\Creación_de_Dataset_híbrido\Face-Recognition Proyect\Dataset_aumentado\Brad Pitt\BradPitt_96_proc_aug03.jpg,Brad Pitt,1,Directo
C:\Users\joeyk\OneDrive\Desktop\CNN\Creación_de_Dataset_híbrido\Face-Recognition Proyect\Dataset_aumentado\Israel\Israel_6_proc_aug02.jpg,Israel,2,Directo
C:\Users\joeyk\OneDrive\Desktop\CNN\Creación_de_Dataset_híbrido\Face-Recognition Proyect\Dataset_aumentado\Joey\Joey_192_proc_aug03.jpg,Joey,4,Directo
C:\Users\joeyk\OneDrive\Desktop\CNN\Creación_de_Dataset_híbrido\Face-Recognition Proyect\Dataset_aumentado\Israel\Israel_229_proc_aug02.jpg,Israel,2,Directo
C:\Users\joeyk\OneDrive\Desktop\CNN\Creación_de_Dataset_híbrido\Face-Recognition Proyect\Dataset_aumentado\Johnny Depp\Johnny_Depp_35_proc_aug03.jpg,Johnny Depp,5,Directo
C:\Users\joeyk\OneDrive\Desktop\CNN\Creación_de_Dataset_híbrido\Face-Recognition Proyect\Dataset_aumentado\Joey\Joey_271_proc_aug02.jpg,Joey,4,Directo
C:\Users\joeyk\OneDrive\Desktop\CNN\Creación_de_Dataset_híbrido\Face-Recognition Proyect\Dataset_aumentado\Kevin\Kevin_101_proc_aug02.jpg,Kevin,6,Directo
C:\Users\joeyk\OneDrive\Desktop\CNN\Creación_de_Dataset_híbrido\Face-Recognition Proyect\Dataset_aumentado\Nicole Kidman\Nicole_Kidman_73_proc.jpg,Nicole Kidman,9,Directo
C:\Users\joeyk\OneDrive\Desktop\CNN\Creación_de_Dataset_híbrido\Face-Recognition Proyect\Dataset_aumentado\Leonardo DiCaprio\Leonardo_DiCaprio_62_proc_aug02.jpg,Leonardo DiCaprio,7,Directo
C:\Users\joeyk\OneDrive\Desktop\CNN\Creación_de_Dataset_híbrido\Face-Recognition Proyect\Dataset_aumentado\Joey\Joey_249_proc_aug01.jpg,Joey,4,Directo
C:\Users\joeyk\OneDrive\Desktop\CNN\Creación_de_Dataset_híbrido\Face-Recognition Proyect\Dataset_aumentado\Israel\Israel_302_proc.jpg,Israel,2,Directo
C:\Users\joeyk\OneDrive\Desktop\CNN\Creación_de_Dataset_híbrido\Face-Recognition Proyect\Dataset_aumentado\Natalie Portman\Natalie_Portman_100_proc_aug03.jpg,Natalie Portman,8,Directo
C:\Users\joeyk\OneDrive\Desktop\CNN\Creación_de_Dataset_híbrido\Face-Recognition Proyect\Dataset_aumentado\Natalie Portman\Natalie_Portman_74_proc.jpg,Natalie Portman,8,Directo
C:\Users\joeyk\OneDrive\Desktop\CNN\Creación_de_Dataset_híbrido\Face-Recognition Proyect\Dataset_aumentado\Joey\Joey_146_proc.jpg,Joey,4,Directo
C:\Users\joeyk\OneDrive\Desktop\CNN\Creación_de_Dataset_híbrido\Face-Recognition Proyect\Dataset_aumentado\Israel\Israel_110_proc_aug03.jpg,Israel,2,Directo
C:\Users\joeyk\OneDrive\Desktop\CNN\Creación_de_Dataset_híbrido\Face-Recognition Proyect\Dataset_aumentado\Israel\Israel_255_proc_aug03.jpg,Israel,2,Directo
C:\Users\joeyk\OneDrive\Desktop\CNN\Creación_de_Dataset_híbrido\Face-Recognition Proyect\Dataset_aumentado\Israel\Israel_241_proc.jpg,Israel,2,Directo
C:\Users\joeyk\OneDrive\Desktop\CNN\Creación_de_Dataset_híbrido\Face-Recognition Proyect\Dataset_aumentado\Johnny Depp\Johnny_Depp_97_proc_aug02.jpg,Johnny Depp,5,Directo
C:\Users\joeyk\OneDrive\Desktop\CNN\Creación_de_Dataset_híbrido\Face-Recognition Proyect\Dataset_aumentado\Israel\Israel_5_proc.jpg,Israel,2,Directo
C:\Users\joeyk\OneDrive\Desktop\CNN\Creación_de_Dataset_híbrido\Face-Recognition Proyect\Dataset_aumentado\Leonardo DiCaprio\Leonardo_DiCaprio_27_proc_aug03.jpg,Leonardo DiCaprio,7,Directo
C:\Users\joeyk\OneDrive\Desktop\CNN\Creación_de_Dataset_híbrido\Face-Recognition Proyect\Dataset_aumentado\Leonardo DiCaprio\Leonardo_DiCaprio_49_proc_aug01.jpg,Leonardo DiCaprio,7,Directo
C:\Users\joeyk\OneDrive\Desktop\CNN\Creación_de_Dataset_híbrido\Face-Recognition Proyect\Dataset_aumentado\Natalie Portman\Natalie_Portman_2_proc_aug02.jpg,Natalie Portman,8,Directo
C:\Users\joeyk\OneDrive\Desktop\CNN\Creación_de_Dataset_híbrido\Face-Recognition Proyect\Dataset_aumentado\Joey\Joey_34_proc_aug02.jpg,Joey,4,Directo
C:\Users\joeyk\OneDrive\Desktop\CNN\Creación_de_Dataset_híbrido\Face-Recognition Proyect\Dataset_aumentado\Kevin\Kevin_117_proc_aug01.jpg,Kevin,6,Directo
C:\Users\joeyk\OneDrive\Desktop\CNN\Creación_de_Dataset_híbrido\Face-Recognition Proyect\Dataset_aumentado\Kevin\Kevin_134_proc_aug02.jpg,Kevin,6,Directo
C:\Users\joeyk\OneDrive\Desktop\CNN\Creación_de_Dataset_híbrido\Face-Recognition Proyect\Dataset_aumentado\Angelina Jolie\Angelina_Jolie_60_proc_aug02.jpg,Angelina Jolie,0,Directo
C:\Users\joeyk\OneDrive\Desktop\CNN\Creación_de_Dataset_híbrido\Face-Recognition Proyect\Dataset_aumentado\Leonardo DiCaprio\Leonardo_DiCaprio_3_proc_aug02.jpg,Leonardo DiCaprio,7,Directo
C:\Users\joeyk\OneDrive\Desktop\CNN\Creación_de_Dataset_híbrido\Face-Recognition Proyect\Dataset_aumentado\Joey\Joey_62_proc_aug03.jpg,Joey,4,Directo
C:\Users\joeyk\OneDrive\Desktop\CNN\Creación_de_Dataset_híbrido\Face-Recognition Proyect\Dataset_aumentado\Nicole Kidman\Nicole_Kidman_87_proc_aug02.jpg,Nicole Kidman,9,Directo
C:\Users\joeyk\OneDrive\Desktop\CNN\Creación_de_Dataset_híbrido\Face-Recognition Proyect\Dataset_aumentado\Nicole Kidman\Nicole_Kidman_57_proc_aug03.jpg,Nicole Kidman,9,Directo
C:\Users\joeyk\OneDrive\Desktop\CNN\Creación_de_Dataset_híbrido\Face-Recognition Proyect\Dataset_aumentado\Israel\Israel_153_proc_aug03.jpg,Israel,2,Directo
C:\Users\joeyk\OneDrive\Desktop\CNN\Creación_de_Dataset_híbrido\Face-Recognition Proyect\Dataset_aumentado\Joey\Joey_241_proc_aug02.jpg,Joey,4,Directo
C:\Users\joeyk\OneDrive\Desktop\CNN\Creación_de_Dataset_híbrido\Face-Recognition Proyect\Dataset_aumentado\Jennifer Lawrence\JenniferLawrence_19_proc_aug01.jpg,Jennifer Lawrence,3,Directo
C:\Users\joeyk\OneDrive\Desktop\CNN\Creación_de_Dataset_híbrido\Face-Recognition Proyect\Dataset_aumentado\Joey\Joey_264_proc_aug01.jpg,Joey,4,Directo
C:\Users\joeyk\OneDrive\Desktop\CNN\Creación_de_Dataset_híbrido\Face-Recognition Proyect\Dataset_aumentado\Kevin\Kevin_59_proc.jpg,Kevin,6,Directo
C:\Users\joeyk\OneDrive\Desktop\CNN\Creación_de_Dataset_híbrido\Face-Recognition Proyect\Dataset_aumentado\Leonardo DiCaprio\Leonardo_DiCaprio_8_proc_aug02.jpg,Leonardo DiCaprio,7,Directo
C:\Users\joeyk\OneDrive\Desktop\CNN\Creación_de_Dataset_híbrido\Face-Recognition Proyect\Dataset_aumentado\Nicole Kidman\Nicole_Kidman_46_proc_aug02.jpg,Nicole Kidman,9,Directo
C:\Users\joeyk\OneDrive\Desktop\CNN\Creación_de_Dataset_híbrido\Face-Recognition Proyect\Dataset_aumentado\Leonardo DiCaprio\Leonardo_DiCaprio_48_proc_aug01.jpg,Leonardo DiCaprio,7,Directo
C:\Users\joeyk\OneDrive\Desktop\CNN\Creación_de_Dataset_híbrido\Face-Recognition Proyect\Dataset_aumentado\Israel\Israel_20_proc.jpg,Israel,2,Directo
C:\Users\joeyk\OneDrive\Desktop\CNN\Creación_de_Dataset_híbrido\Face-Recognition Proyect\Dataset_aumentado\Joey\Joey_76_proc_aug02.jpg,Joey,4,Directo
C:\Users\joeyk\OneDrive\Desktop\CNN\Creación_de_Dataset_híbrido\Face-Recognition Proyect\Dataset_aumentado\Johnny Depp\Johnny_Depp_56_proc_aug01.jpg,Johnny Depp,5,Directo
C:\Users\joeyk\OneDrive\Desktop\CNN\Creación_de_Dataset_híbrido\Face-Recognition Proyect\Dataset_aumentado\Brad Pitt\BradPitt_67_proc_aug01.jpg,Brad Pitt,1,Directo
C:\Users\joeyk\OneDrive\Desktop\CNN\Creación_de_Dataset_híbrido\Face-Recognition Proyect\Dataset_aumentado\Joey\Joey_88_proc_aug02.jpg,Joey,4,Directo
C:\Users\joeyk\OneDrive\Desktop\CNN\Creación_de_Dataset_híbrido\Face-Recognition Proyect\Dataset_aumentado\Israel\Israel_140_proc_aug01.jpg,Israel,2,Directo
C:\Users\joeyk\OneDrive\Desktop\CNN\Creación_de_Dataset_híbrido\Face-Recognition Proyect\Dataset_aumentado\Joey\Joey_125_proc_aug02.jpg,Joey,4,Directo
C:\Users\joeyk\OneDrive\Desktop\CNN\Creación_de_Dataset_híbrido\Face-Recognition Proyect\Dataset_aumentado\Kevin\Kevin_16_proc.jpg,Kevin,6,Directo
C:\Users\joeyk\OneDrive\Desktop\CNN\Creación_de_Dataset_híbrido\Face-Recognition Proyect\Dataset_aumentado\Joey\Joey_168_proc.jpg,Joey,4,Directo
C:\Users\joeyk\OneDrive\Desktop\CNN\Creación_de_Dataset_híbrido\Face-Recognition Proyect\Dataset_aumentado\Israel\Israel_3_proc_aug03.jpg,Israel,2,Directo
C:\Users\joeyk\OneDrive\Desktop\CNN\Creación_de_Dataset_híbrido\Face-Recognition Proyect\Dataset_aumentado\Israel\Israel_169_proc_aug02.jpg,Israel,2,Directo
C:\Users\joeyk\OneDrive\Desktop\CNN\Creación_de_Dataset_híbrido\Face-Recognition Proyect\Dataset_aumentado\Kevin\Kevin_155_proc_aug02.jpg,Kevin,6,Directo
C:\Users\joeyk\OneDrive\Desktop\CNN\Creación_de_Dataset_híbrido\Face-Recognition Proyect\Dataset_aumentado\Nicole Kidman\Nicole_Kidman_79_proc.jpg,Nicole Kidman,9,Directo
C:\Users\joeyk\OneDrive\Desktop\CNN\Creación_de_Dataset_híbrido\Face-Recognition Proyect\Dataset_aumentado\Angelina Jolie\Angelina_Jolie_2_proc.jpg,Angelina Jolie,0,Directo
C:\Users\joeyk\OneDrive\Desktop\CNN\Creación_de_Dataset_híbrido\Face-Recognition Proyect\Dataset_aumentado\Brad Pitt\BradPitt_39_proc_aug02.jpg,Brad Pitt,1,Directo
C:\Users\joeyk\OneDrive\Desktop\CNN\Creación_de_Dataset_híbrido\Face-Recognition Proyect\Dataset_aumentado\Joey\Joey_18_proc_aug02.jpg,Joey,4,Directo
C:\Users\joeyk\OneDrive\Desktop\CNN\Creación_de_Dataset_híbrido\Face-Recognition Proyect\Dataset_aumentado\Israel\Israel_330_proc_aug01.jpg,Israel,2,Directo
C:\Users\joeyk\OneDrive\Desktop\CNN\Creación_de_Dataset_híbrido\Face-Recognition Proyect\Dataset_aumentado\Joey\Joey_7_proc_aug02.jpg,Joey,4,Directo
C:\Users\joeyk\OneDrive\Desktop\CNN\Creación_de_Dataset_híbrido\Face-Recognition Proyect\Dataset_aumentado\Jennifer Lawrence\JenniferLawrence_52_proc_aug01.jpg,Jennifer Lawrence,3,Directo
C:\Users\joeyk\OneDrive\Desktop\CNN\Creación_de_Dataset_híbrido\Face-Recognition Proyect\Dataset_aumentado\Johnny Depp\Johnny_Depp_59_proc.jpg,Johnny Depp,5,Directo
C:\Users\joeyk\OneDrive\Desktop\CNN\Creación_de_Dataset_híbrido\Face-Recognition Proyect\Dataset_aumentado\Brad Pitt\BradPitt_6_proc_aug03.jpg,Brad Pitt,1,Directo
C:\Users\joeyk\OneDrive\Desktop\CNN\Creación_de_Dataset_híbrido\Face-Recognition Proyect\Dataset_aumentado\Nicole Kidman\Nicole_Kidman_57_proc_aug01.jpg,Nicole Kidman,9,Directo
C:\Users\joeyk\OneDrive\Desktop\CNN\Creación_de_Dataset_híbrido\Face-Recognition Proyect\Dataset_aumentado\Brad Pitt\BradPitt_24_proc_aug02.jpg,Brad Pitt,1,Directo
C:\Users\joeyk\OneDrive\Desktop\CNN\Creación_de_Dataset_híbrido\Face-Recognition Proyect\Dataset_aumentado\Israel\Israel_204_proc.jpg,Israel,2,Directo
C:\Users\joeyk\OneDrive\Desktop\CNN\Creación_de_Dataset_híbrido\Face-Recognition Proyect\Dataset_aumentado\Nicole Kidman\Nicole_Kidman_25_proc_aug02.jpg,Nicole Kidman,9,Directo
C:\Users\joeyk\OneDrive\Desktop\CNN\Creación_de_Dataset_híbrido\Face-Recognition Proyect\Dataset_aumentado\Joey\Joey_97_proc_aug01.jpg,Joey,4,Directo
C:\Users\joeyk\OneDrive\Desktop\CNN\Creación_de_Dataset_híbrido\Face-Recognition Proyect\Dataset_aumentado\Nicole Kidman\Nicole_Kidman_93_proc_aug02.jpg,Nicole Kidman,9,Directo
C:\Users\joeyk\OneDrive\Desktop\CNN\Creación_de_Dataset_híbrido\Face-Recognition Proyect\Dataset_aumentado\Natalie Portman\Natalie_Portman_5_proc_aug03.jpg,Natalie Portman,8,Directo
C:\Users\joeyk\OneDrive\Desktop\CNN\Creación_de_Dataset_híbrido\Face-Recognition Proyect\Dataset_aumentado\Joey\Joey_118_proc.jpg,Joey,4,Directo
C:\Users\joeyk\OneDrive\Desktop\CNN\Creación_de_Dataset_híbrido\Face-Recognition Proyect\Dataset_aumentado\Natalie Portman\Natalie_Portman_39_proc.jpg,Natalie Portman,8,Directo
C:\Users\joeyk\OneDrive\Desktop\CNN\Creación_de_Dataset_híbrido\Face-Recognition Proyect\Dataset_aumentado\Leonardo DiCaprio\Leonardo_DiCaprio_72_proc_aug03.jpg,Leonardo DiCaprio,7,Directo
C:\Users\joeyk\OneDrive\Desktop\CNN\Creación_de_Dataset_híbrido\Face-Recognition Proyect\Dataset_aumentado\Kevin\Kevin_63_proc.jpg,Kevin,6,Directo
C:\Users\joeyk\OneDrive\Desktop\CNN\Creación_de_Dataset_híbrido\Face-Recognition Proyect\Dataset_aumentado\Nicole Kidman\Nicole_Kidman_28_proc.jpg,Nicole Kidman,9,Directo
C:\Users\joeyk\OneDrive\Desktop\CNN\Creación_de_Dataset_híbrido\Face-Recognition Proyect\Dataset_aumentado\Jennifer Lawrence\JenniferLawrence_36_proc_aug02.jpg,Jennifer Lawrence,3,Directo
C:\Users\joeyk\OneDrive\Desktop\CNN\Creación_de_Dataset_híbrido\Face-Recognition Proyect\Dataset_aumentado\Joey\Joey_230_proc_aug01.jpg,Joey,4,Directo
C:\Users\joeyk\OneDrive\Desktop\CNN\Creación_de_Dataset_híbrido\Face-Recognition Proyect\Dataset_aumentado\Joey\Joey_190_proc_aug02.jpg,Joey,4,Directo
C:\Users\joeyk\OneDrive\Desktop\CNN\Creación_de_Dataset_híbrido\Face-Recognition Proyect\Dataset_aumentado\Kevin\Kevin_186_proc.jpg,Kevin,6,Directo
C:\Users\joeyk\OneDrive\Desktop\CNN\Creación_de_Dataset_híbrido\Face-Recognition Proyect\Dataset_aumentado\Angelina Jolie\Angelina_Jolie_89_proc_aug03.jpg,Angelina Jolie,0,Directo
C:\Users\joeyk\OneDrive\Desktop\CNN\Creación_de_Dataset_híbrido\Face-Recognition Proyect\Dataset_aumentado\Johnny Depp\Johnny_Depp_82_proc_aug02.jpg,Johnny Depp,5,Directo
C:\Users\joeyk\OneDrive\Desktop\CNN\Creación_de_Dataset_híbrido\Face-Recognition Proyect\Dataset_aumentado\Israel\Israel_44_proc_aug02.jpg,Israel,2,Directo
C:\Users\joeyk\OneDrive\Desktop\CNN\Creación_de_Dataset_híbrido\Face-Recognition Proyect\Dataset_aumentado\Leonardo DiCaprio\Leonardo_DiCaprio_69_proc_aug03.jpg,Leonardo DiCaprio,7,Directo
C:\Users\joeyk\OneDrive\Desktop\CNN\Creación_de_Dataset_híbrido\Face-Recognition Proyect\Dataset_aumentado\Nicole Kidman\Nicole_Kidman_22_proc_aug03.jpg,Nicole Kidman,9,Directo
C:\Users\joeyk\OneDrive\Desktop\CNN\Creación_de_Dataset_híbrido\Face-Recognition Proyect\Dataset_aumentado\Israel\Israel_275_proc.jpg,Israel,2,Directo
C:\Users\joeyk\OneDrive\Desktop\CNN\Creación_de_Dataset_híbrido\Face-Recognition Proyect\Dataset_aumentado\Kevin\Kevin_181_proc_aug01.jpg,Kevin,6,Directo
C:\Users\joeyk\OneDrive\Desktop\CNN\Creación_de_Dataset_híbrido\Face-Recognition Proyect\Dataset_aumentado\Joey\Joey_289_proc.jpg,Joey,4,Directo
C:\Users\joeyk\OneDrive\Desktop\CNN\Creación_de_Dataset_híbrido\Face-Recognition Proyect\Dataset_aumentado\Jennifer Lawrence\JenniferLawrence_51_proc_aug03.jpg,Jennifer Lawrence,3,Directo
C:\Users\joeyk\OneDrive\Desktop\CNN\Creación_de_Dataset_híbrido\Face-Recognition Proyect\Dataset_aumentado\Kevin\Kevin_110_proc_aug03.jpg,Kevin,6,Directo
C:\Users\joeyk\OneDrive\Desktop\CNN\Creación_de_Dataset_híbrido\Face-Recognition Proyect\Dataset_aumentado\Brad Pitt\BradPitt_4_proc_aug01.jpg,Brad Pitt,1,Directo
C:\Users\joeyk\OneDrive\Desktop\CNN\Creación_de_Dataset_híbrido\Face-Recognition Proyect\Dataset_aumentado\Israel\Israel_175_proc_aug03.jpg,Israel,2,Directo
C:\Users\joeyk\OneDrive\Desktop\CNN\Creación_de_Dataset_híbrido\Face-Recognition Proyect\Dataset_aumentado\Natalie Portman\Natalie_Portman_85_proc_aug02.jpg,Natalie Portman,8,Directo
C:\Users\joeyk\OneDrive\Desktop\CNN\Creación_de_Dataset_híbrido\Face-Recognition Proyect\Dataset_aumentado\Kevin\Kevin_193_proc_aug01.jpg,Kevin,6,Directo
C:\Users\joeyk\OneDrive\Desktop\CNN\Creación_de_Dataset_híbrido\Face-Recognition Proyect\Dataset_aumentado\Leonardo DiCaprio\Leonardo_DiCaprio_82_proc_aug03.jpg,Leonardo DiCaprio,7,Directo
C:\Users\joeyk\OneDrive\Desktop\CNN\Creación_de_Dataset_híbrido\Face-Recognition Proyect\Dataset_aumentado\Natalie Portman\Natalie_Portman_42_proc.jpg,Natalie Portman,8,Directo
C:\Users\joeyk\OneDrive\Desktop\CNN\Creación_de_Dataset_híbrido\Face-Recognition Proyect\Dataset_aumentado\Israel\Israel_69_proc_aug02.jpg,Israel,2,Directo
C:\Users\joeyk\OneDrive\Desktop\CNN\Creación_de_Dataset_híbrido\Face-Recognition Proyect\Dataset_aumentado\Kevin\Kevin_72_proc_aug03.jpg,Kevin,6,Directo
C:\Users\joeyk\OneDrive\Desktop\CNN\Creación_de_Dataset_híbrido\Face-Recognition Proyect\Dataset_aumentado\Joey\Joey_255_proc_aug02.jpg,Joey,4,Directo
C:\Users\joeyk\OneDrive\Desktop\CNN\Creación_de_Dataset_híbrido\Face-Recognition Proyect\Dataset_aumentado\Israel\Israel_235_proc_aug03.jpg,Israel,2,Directo
C:\Users\joeyk\OneDrive\Desktop\CNN\Creación_de_Dataset_híbrido\Face-Recognition Proyect\Dataset_aumentado\Israel\Israel_177_proc_aug01.jpg,Israel,2,Directo
C:\Users\joeyk\OneDrive\Desktop\CNN\Creación_de_Dataset_híbrido\Face-Recognition Proyect\Dataset_aumentado\Israel\Israel_112_proc.jpg,Israel,2,Directo
C:\Users\joeyk\OneDrive\Desktop\CNN\Creación_de_Dataset_híbrido\Face-Recognition Proyect\Dataset_aumentado\Jennifer Lawrence\JenniferLawrence_13_proc_aug03.jpg,Jennifer Lawrence,3,Directo
C:\Users\joeyk\OneDrive\Desktop\CNN\Creación_de_Dataset_híbrido\Face-Recognition Proyect\Dataset_aumentado\Kevin\Kevin_67_proc_aug03.jpg,Kevin,6,Directo
C:\Users\joeyk\OneDrive\Desktop\CNN\Creación_de_Dataset_híbrido\Face-Recognition Proyect\Dataset_aumentado\Brad Pitt\BradPitt_43_proc_aug02.jpg,Brad Pitt,1,Directo
C:\Users\joeyk\OneDrive\Desktop\CNN\Creación_de_Dataset_híbrido\Face-Recognition Proyect\Dataset_aumentado\Kevin\Kevin_160_proc_aug03.jpg,Kevin,6,Directo
C:\Users\joeyk\OneDrive\Desktop\CNN\Creación_de_Dataset_híbrido\Face-Recognition Proyect\Dataset_aumentado\Kevin\Kevin_101_proc.jpg,Kevin,6,Directo
C:\Users\joeyk\OneDrive\Desktop\CNN\Creación_de_Dataset_híbrido\Face-Recognition Proyect\Dataset_aumentado\Johnny Depp\Johnny_Depp_96_proc.jpg,Johnny Depp,5,Directo
C:\Users\joeyk\OneDrive\Desktop\CNN\Creación_de_Dataset_híbrido\Face-Recognition Proyect\Dataset_aumentado\Joey\Joey_49_proc_aug01.jpg,Joey,4,Directo
C:\Users\joeyk\OneDrive\Desktop\CNN\Creación_de_Dataset_híbrido\Face-Recognition Proyect\Dataset_aumentado\Johnny Depp\Johnny_Depp_29_proc.jpg,Johnny Depp,5,Directo
C:\Users\joeyk\OneDrive\Desktop\CNN\Creación_de_Dataset_híbrido\Face-Recognition Proyect\Dataset_aumentado\Brad Pitt\BradPitt_20_proc_aug03.jpg,Brad Pitt,1,Directo
C:\Users\joeyk\OneDrive\Desktop\CNN\Creación_de_Dataset_híbrido\Face-Recognition Proyect\Dataset_aumentado\Angelina Jolie\Angelina_Jolie_85_proc_aug02.jpg,Angelina Jolie,0,Directo
C:\Users\joeyk\OneDrive\Desktop\CNN\Creación_de_Dataset_híbrido\Face-Recognition Proyect\Dataset_aumentado\Israel\Israel_183_proc_aug03.jpg,Israel,2,Directo
C:\Users\joeyk\OneDrive\Desktop\CNN\Creación_de_Dataset_híbrido\Face-Recognition Proyect\Dataset_aumentado\Johnny Depp\Johnny_Depp_58_proc_aug03.jpg,Johnny Depp,5,Directo
C:\Users\joeyk\OneDrive\Desktop\CNN\Creación_de_Dataset_híbrido\Face-Recognition Proyect\Dataset_aumentado\Brad Pitt\BradPitt_38_proc_aug03.jpg,Brad Pitt,1,Directo
C:\Users\joeyk\OneDrive\Desktop\CNN\Creación_de_Dataset_híbrido\Face-Recognition Proyect\Dataset_aumentado\Israel\Israel_304_proc_aug01.jpg,Israel,2,Directo
C:\Users\joeyk\OneDrive\Desktop\CNN\Creación_de_Dataset_híbrido\Face-Recognition Proyect\Dataset_aumentado\Leonardo DiCaprio\Leonardo_DiCaprio_14_proc_aug02.jpg,Leonardo DiCaprio,7,Directo
C:\Users\joeyk\OneDrive\Desktop\CNN\Creación_de_Dataset_híbrido\Face-Recognition Proyect\Dataset_aumentado\Leonardo DiCaprio\Leonardo_DiCaprio_24_proc_aug01.jpg,Leonardo DiCaprio,7,Directo
C:\Users\joeyk\OneDrive\Desktop\CNN\Creación_de_Dataset_híbrido\Face-Recognition Proyect\Dataset_aumentado\Israel\Israel_243_proc_aug01.jpg,Israel,2,Directo
C:\Users\joeyk\OneDrive\Desktop\CNN\Creación_de_Dataset_híbrido\Face-Recognition Proyect\Dataset_aumentado\Jennifer Lawrence\JenniferLawrence_4_proc_aug01.jpg,Jennifer Lawrence,3,Directo
C:\Users\joeyk\OneDrive\Desktop\CNN\Creación_de_Dataset_híbrido\Face-Recognition Proyect\Dataset_aumentado\Kevin\Kevin_218_proc_aug03.jpg,Kevin,6,Directo
C:\Users\joeyk\OneDrive\Desktop\CNN\Creación_de_Dataset_híbrido\Face-Recognition Proyect\Dataset_aumentado\Leonardo DiCaprio\Leonardo_DiCaprio_25_proc_aug03.jpg,Leonardo DiCaprio,7,Directo
C:\Users\joeyk\OneDrive\Desktop\CNN\Creación_de_Dataset_híbrido\Face-Recognition Proyect\Dataset_aumentado\Johnny Depp\Johnny_Depp_70_proc_aug02.jpg,Johnny Depp,5,Directo
C:\Users\joeyk\OneDrive\Desktop\CNN\Creación_de_Dataset_híbrido\Face-Recognition Proyect\Dataset_aumentado\Israel\Israel_195_proc_aug02.jpg,Israel,2,Directo
C:\Users\joeyk\OneDrive\Desktop\CNN\Creación_de_Dataset_híbrido\Face-Recognition Proyect\Dataset_aumentado\Jennifer Lawrence\JenniferLawrence_63_proc_aug02.jpg,Jennifer Lawrence,3,Directo
C:\Users\joeyk\OneDrive\Desktop\CNN\Creación_de_Dataset_híbrido\Face-Recognition Proyect\Dataset_aumentado\Kevin\Kevin_50_proc.jpg,Kevin,6,Directo
C:\Users\joeyk\OneDrive\Desktop\CNN\Creación_de_Dataset_híbrido\Face-Recognition Proyect\Dataset_aumentado\Joey\Joey_204_proc_aug03.jpg,Joey,4,Directo
C:\Users\joeyk\OneDrive\Desktop\CNN\Creación_de_Dataset_híbrido\Face-Recognition Proyect\Dataset_aumentado\Angelina Jolie\Angelina_Jolie_3_proc_aug03.jpg,Angelina Jolie,0,Directo
C:\Users\joeyk\OneDrive\Desktop\CNN\Creación_de_Dataset_híbrido\Face-Recognition Proyect\Dataset_aumentado\Leonardo DiCaprio\Leonardo_DiCaprio_91_proc.jpg,Leonardo DiCaprio,7,Directo
C:\Users\joeyk\OneDrive\Desktop\CNN\Creación_de_Dataset_híbrido\Face-Recognition Proyect\Dataset_aumentado\Joey\Joey_69_proc_aug01.jpg,Joey,4,Directo
C:\Users\joeyk\OneDrive\Desktop\CNN\Creación_de_Dataset_híbrido\Face-Recognition Proyect\Dataset_aumentado\Natalie Portman\Natalie_Portman_88_proc_aug01.jpg,Natalie Portman,8,Directo
C:\Users\joeyk\OneDrive\Desktop\CNN\Creación_de_Dataset_híbrido\Face-Recognition Proyect\Dataset_aumentado\Israel\Israel_299_proc_aug02.jpg,Israel,2,Directo
C:\Users\joeyk\OneDrive\Desktop\CNN\Creación_de_Dataset_híbrido\Face-Recognition Proyect\Dataset_aumentado\Kevin\Kevin_79_proc_aug02.jpg,Kevin,6,Directo
C:\Users\joeyk\OneDrive\Desktop\CNN\Creación_de_Dataset_híbrido\Face-Recognition Proyect\Dataset_aumentado\Israel\Israel_281_proc_aug01.jpg,Israel,2,Directo
C:\Users\joeyk\OneDrive\Desktop\CNN\Creación_de_Dataset_híbrido\Face-Recognition Proyect\Dataset_aumentado\Brad Pitt\BradPitt_24_proc_aug01.jpg,Brad Pitt,1,Directo
C:\Users\joeyk\OneDrive\Desktop\CNN\Creación_de_Dataset_híbrido\Face-Recognition Proyect\Dataset_aumentado\Johnny Depp\Johnny_Depp_69_proc_aug01.jpg,Johnny Depp,5,Directo
C:\Users\joeyk\OneDrive\Desktop\CNN\Creación_de_Dataset_híbrido\Face-Recognition Proyect\Dataset_aumentado\Israel\Israel_276_proc_aug03.jpg,Israel,2,Directo
C:\Users\joeyk\OneDrive\Desktop\CNN\Creación_de_Dataset_híbrido\Face-Recognition Proyect\Dataset_aumentado\Johnny Depp\Johnny_Depp_71_proc_aug03.jpg,Johnny Depp,5,Directo
C:\Users\joeyk\OneDrive\Desktop\CNN\Creación_de_Dataset_híbrido\Face-Recognition Proyect\Dataset_aumentado\Angelina Jolie\Angelina_Jolie_18_proc_aug01.jpg,Angelina Jolie,0,Directo
C:\Users\joeyk\OneDrive\Desktop\CNN\Creación_de_Dataset_híbrido\Face-Recognition Proyect\Dataset_aumentado\Nicole Kidman\Nicole_Kidman_80_proc_aug02.jpg,Nicole Kidman,9,Directo
C:\Users\joeyk\OneDrive\Desktop\CNN\Creación_de_Dataset_híbrido\Face-Recognition Proyect\Dataset_aumentado\Leonardo DiCaprio\Leonardo_DiCaprio_24_proc_aug03.jpg,Leonardo DiCaprio,7,Directo
C:\Users\joeyk\OneDrive\Desktop\CNN\Creación_de_Dataset_híbrido\Face-Recognition Proyect\Dataset_aumentado\Joey\Joey_93_proc_aug01.jpg,Joey,4,Directo
C:\Users\joeyk\OneDrive\Desktop\CNN\Creación_de_Dataset_híbrido\Face-Recognition Proyect\Dataset_aumentado\Kevin\Kevin_62_proc_aug02.jpg,Kevin,6,Directo
C:\Users\joeyk\OneDrive\Desktop\CNN\Creación_de_Dataset_híbrido\Face-Recognition Proyect\Dataset_aumentado\Johnny Depp\Johnny_Depp_1_proc.jpg,Johnny Depp,5,Directo
C:\Users\joeyk\OneDrive\Desktop\CNN\Creación_de_Dataset_híbrido\Face-Recognition Proyect\Dataset_aumentado\Natalie Portman\Natalie_Portman_23_proc_aug02.jpg,Natalie Portman,8,Directo
C:\Users\joeyk\OneDrive\Desktop\CNN\Creación_de_Dataset_híbrido\Face-Recognition Proyect\Dataset_aumentado\Leonardo DiCaprio\Leonardo_DiCaprio_52_proc_aug02.jpg,Leonardo DiCaprio,7,Directo
C:\Users\joeyk\OneDrive\Desktop\CNN\Creación_de_Dataset_híbrido\Face-Recognition Proyect\Dataset_aumentado\Leonardo DiCaprio\Leonardo_DiCaprio_45_proc_aug03.jpg,Leonardo DiCaprio,7,Directo
C:\Users\joeyk\OneDrive\Desktop\CNN\Creación_de_Dataset_híbrido\Face-Recognition Proyect\Dataset_aumentado\Jennifer Lawrence\JenniferLawrence_87_proc_aug01.jpg,Jennifer Lawrence,3,Directo
C:\Users\joeyk\OneDrive\Desktop\CNN\Creación_de_Dataset_híbrido\Face-Recognition Proyect\Dataset_aumentado\Kevin\Kevin_116_proc_aug03.jpg,Kevin,6,Directo
C:\Users\joeyk\OneDrive\Desktop\CNN\Creación_de_Dataset_híbrido\Face-Recognition Proyect\Dataset_aumentado\Nicole Kidman\Nicole_Kidman_23_proc_aug01.jpg,Nicole Kidman,9,Directo
C:\Users\joeyk\OneDrive\Desktop\CNN\Creación_de_Dataset_híbrido\Face-Recognition Proyect\Dataset_aumentado\Nicole Kidman\Nicole_Kidman_11_proc_aug02.jpg,Nicole Kidman,9,Directo
C:\Users\joeyk\OneDrive\Desktop\CNN\Creación_de_Dataset_híbrido\Face-Recognition Proyect\Dataset_aumentado\Israel\Israel_313_proc_aug02.jpg,Israel,2,Directo
C:\Users\joeyk\OneDrive\Desktop\CNN\Creación_de_Dataset_híbrido\Face-Recognition Proyect\Dataset_aumentado\Johnny Depp\Johnny_Depp_31_proc_aug02.jpg,Johnny Depp,5,Directo
C:\Users\joeyk\OneDrive\Desktop\CNN\Creación_de_Dataset_híbrido\Face-Recognition Proyect\Dataset_aumentado\Brad Pitt\BradPitt_33_proc.jpg,Brad Pitt,1,Directo
C:\Users\joeyk\OneDrive\Desktop\CNN\Creación_de_Dataset_híbrido\Face-Recognition Proyect\Dataset_aumentado\Israel\Israel_311_proc_aug03.jpg,Israel,2,Directo
C:\Users\joeyk\OneDrive\Desktop\CNN\Creación_de_Dataset_híbrido\Face-Recognition Proyect\Dataset_aumentado\Jennifer Lawrence\JenniferLawrence_53_proc_aug02.jpg,Jennifer Lawrence,3,Directo
C:\Users\joeyk\OneDrive\Desktop\CNN\Creación_de_Dataset_híbrido\Face-Recognition Proyect\Dataset_aumentado\Israel\Israel_153_proc_aug02.jpg,Israel,2,Directo
C:\Users\joeyk\OneDrive\Desktop\CNN\Creación_de_Dataset_híbrido\Face-Recognition Proyect\Dataset_aumentado\Jennifer Lawrence\JenniferLawrence_58_proc_aug02.jpg,Jennifer Lawrence,3,Directo
C:\Users\joeyk\OneDrive\Desktop\CNN\Creación_de_Dataset_híbrido\Face-Recognition Proyect\Dataset_aumentado\Natalie Portman\Natalie_Portman_80_proc.jpg,Natalie Portman,8,Directo
C:\Users\joeyk\OneDrive\Desktop\CNN\Creación_de_Dataset_híbrido\Face-Recognition Proyect\Dataset_aumentado\Joey\Joey_147_proc.jpg,Joey,4,Directo
C:\Users\joeyk\OneDrive\Desktop\CNN\Creación_de_Dataset_híbrido\Face-Recognition Proyect\Dataset_aumentado\Kevin\Kevin_211_proc_aug01.jpg,Kevin,6,Directo
C:\Users\joeyk\OneDrive\Desktop\CNN\Creación_de_Dataset_híbrido\Face-Recognition Proyect\Dataset_aumentado\Joey\Joey_286_proc.jpg,Joey,4,Directo
C:\Users\joeyk\OneDrive\Desktop\CNN\Creación_de_Dataset_híbrido\Face-Recognition Proyect\Dataset_aumentado\Angelina Jolie\Angelina_Jolie_3_proc.jpg,Angelina Jolie,0,Directo
C:\Users\joeyk\OneDrive\Desktop\CNN\Creación_de_Dataset_híbrido\Face-Recognition Proyect\Dataset_aumentado\Israel\Israel_105_proc_aug03.jpg,Israel,2,Directo
C:\Users\joeyk\OneDrive\Desktop\CNN\Creación_de_Dataset_híbrido\Face-Recognition Proyect\Dataset_aumentado\Joey\Joey_292_proc.jpg,Joey,4,Directo
C:\Users\joeyk\OneDrive\Desktop\CNN\Creación_de_Dataset_híbrido\Face-Recognition Proyect\Dataset_aumentado\Angelina Jolie\Angelina_Jolie_75_proc.jpg,Angelina Jolie,0,Directo
C:\Users\joeyk\OneDrive\Desktop\CNN\Creación_de_Dataset_híbrido\Face-Recognition Proyect\Dataset_aumentado\Israel\Israel_284_proc_aug02.jpg,Israel,2,Directo
C:\Users\joeyk\OneDrive\Desktop\CNN\Creación_de_Dataset_híbrido\Face-Recognition Proyect\Dataset_aumentado\Joey\Joey_93_proc.jpg,Joey,4,Directo
C:\Users\joeyk\OneDrive\Desktop\CNN\Creación_de_Dataset_híbrido\Face-Recognition Proyect\Dataset_aumentado\Nicole Kidman\Nicole_Kidman_32_proc_aug02.jpg,Nicole Kidman,9,Directo
C:\Users\joeyk\OneDrive\Desktop\CNN\Creación_de_Dataset_híbrido\Face-Recognition Proyect\Dataset_aumentado\Kevin\Kevin_119_proc_aug03.jpg,Kevin,6,Directo
C:\Users\joeyk\OneDrive\Desktop\CNN\Creación_de_Dataset_híbrido\Face-Recognition Proyect\Dataset_aumentado\Israel\Israel_108_proc_aug02.jpg,Israel,2,Directo
C:\Users\joeyk\OneDrive\Desktop\CNN\Creación_de_Dataset_híbrido\Face-Recognition Proyect\Dataset_aumentado\Joey\Joey_224_proc_aug01.jpg,Joey,4,Directo
C:\Users\joeyk\OneDrive\Desktop\CNN\Creación_de_Dataset_híbrido\Face-Recognition Proyect\Dataset_aumentado\Israel\Israel_169_proc.jpg,Israel,2,Directo
C:\Users\joeyk\OneDrive\Desktop\CNN\Creación_de_Dataset_híbrido\Face-Recognition Proyect\Dataset_aumentado\Joey\Joey_59_proc.jpg,Joey,4,Directo
C:\Users\joeyk\OneDrive\Desktop\CNN\Creación_de_Dataset_híbrido\Face-Recognition Proyect\Dataset_aumentado\Angelina Jolie\Angelina_Jolie_56_proc_aug01.jpg,Angelina Jolie,0,Directo
C:\Users\joeyk\OneDrive\Desktop\CNN\Creación_de_Dataset_híbrido\Face-Recognition Proyect\Dataset_aumentado\Israel\Israel_62_proc_aug01.jpg,Israel,2,Directo
C:\Users\joeyk\OneDrive\Desktop\CNN\Creación_de_Dataset_híbrido\Face-Recognition Proyect\Dataset_aumentado\Joey\Joey_101_proc_aug03.jpg,Joey,4,Directo
C:\Users\joeyk\OneDrive\Desktop\CNN\Creación_de_Dataset_híbrido\Face-Recognition Proyect\Dataset_aumentado\Joey\Joey_33_proc_aug03.jpg,Joey,4,Directo
C:\Users\joeyk\OneDrive\Desktop\CNN\Creación_de_Dataset_híbrido\Face-Recognition Proyect\Dataset_aumentado\Israel\Israel_49_proc.jpg,Israel,2,Directo
C:\Users\joeyk\OneDrive\Desktop\CNN\Creación_de_Dataset_híbrido\Face-Recognition Proyect\Dataset_aumentado\Leonardo DiCaprio\Leonardo_DiCaprio_18_proc_aug01.jpg,Leonardo DiCaprio,7,Directo
C:\Users\joeyk\OneDrive\Desktop\CNN\Creación_de_Dataset_híbrido\Face-Recognition Proyect\Dataset_aumentado\Brad Pitt\BradPitt_16_proc_aug01.jpg,Brad Pitt,1,Directo
C:\Users\joeyk\OneDrive\Desktop\CNN\Creación_de_Dataset_híbrido\Face-Recognition Proyect\Dataset_aumentado\Leonardo DiCaprio\Leonardo_DiCaprio_58_proc_aug01.jpg,Leonardo DiCaprio,7,Directo
C:\Users\joeyk\OneDrive\Desktop\CNN\Creación_de_Dataset_híbrido\Face-Recognition Proyect\Dataset_aumentado\Natalie Portman\Natalie_Portman_78_proc.jpg,Natalie Portman,8,Directo
C:\Users\joeyk\OneDrive\Desktop\CNN\Creación_de_Dataset_híbrido\Face-Recognition Proyect\Dataset_aumentado\Joey\Joey_201_proc_aug02.jpg,Joey,4,Directo
C:\Users\joeyk\OneDrive\Desktop\CNN\Creación_de_Dataset_híbrido\Face-Recognition Proyect\Dataset_aumentado\Israel\Israel_219_proc_aug02.jpg,Israel,2,Directo
C:\Users\joeyk\OneDrive\Desktop\CNN\Creación_de_Dataset_híbrido\Face-Recognition Proyect\Dataset_aumentado\Israel\Israel_224_proc.jpg,Israel,2,Directo
C:\Users\joeyk\OneDrive\Desktop\CNN\Creación_de_Dataset_híbrido\Face-Recognition Proyect\Dataset_aumentado\Angelina Jolie\Angelina_Jolie_67_proc.jpg,Angelina Jolie,0,Directo
C:\Users\joeyk\OneDrive\Desktop\CNN\Creación_de_Dataset_híbrido\Face-Recognition Proyect\Dataset_aumentado\Joey\Joey_180_proc_aug03.jpg,Joey,4,Directo
C:\Users\joeyk\OneDrive\Desktop\CNN\Creación_de_Dataset_híbrido\Face-Recognition Proyect\Dataset_aumentado\Kevin\Kevin_76_proc_aug01.jpg,Kevin,6,Directo
C:\Users\joeyk\OneDrive\Desktop\CNN\Creación_de_Dataset_híbrido\Face-Recognition Proyect\Dataset_aumentado\Kevin\Kevin_69_proc.jpg,Kevin,6,Directo
C:\Users\joeyk\OneDrive\Desktop\CNN\Creación_de_Dataset_híbrido\Face-Recognition Proyect\Dataset_aumentado\Leonardo DiCaprio\Leonardo_DiCaprio_22_proc_aug01.jpg,Leonardo DiCaprio,7,Directo
C:\Users\joeyk\OneDrive\Desktop\CNN\Creación_de_Dataset_híbrido\Face-Recognition Proyect\Dataset_aumentado\Joey\Joey_178_proc_aug02.jpg,Joey,4,Directo
C:\Users\joeyk\OneDrive\Desktop\CNN\Creación_de_Dataset_híbrido\Face-Recognition Proyect\Dataset_aumentado\Joey\Joey_274_proc_aug03.jpg,Joey,4,Directo
C:\Users\joeyk\OneDrive\Desktop\CNN\Creación_de_Dataset_híbrido\Face-Recognition Proyect\Dataset_aumentado\Israel\Israel_57_proc_aug03.jpg,Israel,2,Directo
C:\Users\joeyk\OneDrive\Desktop\CNN\Creación_de_Dataset_híbrido\Face-Recognition Proyect\Dataset_aumentado\Kevin\Kevin_183_proc_aug01.jpg,Kevin,6,Directo
C:\Users\joeyk\OneDrive\Desktop\CNN\Creación_de_Dataset_híbrido\Face-Recognition Proyect\Dataset_aumentado\Israel\Israel_96_proc.jpg,Israel,2,Directo
C:\Users\joeyk\OneDrive\Desktop\CNN\Creación_de_Dataset_híbrido\Face-Recognition Proyect\Dataset_aumentado\Joey\Joey_130_proc_aug01.jpg,Joey,4,Directo
C:\Users\joeyk\OneDrive\Desktop\CNN\Creación_de_Dataset_híbrido\Face-Recognition Proyect\Dataset_aumentado\Israel\Israel_29_proc_aug03.jpg,Israel,2,Directo
C:\Users\joeyk\OneDrive\Desktop\CNN\Creación_de_Dataset_híbrido\Face-Recognition Proyect\Dataset_aumentado\Kevin\Kevin_184_proc_aug03.jpg,Kevin,6,Directo
C:\Users\joeyk\OneDrive\Desktop\CNN\Creación_de_Dataset_híbrido\Face-Recognition Proyect\Dataset_aumentado\Natalie Portman\Natalie_Portman_48_proc_aug02.jpg,Natalie Portman,8,Directo
C:\Users\joeyk\OneDrive\Desktop\CNN\Creación_de_Dataset_híbrido\Face-Recognition Proyect\Dataset_aumentado\Israel\Israel_71_proc_aug02.jpg,Israel,2,Directo
C:\Users\joeyk\OneDrive\Desktop\CNN\Creación_de_Dataset_híbrido\Face-Recognition Proyect\Dataset_aumentado\Jennifer Lawrence\JenniferLawrence_71_proc.jpg,Jennifer Lawrence,3,Directo
C:\Users\joeyk\OneDrive\Desktop\CNN\Creación_de_Dataset_híbrido\Face-Recognition Proyect\Dataset_aumentado\Natalie Portman\Natalie_Portman_45_proc_aug01.jpg,Natalie Portman,8,Directo
C:\Users\joeyk\OneDrive\Desktop\CNN\Creación_de_Dataset_híbrido\Face-Recognition Proyect\Dataset_aumentado\Kevin\Kevin_119_proc_aug01.jpg,Kevin,6,Directo
C:\Users\joeyk\OneDrive\Desktop\CNN\Creación_de_Dataset_híbrido\Face-Recognition Proyect\Dataset_aumentado\Kevin\Kevin_55_proc.jpg,Kevin,6,Directo
C:\Users\joeyk\OneDrive\Desktop\CNN\Creación_de_Dataset_híbrido\Face-Recognition Proyect\Dataset_aumentado\Israel\Israel_316_proc.jpg,Israel,2,Directo
C:\Users\joeyk\OneDrive\Desktop\CNN\Creación_de_Dataset_híbrido\Face-Recognition Proyect\Dataset_aumentado\Angelina Jolie\Angelina_Jolie_70_proc.jpg,Angelina Jolie,0,Directo
C:\Users\joeyk\OneDrive\Desktop\CNN\Creación_de_Dataset_híbrido\Face-Recognition Proyect\Dataset_aumentado\Joey\Joey_167_proc.jpg,Joey,4,Directo
C:\Users\joeyk\OneDrive\Desktop\CNN\Creación_de_Dataset_híbrido\Face-Recognition Proyect\Dataset_aumentado\Joey\Joey_70_proc_aug02.jpg,Joey,4,Directo
C:\Users\joeyk\OneDrive\Desktop\CNN\Creación_de_Dataset_híbrido\Face-Recognition Proyect\Dataset_aumentado\Joey\Joey_277_proc_aug03.jpg,Joey,4,Directo
C:\Users\joeyk\OneDrive\Desktop\CNN\Creación_de_Dataset_híbrido\Face-Recognition Proyect\Dataset_aumentado\Kevin\Kevin_2_proc_aug02.jpg,Kevin,6,Directo
C:\Users\joeyk\OneDrive\Desktop\CNN\Creación_de_Dataset_híbrido\Face-Recognition Proyect\Dataset_aumentado\Leonardo DiCaprio\Leonardo_DiCaprio_30_proc_aug01.jpg,Leonardo DiCaprio,7,Directo
C:\Users\joeyk\OneDrive\Desktop\CNN\Creación_de_Dataset_híbrido\Face-Recognition Proyect\Dataset_aumentado\Joey\Joey_213_proc.jpg,Joey,4,Directo
C:\Users\joeyk\OneDrive\Desktop\CNN\Creación_de_Dataset_híbrido\Face-Recognition Proyect\Dataset_aumentado\Israel\Israel_176_proc.jpg,Israel,2,Directo
C:\Users\joeyk\OneDrive\Desktop\CNN\Creación_de_Dataset_híbrido\Face-Recognition Proyect\Dataset_aumentado\Leonardo DiCaprio\Leonardo_DiCaprio_67_proc_aug01.jpg,Leonardo DiCaprio,7,Directo
C:\Users\joeyk\OneDrive\Desktop\CNN\Creación_de_Dataset_híbrido\Face-Recognition Proyect\Dataset_aumentado\Leonardo DiCaprio\Leonardo_DiCaprio_28_proc_aug01.jpg,Leonardo DiCaprio,7,Directo
C:\Users\joeyk\OneDrive\Desktop\CNN\Creación_de_Dataset_híbrido\Face-Recognition Proyect\Dataset_aumentado\Kevin\Kevin_198_proc_aug02.jpg,Kevin,6,Directo
C:\Users\joeyk\OneDrive\Desktop\CNN\Creación_de_Dataset_híbrido\Face-Recognition Proyect\Dataset_aumentado\Brad Pitt\BradPitt_13_proc.jpg,Brad Pitt,1,Directo
C:\Users\joeyk\OneDrive\Desktop\CNN\Creación_de_Dataset_híbrido\Face-Recognition Proyect\Dataset_aumentado\Angelina Jolie\Angelina_Jolie_10_proc_aug01.jpg,Angelina Jolie,0,Directo
C:\Users\joeyk\OneDrive\Desktop\CNN\Creación_de_Dataset_híbrido\Face-Recognition Proyect\Dataset_aumentado\Joey\Joey_75_proc_aug03.jpg,Joey,4,Directo
C:\Users\joeyk\OneDrive\Desktop\CNN\Creación_de_Dataset_híbrido\Face-Recognition Proyect\Dataset_aumentado\Joey\Joey_245_proc_aug01.jpg,Joey,4,Directo
C:\Users\joeyk\OneDrive\Desktop\CNN\Creación_de_Dataset_híbrido\Face-Recognition Proyect\Dataset_aumentado\Angelina Jolie\Angelina_Jolie_51_proc_aug02.jpg,Angelina Jolie,0,Directo
C:\Users\joeyk\OneDrive\Desktop\CNN\Creación_de_Dataset_híbrido\Face-Recognition Proyect\Dataset_aumentado\Angelina Jolie\Angelina_Jolie_65_proc_aug01.jpg,Angelina Jolie,0,Directo
C:\Users\joeyk\OneDrive\Desktop\CNN\Creación_de_Dataset_híbrido\Face-Recognition Proyect\Dataset_aumentado\Kevin\Kevin_75_proc_aug03.jpg,Kevin,6,Directo
C:\Users\joeyk\OneDrive\Desktop\CNN\Creación_de_Dataset_híbrido\Face-Recognition Proyect\Dataset_aumentado\Natalie Portman\Natalie_Portman_18_proc.jpg,Natalie Portman,8,Directo
C:\Users\joeyk\OneDrive\Desktop\CNN\Creación_de_Dataset_híbrido\Face-Recognition Proyect\Dataset_aumentado\Joey\Joey_162_proc_aug02.jpg,Joey,4,Directo
C:\Users\joeyk\OneDrive\Desktop\CNN\Creación_de_Dataset_híbrido\Face-Recognition Proyect\Dataset_aumentado\Kevin\Kevin_6_proc_aug01.jpg,Kevin,6,Directo
C:\Users\joeyk\OneDrive\Desktop\CNN\Creación_de_Dataset_híbrido\Face-Recognition Proyect\Dataset_aumentado\Leonardo DiCaprio\Leonardo_DiCaprio_18_proc_aug02.jpg,Leonardo DiCaprio,7,Directo
C:\Users\joeyk\OneDrive\Desktop\CNN\Creación_de_Dataset_híbrido\Face-Recognition Proyect\Dataset_aumentado\Kevin\Kevin_72_proc.jpg,Kevin,6,Directo
C:\Users\joeyk\OneDrive\Desktop\CNN\Creación_de_Dataset_híbrido\Face-Recognition Proyect\Dataset_aumentado\Leonardo DiCaprio\Leonardo_DiCaprio_91_proc_aug01.jpg,Leonardo DiCaprio,7,Directo
C:\Users\joeyk\OneDrive\Desktop\CNN\Creación_de_Dataset_híbrido\Face-Recognition Proyect\Dataset_aumentado\Leonardo DiCaprio\Leonardo_DiCaprio_73_proc.jpg,Leonardo DiCaprio,7,Directo
C:\Users\joeyk\OneDrive\Desktop\CNN\Creación_de_Dataset_híbrido\Face-Recognition Proyect\Dataset_aumentado\Kevin\Kevin_140_proc_aug03.jpg,Kevin,6,Directo
C:\Users\joeyk\OneDrive\Desktop\CNN\Creación_de_Dataset_híbrido\Face-Recognition Proyect\Dataset_aumentado\Natalie Portman\Natalie_Portman_12_proc_aug03.jpg,Natalie Portman,8,Directo
C:\Users\joeyk\OneDrive\Desktop\CNN\Creación_de_Dataset_híbrido\Face-Recognition Proyect\Dataset_aumentado\Brad Pitt\BradPitt_2_proc_aug02.jpg,Brad Pitt,1,Directo
C:\Users\joeyk\OneDrive\Desktop\CNN\Creación_de_Dataset_híbrido\Face-Recognition Proyect\Dataset_aumentado\Brad Pitt\BradPitt_10_proc_aug02.jpg,Brad Pitt,1,Directo
C:\Users\joeyk\OneDrive\Desktop\CNN\Creación_de_Dataset_híbrido\Face-Recognition Proyect\Dataset_aumentado\Johnny Depp\Johnny_Depp_50_proc_aug01.jpg,Johnny Depp,5,Directo
C:\Users\joeyk\OneDrive\Desktop\CNN\Creación_de_Dataset_híbrido\Face-Recognition Proyect\Dataset_aumentado\Brad Pitt\BradPitt_34_proc_aug01.jpg,Brad Pitt,1,Directo
C:\Users\joeyk\OneDrive\Desktop\CNN\Creación_de_Dataset_híbrido\Face-Recognition Proyect\Dataset_aumentado\Israel\Israel_295_proc.jpg,Israel,2,Directo
C:\Users\joeyk\OneDrive\Desktop\CNN\Creación_de_Dataset_híbrido\Face-Recognition Proyect\Dataset_aumentado\Joey\Joey_217_proc.jpg,Joey,4,Directo
C:\Users\joeyk\OneDrive\Desktop\CNN\Creación_de_Dataset_híbrido\Face-Recognition Proyect\Dataset_aumentado\Israel\Israel_279_proc_aug03.jpg,Israel,2,Directo
C:\Users\joeyk\OneDrive\Desktop\CNN\Creación_de_Dataset_híbrido\Face-Recognition Proyect\Dataset_aumentado\Angelina Jolie\Angelina_Jolie_43_proc_aug01.jpg,Angelina Jolie,0,Directo
C:\Users\joeyk\OneDrive\Desktop\CNN\Creación_de_Dataset_híbrido\Face-Recognition Proyect\Dataset_aumentado\Natalie Portman\Natalie_Portman_47_proc.jpg,Natalie Portman,8,Directo
C:\Users\joeyk\OneDrive\Desktop\CNN\Creación_de_Dataset_híbrido\Face-Recognition Proyect\Dataset_aumentado\Israel\Israel_324_proc_aug02.jpg,Israel,2,Directo
C:\Users\joeyk\OneDrive\Desktop\CNN\Creación_de_Dataset_híbrido\Face-Recognition Proyect\Dataset_aumentado\Kevin\Kevin_59_proc_aug01.jpg,Kevin,6,Directo
C:\Users\joeyk\OneDrive\Desktop\CNN\Creación_de_Dataset_híbrido\Face-Recognition Proyect\Dataset_aumentado\Joey\Joey_22_proc_aug03.jpg,Joey,4,Directo
C:\Users\joeyk\OneDrive\Desktop\CNN\Creación_de_Dataset_híbrido\Face-Recognition Proyect\Dataset_aumentado\Angelina Jolie\Angelina_Jolie_30_proc_aug01.jpg,Angelina Jolie,0,Directo
C:\Users\joeyk\OneDrive\Desktop\CNN\Creación_de_Dataset_híbrido\Face-Recognition Proyect\Dataset_aumentado\Kevin\Kevin_52_proc_aug03.jpg,Kevin,6,Directo
C:\Users\joeyk\OneDrive\Desktop\CNN\Creación_de_Dataset_híbrido\Face-Recognition Proyect\Dataset_aumentado\Natalie Portman\Natalie_Portman_70_proc_aug03.jpg,Natalie Portman,8,Directo
C:\Users\joeyk\OneDrive\Desktop\CNN\Creación_de_Dataset_híbrido\Face-Recognition Proyect\Dataset_aumentado\Joey\Joey_40_proc.jpg,Joey,4,Directo
C:\Users\joeyk\OneDrive\Desktop\CNN\Creación_de_Dataset_híbrido\Face-Recognition Proyect\Dataset_aumentado\Israel\Israel_5_proc_aug02.jpg,Israel,2,Directo
C:\Users\joeyk\OneDrive\Desktop\CNN\Creación_de_Dataset_híbrido\Face-Recognition Proyect\Dataset_aumentado\Israel\Israel_67_proc_aug02.jpg,Israel,2,Directo
C:\Users\joeyk\OneDrive\Desktop\CNN\Creación_de_Dataset_híbrido\Face-Recognition Proyect\Dataset_aumentado\Angelina Jolie\Angelina_Jolie_50_proc_aug02.jpg,Angelina Jolie,0,Directo
C:\Users\joeyk\OneDrive\Desktop\CNN\Creación_de_Dataset_híbrido\Face-Recognition Proyect\Dataset_aumentado\Leonardo DiCaprio\Leonardo_DiCaprio_71_proc_aug02.jpg,Leonardo DiCaprio,7,Directo
C:\Users\joeyk\OneDrive\Desktop\CNN\Creación_de_Dataset_híbrido\Face-Recognition Proyect\Dataset_aumentado\Kevin\Kevin_86_proc_aug02.jpg,Kevin,6,Directo
C:\Users\joeyk\OneDrive\Desktop\CNN\Creación_de_Dataset_híbrido\Face-Recognition Proyect\Dataset_aumentado\Joey\Joey_52_proc_aug02.jpg,Joey,4,Directo
C:\Users\joeyk\OneDrive\Desktop\CNN\Creación_de_Dataset_híbrido\Face-Recognition Proyect\Dataset_aumentado\Jennifer Lawrence\JenniferLawrence_19_proc.jpg,Jennifer Lawrence,3,Directo
C:\Users\joeyk\OneDrive\Desktop\CNN\Creación_de_Dataset_híbrido\Face-Recognition Proyect\Dataset_aumentado\Israel\Israel_233_proc_aug02.jpg,Israel,2,Directo
C:\Users\joeyk\OneDrive\Desktop\CNN\Creación_de_Dataset_híbrido\Face-Recognition Proyect\Dataset_aumentado\Angelina Jolie\Angelina_Jolie_94_proc.jpg,Angelina Jolie,0,Directo
C:\Users\joeyk\OneDrive\Desktop\CNN\Creación_de_Dataset_híbrido\Face-Recognition Proyect\Dataset_aumentado\Kevin\Kevin_94_proc_aug02.jpg,Kevin,6,Directo
C:\Users\joeyk\OneDrive\Desktop\CNN\Creación_de_Dataset_híbrido\Face-Recognition Proyect\Dataset_aumentado\Jennifer Lawrence\JenniferLawrence_28_proc_aug03.jpg,Jennifer Lawrence,3,Directo
C:\Users\joeyk\OneDrive\Desktop\CNN\Creación_de_Dataset_híbrido\Face-Recognition Proyect\Dataset_aumentado\Brad Pitt\BradPitt_85_proc_aug03.jpg,Brad Pitt,1,Directo
C:\Users\joeyk\OneDrive\Desktop\CNN\Creación_de_Dataset_híbrido\Face-Recognition Proyect\Dataset_aumentado\Joey\Joey_239_proc_aug01.jpg,Joey,4,Directo
C:\Users\joeyk\OneDrive\Desktop\CNN\Creación_de_Dataset_híbrido\Face-Recognition Proyect\Dataset_aumentado\Joey\Joey_144_proc_aug02.jpg,Joey,4,Directo
C:\Users\joeyk\OneDrive\Desktop\CNN\Creación_de_Dataset_híbrido\Face-Recognition Proyect\Dataset_aumentado\Joey\Joey_291_proc_aug02.jpg,Joey,4,Directo
C:\Users\joeyk\OneDrive\Desktop\CNN\Creación_de_Dataset_híbrido\Face-Recognition Proyect\Dataset_aumentado\Joey\Joey_207_proc.jpg,Joey,4,Directo
C:\Users\joeyk\OneDrive\Desktop\CNN\Creación_de_Dataset_híbrido\Face-Recognition Proyect\Dataset_aumentado\Israel\Israel_121_proc_aug01.jpg,Israel,2,Directo
C:\Users\joeyk\OneDrive\Desktop\CNN\Creación_de_Dataset_híbrido\Face-Recognition Proyect\Dataset_aumentado\Israel\Israel_327_proc.jpg,Israel,2,Directo
C:\Users\joeyk\OneDrive\Desktop\CNN\Creación_de_Dataset_híbrido\Face-Recognition Proyect\Dataset_aumentado\Joey\Joey_44_proc_aug01.jpg,Joey,4,Directo
C:\Users\joeyk\OneDrive\Desktop\CNN\Creación_de_Dataset_híbrido\Face-Recognition Proyect\Dataset_aumentado\Israel\Israel_284_proc_aug03.jpg,Israel,2,Directo
C:\Users\joeyk\OneDrive\Desktop\CNN\Creación_de_Dataset_híbrido\Face-Recognition Proyect\Dataset_aumentado\Natalie Portman\Natalie_Portman_81_proc_aug03.jpg,Natalie Portman,8,Directo
C:\Users\joeyk\OneDrive\Desktop\CNN\Creación_de_Dataset_híbrido\Face-Recognition Proyect\Dataset_aumentado\Kevin\Kevin_104_proc_aug03.jpg,Kevin,6,Directo
C:\Users\joeyk\OneDrive\Desktop\CNN\Creación_de_Dataset_híbrido\Face-Recognition Proyect\Dataset_aumentado\Angelina Jolie\Angelina_Jolie_58_proc_aug03.jpg,Angelina Jolie,0,Directo
C:\Users\joeyk\OneDrive\Desktop\CNN\Creación_de_Dataset_híbrido\Face-Recognition Proyect\Dataset_aumentado\Brad Pitt\BradPitt_66_proc_aug01.jpg,Brad Pitt,1,Directo
C:\Users\joeyk\OneDrive\Desktop\CNN\Creación_de_Dataset_híbrido\Face-Recognition Proyect\Dataset_aumentado\Israel\Israel_337_proc_aug03.jpg,Israel,2,Directo
C:\Users\joeyk\OneDrive\Desktop\CNN\Creación_de_Dataset_híbrido\Face-Recognition Proyect\Dataset_aumentado\Leonardo DiCaprio\Leonardo_DiCaprio_4_proc.jpg,Leonardo DiCaprio,7,Directo
C:\Users\joeyk\OneDrive\Desktop\CNN\Creación_de_Dataset_híbrido\Face-Recognition Proyect\Dataset_aumentado\Angelina Jolie\Angelina_Jolie_31_proc_aug01.jpg,Angelina Jolie,0,Directo
C:\Users\joeyk\OneDrive\Desktop\CNN\Creación_de_Dataset_híbrido\Face-Recognition Proyect\Dataset_aumentado\Kevin\Kevin_9_proc_aug01.jpg,Kevin,6,Directo
C:\Users\joeyk\OneDrive\Desktop\CNN\Creación_de_Dataset_híbrido\Face-Recognition Proyect\Dataset_aumentado\Joey\Joey_98_proc_aug02.jpg,Joey,4,Directo
C:\Users\joeyk\OneDrive\Desktop\CNN\Creación_de_Dataset_híbrido\Face-Recognition Proyect\Dataset_aumentado\Joey\Joey_225_proc_aug03.jpg,Joey,4,Directo
C:\Users\joeyk\OneDrive\Desktop\CNN\Creación_de_Dataset_híbrido\Face-Recognition Proyect\Dataset_aumentado\Natalie Portman\Natalie_Portman_85_proc_aug01.jpg,Natalie Portman,8,Directo
C:\Users\joeyk\OneDrive\Desktop\CNN\Creación_de_Dataset_híbrido\Face-Recognition Proyect\Dataset_aumentado\Israel\Israel_252_proc_aug01.jpg,Israel,2,Directo
C:\Users\joeyk\OneDrive\Desktop\CNN\Creación_de_Dataset_híbrido\Face-Recognition Proyect\Dataset_aumentado\Nicole Kidman\Nicole_Kidman_6_proc_aug02.jpg,Nicole Kidman,9,Directo
C:\Users\joeyk\OneDrive\Desktop\CNN\Creación_de_Dataset_híbrido\Face-Recognition Proyect\Dataset_aumentado\Joey\Joey_214_proc_aug01.jpg,Joey,4,Directo
C:\Users\joeyk\OneDrive\Desktop\CNN\Creación_de_Dataset_híbrido\Face-Recognition Proyect\Dataset_aumentado\Natalie Portman\Natalie_Portman_29_proc_aug03.jpg,Natalie Portman,8,Directo
C:\Users\joeyk\OneDrive\Desktop\CNN\Creación_de_Dataset_híbrido\Face-Recognition Proyect\Dataset_aumentado\Nicole Kidman\Nicole_Kidman_5_proc_aug01.jpg,Nicole Kidman,9,Directo
C:\Users\joeyk\OneDrive\Desktop\CNN\Creación_de_Dataset_híbrido\Face-Recognition Proyect\Dataset_aumentado\Brad Pitt\BradPitt_55_proc_aug02.jpg,Brad Pitt,1,Directo
C:\Users\joeyk\OneDrive\Desktop\CNN\Creación_de_Dataset_híbrido\Face-Recognition Proyect\Dataset_aumentado\Jennifer Lawrence\JenniferLawrence_18_proc.jpg,Jennifer Lawrence,3,Directo
C:\Users\joeyk\OneDrive\Desktop\CNN\Creación_de_Dataset_híbrido\Face-Recognition Proyect\Dataset_aumentado\Israel\Israel_232_proc_aug02.jpg,Israel,2,Directo
C:\Users\joeyk\OneDrive\Desktop\CNN\Creación_de_Dataset_híbrido\Face-Recognition Proyect\Dataset_aumentado\Israel\Israel_277_proc.jpg,Israel,2,Directo
C:\Users\joeyk\OneDrive\Desktop\CNN\Creación_de_Dataset_híbrido\Face-Recognition Proyect\Dataset_aumentado\Johnny Depp\Johnny_Depp_60_proc_aug02.jpg,Johnny Depp,5,Directo
C:\Users\joeyk\OneDrive\Desktop\CNN\Creación_de_Dataset_híbrido\Face-Recognition Proyect\Dataset_aumentado\Johnny Depp\Johnny_Depp_99_proc_aug03.jpg,Johnny Depp,5,Directo
C:\Users\joeyk\OneDrive\Desktop\CNN\Creación_de_Dataset_híbrido\Face-Recognition Proyect\Dataset_aumentado\Israel\Israel_273_proc_aug01.jpg,Israel,2,Directo
C:\Users\joeyk\OneDrive\Desktop\CNN\Creación_de_Dataset_híbrido\Face-Recognition Proyect\Dataset_aumentado\Brad Pitt\BradPitt_34_proc_aug02.jpg,Brad Pitt,1,Directo
C:\Users\joeyk\OneDrive\Desktop\CNN\Creación_de_Dataset_híbrido\Face-Recognition Proyect\Dataset_aumentado\Israel\Israel_229_proc.jpg,Israel,2,Directo
C:\Users\joeyk\OneDrive\Desktop\CNN\Creación_de_Dataset_híbrido\Face-Recognition Proyect\Dataset_aumentado\Nicole Kidman\Nicole_Kidman_37_proc_aug03.jpg,Nicole Kidman,9,Directo
C:\Users\joeyk\OneDrive\Desktop\CNN\Creación_de_Dataset_híbrido\Face-Recognition Proyect\Dataset_aumentado\Kevin\Kevin_52_proc.jpg,Kevin,6,Directo
C:\Users\joeyk\OneDrive\Desktop\CNN\Creación_de_Dataset_híbrido\Face-Recognition Proyect\Dataset_aumentado\Leonardo DiCaprio\Leonardo_DiCaprio_70_proc_aug03.jpg,Leonardo DiCaprio,7,Directo
C:\Users\joeyk\OneDrive\Desktop\CNN\Creación_de_Dataset_híbrido\Face-Recognition Proyect\Dataset_aumentado\Nicole Kidman\Nicole_Kidman_95_proc.jpg,Nicole Kidman,9,Directo
C:\Users\joeyk\OneDrive\Desktop\CNN\Creación_de_Dataset_híbrido\Face-Recognition Proyect\Dataset_aumentado\Leonardo DiCaprio\Leonardo_DiCaprio_17_proc_aug03.jpg,Leonardo DiCaprio,7,Directo
C:\Users\joeyk\OneDrive\Desktop\CNN\Creación_de_Dataset_híbrido\Face-Recognition Proyect\Dataset_aumentado\Joey\Joey_69_proc.jpg,Joey,4,Directo
C:\Users\joeyk\OneDrive\Desktop\CNN\Creación_de_Dataset_híbrido\Face-Recognition Proyect\Dataset_aumentado\Nicole Kidman\Nicole_Kidman_20_proc_aug02.jpg,Nicole Kidman,9,Directo
C:\Users\joeyk\OneDrive\Desktop\CNN\Creación_de_Dataset_híbrido\Face-Recognition Proyect\Dataset_aumentado\Joey\Joey_97_proc.jpg,Joey,4,Directo
C:\Users\joeyk\OneDrive\Desktop\CNN\Creación_de_Dataset_híbrido\Face-Recognition Proyect\Dataset_aumentado\Leonardo DiCaprio\Leonardo_DiCaprio_91_proc_aug03.jpg,Leonardo DiCaprio,7,Directo
C:\Users\joeyk\OneDrive\Desktop\CNN\Creación_de_Dataset_híbrido\Face-Recognition Proyect\Dataset_aumentado\Johnny Depp\Johnny_Depp_12_proc_aug01.jpg,Johnny Depp,5,Directo
C:\Users\joeyk\OneDrive\Desktop\CNN\Creación_de_Dataset_híbrido\Face-Recognition Proyect\Dataset_aumentado\Angelina Jolie\Angelina_Jolie_45_proc_aug03.jpg,Angelina Jolie,0,Directo
C:\Users\joeyk\OneDrive\Desktop\CNN\Creación_de_Dataset_híbrido\Face-Recognition Proyect\Dataset_aumentado\Natalie Portman\Natalie_Portman_18_proc_aug01.jpg,Natalie Portman,8,Directo
C:\Users\joeyk\OneDrive\Desktop\CNN\Creación_de_Dataset_híbrido\Face-Recognition Proyect\Dataset_aumentado\Israel\Israel_214_proc_aug01.jpg,Israel,2,Directo
C:\Users\joeyk\OneDrive\Desktop\CNN\Creación_de_Dataset_híbrido\Face-Recognition Proyect\Dataset_aumentado\Angelina Jolie\Angelina_Jolie_57_proc.jpg,Angelina Jolie,0,Directo
C:\Users\joeyk\OneDrive\Desktop\CNN\Creación_de_Dataset_híbrido\Face-Recognition Proyect\Dataset_aumentado\Natalie Portman\Natalie_Portman_31_proc.jpg,Natalie Portman,8,Directo
C:\Users\joeyk\OneDrive\Desktop\CNN\Creación_de_Dataset_híbrido\Face-Recognition Proyect\Dataset_aumentado\Johnny Depp\Johnny_Depp_69_proc.jpg,Johnny Depp,5,Directo
C:\Users\joeyk\OneDrive\Desktop\CNN\Creación_de_Dataset_híbrido\Face-Recognition Proyect\Dataset_aumentado\Johnny Depp\Johnny_Depp_70_proc_aug03.jpg,Johnny Depp,5,Directo
C:\Users\joeyk\OneDrive\Desktop\CNN\Creación_de_Dataset_híbrido\Face-Recognition Proyect\Dataset_aumentado\Joey\Joey_254_proc_aug01.jpg,Joey,4,Directo
C:\Users\joeyk\OneDrive\Desktop\CNN\Creación_de_Dataset_híbrido\Face-Recognition Proyect\Dataset_aumentado\Leonardo DiCaprio\Leonardo_DiCaprio_89_proc_aug02.jpg,Leonardo DiCaprio,7,Directo
C:\Users\joeyk\OneDrive\Desktop\CNN\Creación_de_Dataset_híbrido\Face-Recognition Proyect\Dataset_aumentado\Jennifer Lawrence\JenniferLawrence_62_proc.jpg,Jennifer Lawrence,3,Directo
C:\Users\joeyk\OneDrive\Desktop\CNN\Creación_de_Dataset_híbrido\Face-Recognition Proyect\Dataset_aumentado\Jennifer Lawrence\JenniferLawrence_24_proc_aug03.jpg,Jennifer Lawrence,3,Directo
C:\Users\joeyk\OneDrive\Desktop\CNN\Creación_de_Dataset_híbrido\Face-Recognition Proyect\Dataset_aumentado\Natalie Portman\Natalie_Portman_19_proc_aug03.jpg,Natalie Portman,8,Directo
C:\Users\joeyk\OneDrive\Desktop\CNN\Creación_de_Dataset_híbrido\Face-Recognition Proyect\Dataset_aumentado\Nicole Kidman\Nicole_Kidman_6_proc_aug03.jpg,Nicole Kidman,9,Directo
C:\Users\joeyk\OneDrive\Desktop\CNN\Creación_de_Dataset_híbrido\Face-Recognition Proyect\Dataset_aumentado\Israel\Israel_231_proc.jpg,Israel,2,Directo
C:\Users\joeyk\OneDrive\Desktop\CNN\Creación_de_Dataset_híbrido\Face-Recognition Proyect\Dataset_aumentado\Joey\Joey_136_proc_aug03.jpg,Joey,4,Directo
C:\Users\joeyk\OneDrive\Desktop\CNN\Creación_de_Dataset_híbrido\Face-Recognition Proyect\Dataset_aumentado\Angelina Jolie\Angelina_Jolie_58_proc_aug01.jpg,Angelina Jolie,0,Directo
C:\Users\joeyk\OneDrive\Desktop\CNN\Creación_de_Dataset_híbrido\Face-Recognition Proyect\Dataset_aumentado\Joey\Joey_246_proc_aug02.jpg,Joey,4,Directo
C:\Users\joeyk\OneDrive\Desktop\CNN\Creación_de_Dataset_híbrido\Face-Recognition Proyect\Dataset_aumentado\Joey\Joey_269_proc_aug02.jpg,Joey,4,Directo
C:\Users\joeyk\OneDrive\Desktop\CNN\Creación_de_Dataset_híbrido\Face-Recognition Proyect\Dataset_aumentado\Johnny Depp\Johnny_Depp_94_proc_aug03.jpg,Johnny Depp,5,Directo
C:\Users\joeyk\OneDrive\Desktop\CNN\Creación_de_Dataset_híbrido\Face-Recognition Proyect\Dataset_aumentado\Kevin\Kevin_146_proc_aug03.jpg,Kevin,6,Directo
C:\Users\joeyk\OneDrive\Desktop\CNN\Creación_de_Dataset_híbrido\Face-Recognition Proyect\Dataset_aumentado\Jennifer Lawrence\JenniferLawrence_26_proc.jpg,Jennifer Lawrence,3,Directo
C:\Users\joeyk\OneDrive\Desktop\CNN\Creación_de_Dataset_híbrido\Face-Recognition Proyect\Dataset_aumentado\Johnny Depp\Johnny_Depp_10_proc.jpg,Johnny Depp,5,Directo
C:\Users\joeyk\OneDrive\Desktop\CNN\Creación_de_Dataset_híbrido\Face-Recognition Proyect\Dataset_aumentado\Johnny Depp\Johnny_Depp_72_proc.jpg,Johnny Depp,5,Directo
C:\Users\joeyk\OneDrive\Desktop\CNN\Creación_de_Dataset_híbrido\Face-Recognition Proyect\Dataset_aumentado\Angelina Jolie\Angelina_Jolie_64_proc_aug03.jpg,Angelina Jolie,0,Directo
C:\Users\joeyk\OneDrive\Desktop\CNN\Creación_de_Dataset_híbrido\Face-Recognition Proyect\Dataset_aumentado\Joey\Joey_118_proc_aug01.jpg,Joey,4,Directo
C:\Users\joeyk\OneDrive\Desktop\CNN\Creación_de_Dataset_híbrido\Face-Recognition Proyect\Dataset_aumentado\Jennifer Lawrence\JenniferLawrence_58_proc.jpg,Jennifer Lawrence,3,Directo
C:\Users\joeyk\OneDrive\Desktop\CNN\Creación_de_Dataset_híbrido\Face-Recognition Proyect\Dataset_aumentado\Nicole Kidman\Nicole_Kidman_77_proc_aug02.jpg,Nicole Kidman,9,Directo
C:\Users\joeyk\OneDrive\Desktop\CNN\Creación_de_Dataset_híbrido\Face-Recognition Proyect\Dataset_aumentado\Kevin\Kevin_33_proc_aug01.jpg,Kevin,6,Directo
C:\Users\joeyk\OneDrive\Desktop\CNN\Creación_de_Dataset_híbrido\Face-Recognition Proyect\Dataset_aumentado\Kevin\Kevin_7_proc_aug01.jpg,Kevin,6,Directo
C:\Users\joeyk\OneDrive\Desktop\CNN\Creación_de_Dataset_híbrido\Face-Recognition Proyect\Dataset_aumentado\Nicole Kidman\Nicole_Kidman_91_proc_aug01.jpg,Nicole Kidman,9,Directo
C:\Users\joeyk\OneDrive\Desktop\CNN\Creación_de_Dataset_híbrido\Face-Recognition Proyect\Dataset_aumentado\Kevin\Kevin_39_proc_aug02.jpg,Kevin,6,Directo
C:\Users\joeyk\OneDrive\Desktop\CNN\Creación_de_Dataset_híbrido\Face-Recognition Proyect\Dataset_aumentado\Natalie Portman\Natalie_Portman_98_proc_aug01.jpg,Natalie Portman,8,Directo
C:\Users\joeyk\OneDrive\Desktop\CNN\Creación_de_Dataset_híbrido\Face-Recognition Proyect\Dataset_aumentado\Kevin\Kevin_157_proc_aug01.jpg,Kevin,6,Directo
C:\Users\joeyk\OneDrive\Desktop\CNN\Creación_de_Dataset_híbrido\Face-Recognition Proyect\Dataset_aumentado\Brad Pitt\BradPitt_51_proc_aug01.jpg,Brad Pitt,1,Directo
C:\Users\joeyk\OneDrive\Desktop\CNN\Creación_de_Dataset_híbrido\Face-Recognition Proyect\Dataset_aumentado\Israel\Israel_316_proc_aug02.jpg,Israel,2,Directo
C:\Users\joeyk\OneDrive\Desktop\CNN\Creación_de_Dataset_híbrido\Face-Recognition Proyect\Dataset_aumentado\Nicole Kidman\Nicole_Kidman_1_proc_aug01.jpg,Nicole Kidman,9,Directo
C:\Users\joeyk\OneDrive\Desktop\CNN\Creación_de_Dataset_híbrido\Face-Recognition Proyect\Dataset_aumentado\Kevin\Kevin_135_proc_aug01.jpg,Kevin,6,Directo
C:\Users\joeyk\OneDrive\Desktop\CNN\Creación_de_Dataset_híbrido\Face-Recognition Proyect\Dataset_aumentado\Joey\Joey_201_proc_aug03.jpg,Joey,4,Directo
C:\Users\joeyk\OneDrive\Desktop\CNN\Creación_de_Dataset_híbrido\Face-Recognition Proyect\Dataset_aumentado\Joey\Joey_235_proc.jpg,Joey,4,Directo
C:\Users\joeyk\OneDrive\Desktop\CNN\Creación_de_Dataset_híbrido\Face-Recognition Proyect\Dataset_aumentado\Leonardo DiCaprio\Leonardo_DiCaprio_73_proc_aug01.jpg,Leonardo DiCaprio,7,Directo
C:\Users\joeyk\OneDrive\Desktop\CNN\Creación_de_Dataset_híbrido\Face-Recognition Proyect\Dataset_aumentado\Joey\Joey_221_proc_aug03.jpg,Joey,4,Directo
C:\Users\joeyk\OneDrive\Desktop\CNN\Creación_de_Dataset_híbrido\Face-Recognition Proyect\Dataset_aumentado\Brad Pitt\BradPitt_46_proc.jpg,Brad Pitt,1,Directo
C:\Users\joeyk\OneDrive\Desktop\CNN\Creación_de_Dataset_híbrido\Face-Recognition Proyect\Dataset_aumentado\Leonardo DiCaprio\Leonardo_DiCaprio_7_proc.jpg,Leonardo DiCaprio,7,Directo
C:\Users\joeyk\OneDrive\Desktop\CNN\Creación_de_Dataset_híbrido\Face-Recognition Proyect\Dataset_aumentado\Kevin\Kevin_51_proc.jpg,Kevin,6,Directo
C:\Users\joeyk\OneDrive\Desktop\CNN\Creación_de_Dataset_híbrido\Face-Recognition Proyect\Dataset_aumentado\Kevin\Kevin_209_proc.jpg,Kevin,6,Directo
C:\Users\joeyk\OneDrive\Desktop\CNN\Creación_de_Dataset_híbrido\Face-Recognition Proyect\Dataset_aumentado\Kevin\Kevin_154_proc_aug03.jpg,Kevin,6,Directo
C:\Users\joeyk\OneDrive\Desktop\CNN\Creación_de_Dataset_híbrido\Face-Recognition Proyect\Dataset_aumentado\Joey\Joey_297_proc.jpg,Joey,4,Directo
C:\Users\joeyk\OneDrive\Desktop\CNN\Creación_de_Dataset_híbrido\Face-Recognition Proyect\Dataset_aumentado\Jennifer Lawrence\JenniferLawrence_95_proc_aug02.jpg,Jennifer Lawrence,3,Directo
C:\Users\joeyk\OneDrive\Desktop\CNN\Creación_de_Dataset_híbrido\Face-Recognition Proyect\Dataset_aumentado\Kevin\Kevin_24_proc_aug01.jpg,Kevin,6,Directo
C:\Users\joeyk\OneDrive\Desktop\CNN\Creación_de_Dataset_híbrido\Face-Recognition Proyect\Dataset_aumentado\Israel\Israel_285_proc.jpg,Israel,2,Directo
C:\Users\joeyk\OneDrive\Desktop\CNN\Creación_de_Dataset_híbrido\Face-Recognition Proyect\Dataset_aumentado\Israel\Israel_113_proc_aug02.jpg,Israel,2,Directo
C:\Users\joeyk\OneDrive\Desktop\CNN\Creación_de_Dataset_híbrido\Face-Recognition Proyect\Dataset_aumentado\Joey\Joey_109_proc_aug02.jpg,Joey,4,Directo
C:\Users\joeyk\OneDrive\Desktop\CNN\Creación_de_Dataset_híbrido\Face-Recognition Proyect\Dataset_aumentado\Israel\Israel_86_proc.jpg,Israel,2,Directo
C:\Users\joeyk\OneDrive\Desktop\CNN\Creación_de_Dataset_híbrido\Face-Recognition Proyect\Dataset_aumentado\Angelina Jolie\Angelina_Jolie_23_proc_aug02.jpg,Angelina Jolie,0,Directo
C:\Users\joeyk\OneDrive\Desktop\CNN\Creación_de_Dataset_híbrido\Face-Recognition Proyect\Dataset_aumentado\Brad Pitt\BradPitt_32_proc.jpg,Brad Pitt,1,Directo
C:\Users\joeyk\OneDrive\Desktop\CNN\Creación_de_Dataset_híbrido\Face-Recognition Proyect\Dataset_aumentado\Israel\Israel_163_proc_aug01.jpg,Israel,2,Directo
C:\Users\joeyk\OneDrive\Desktop\CNN\Creación_de_Dataset_híbrido\Face-Recognition Proyect\Dataset_aumentado\Israel\Israel_81_proc_aug01.jpg,Israel,2,Directo
C:\Users\joeyk\OneDrive\Desktop\CNN\Creación_de_Dataset_híbrido\Face-Recognition Proyect\Dataset_aumentado\Jennifer Lawrence\JenniferLawrence_7_proc_aug03.jpg,Jennifer Lawrence,3,Directo
C:\Users\joeyk\OneDrive\Desktop\CNN\Creación_de_Dataset_híbrido\Face-Recognition Proyect\Dataset_aumentado\Leonardo DiCaprio\Leonardo_DiCaprio_97_proc_aug02.jpg,Leonardo DiCaprio,7,Directo
C:\Users\joeyk\OneDrive\Desktop\CNN\Creación_de_Dataset_híbrido\Face-Recognition Proyect\Dataset_aumentado\Kevin\Kevin_190_proc.jpg,Kevin,6,Directo
C:\Users\joeyk\OneDrive\Desktop\CNN\Creación_de_Dataset_híbrido\Face-Recognition Proyect\Dataset_aumentado\Kevin\Kevin_143_proc_aug03.jpg,Kevin,6,Directo
C:\Users\joeyk\OneDrive\Desktop\CNN\Creación_de_Dataset_híbrido\Face-Recognition Proyect\Dataset_aumentado\Leonardo DiCaprio\Leonardo_DiCaprio_88_proc_aug02.jpg,Leonardo DiCaprio,7,Directo
C:\Users\joeyk\OneDrive\Desktop\CNN\Creación_de_Dataset_híbrido\Face-Recognition Proyect\Dataset_aumentado\Brad Pitt\BradPitt_19_proc_aug02.jpg,Brad Pitt,1,Directo
C:\Users\joeyk\OneDrive\Desktop\CNN\Creación_de_Dataset_híbrido\Face-Recognition Proyect\Dataset_aumentado\Kevin\Kevin_158_proc_aug01.jpg,Kevin,6,Directo
C:\Users\joeyk\OneDrive\Desktop\CNN\Creación_de_Dataset_híbrido\Face-Recognition Proyect\Dataset_aumentado\Brad Pitt\BradPitt_72_proc_aug01.jpg,Brad Pitt,1,Directo
C:\Users\joeyk\OneDrive\Desktop\CNN\Creación_de_Dataset_híbrido\Face-Recognition Proyect\Dataset_aumentado\Jennifer Lawrence\JenniferLawrence_3_proc_aug01.jpg,Jennifer Lawrence,3,Directo
C:\Users\joeyk\OneDrive\Desktop\CNN\Creación_de_Dataset_híbrido\Face-Recognition Proyect\Dataset_aumentado\Israel\Israel_69_proc_aug01.jpg,Israel,2,Directo
C:\Users\joeyk\OneDrive\Desktop\CNN\Creación_de_Dataset_híbrido\Face-Recognition Proyect\Dataset_aumentado\Brad Pitt\BradPitt_20_proc_aug02.jpg,Brad Pitt,1,Directo
C:\Users\joeyk\OneDrive\Desktop\CNN\Creación_de_Dataset_híbrido\Face-Recognition Proyect\Dataset_aumentado\Joey\Joey_117_proc.jpg,Joey,4,Directo
C:\Users\joeyk\OneDrive\Desktop\CNN\Creación_de_Dataset_híbrido\Face-Recognition Proyect\Dataset_aumentado\Israel\Israel_17_proc_aug01.jpg,Israel,2,Directo
C:\Users\joeyk\OneDrive\Desktop\CNN\Creación_de_Dataset_híbrido\Face-Recognition Proyect\Dataset_aumentado\Jennifer Lawrence\JenniferLawrence_13_proc_aug01.jpg,Jennifer Lawrence,3,Directo
C:\Users\joeyk\OneDrive\Desktop\CNN\Creación_de_Dataset_híbrido\Face-Recognition Proyect\Dataset_aumentado\Brad Pitt\BradPitt_64_proc_aug01.jpg,Brad Pitt,1,Directo
C:\Users\joeyk\OneDrive\Desktop\CNN\Creación_de_Dataset_híbrido\Face-Recognition Proyect\Dataset_aumentado\Kevin\Kevin_58_proc.jpg,Kevin,6,Directo
C:\Users\joeyk\OneDrive\Desktop\CNN\Creación_de_Dataset_híbrido\Face-Recognition Proyect\Dataset_aumentado\Kevin\Kevin_134_proc_aug03.jpg,Kevin,6,Directo
C:\Users\joeyk\OneDrive\Desktop\CNN\Creación_de_Dataset_híbrido\Face-Recognition Proyect\Dataset_aumentado\Johnny Depp\Johnny_Depp_95_proc.jpg,Johnny Depp,5,Directo
C:\Users\joeyk\OneDrive\Desktop\CNN\Creación_de_Dataset_híbrido\Face-Recognition Proyect\Dataset_aumentado\Joey\Joey_6_proc_aug02.jpg,Joey,4,Directo
C:\Users\joeyk\OneDrive\Desktop\CNN\Creación_de_Dataset_híbrido\Face-Recognition Proyect\Dataset_aumentado\Kevin\Kevin_83_proc_aug02.jpg,Kevin,6,Directo
C:\Users\joeyk\OneDrive\Desktop\CNN\Creación_de_Dataset_híbrido\Face-Recognition Proyect\Dataset_aumentado\Israel\Israel_143_proc_aug02.jpg,Israel,2,Directo
C:\Users\joeyk\OneDrive\Desktop\CNN\Creación_de_Dataset_híbrido\Face-Recognition Proyect\Dataset_aumentado\Joey\Joey_144_proc_aug01.jpg,Joey,4,Directo
C:\Users\joeyk\OneDrive\Desktop\CNN\Creación_de_Dataset_híbrido\Face-Recognition Proyect\Dataset_aumentado\Kevin\Kevin_141_proc_aug01.jpg,Kevin,6,Directo
C:\Users\joeyk\OneDrive\Desktop\CNN\Creación_de_Dataset_híbrido\Face-Recognition Proyect\Dataset_aumentado\Joey\Joey_63_proc_aug01.jpg,Joey,4,Directo
C:\Users\joeyk\OneDrive\Desktop\CNN\Creación_de_Dataset_híbrido\Face-Recognition Proyect\Dataset_aumentado\Israel\Israel_285_proc_aug02.jpg,Israel,2,Directo
C:\Users\joeyk\OneDrive\Desktop\CNN\Creación_de_Dataset_híbrido\Face-Recognition Proyect\Dataset_aumentado\Angelina Jolie\Angelina_Jolie_65_proc.jpg,Angelina Jolie,0,Directo
C:\Users\joeyk\OneDrive\Desktop\CNN\Creación_de_Dataset_híbrido\Face-Recognition Proyect\Dataset_aumentado\Brad Pitt\BradPitt_47_proc_aug01.jpg,Brad Pitt,1,Directo
C:\Users\joeyk\OneDrive\Desktop\CNN\Creación_de_Dataset_híbrido\Face-Recognition Proyect\Dataset_aumentado\Brad Pitt\BradPitt_45_proc_aug01.jpg,Brad Pitt,1,Directo
C:\Users\joeyk\OneDrive\Desktop\CNN\Creación_de_Dataset_híbrido\Face-Recognition Proyect\Dataset_aumentado\Natalie Portman\Natalie_Portman_90_proc_aug01.jpg,Natalie Portman,8,Directo
C:\Users\joeyk\OneDrive\Desktop\CNN\Creación_de_Dataset_híbrido\Face-Recognition Proyect\Dataset_aumentado\Kevin\Kevin_149_proc_aug02.jpg,Kevin,6,Directo
C:\Users\joeyk\OneDrive\Desktop\CNN\Creación_de_Dataset_híbrido\Face-Recognition Proyect\Dataset_aumentado\Israel\Israel_321_proc_aug03.jpg,Israel,2,Directo
C:\Users\joeyk\OneDrive\Desktop\CNN\Creación_de_Dataset_híbrido\Face-Recognition Proyect\Dataset_aumentado\Natalie Portman\Natalie_Portman_42_proc_aug02.jpg,Natalie Portman,8,Directo
C:\Users\joeyk\OneDrive\Desktop\CNN\Creación_de_Dataset_híbrido\Face-Recognition Proyect\Dataset_aumentado\Angelina Jolie\Angelina_Jolie_71_proc.jpg,Angelina Jolie,0,Directo
C:\Users\joeyk\OneDrive\Desktop\CNN\Creación_de_Dataset_híbrido\Face-Recognition Proyect\Dataset_aumentado\Israel\Israel_238_proc_aug01.jpg,Israel,2,Directo
C:\Users\joeyk\OneDrive\Desktop\CNN\Creación_de_Dataset_híbrido\Face-Recognition Proyect\Dataset_aumentado\Natalie Portman\Natalie_Portman_2_proc.jpg,Natalie Portman,8,Directo
C:\Users\joeyk\OneDrive\Desktop\CNN\Creación_de_Dataset_híbrido\Face-Recognition Proyect\Dataset_aumentado\Brad Pitt\BradPitt_44_proc_aug01.jpg,Brad Pitt,1,Directo
C:\Users\joeyk\OneDrive\Desktop\CNN\Creación_de_Dataset_híbrido\Face-Recognition Proyect\Dataset_aumentado\Israel\Israel_34_proc_aug01.jpg,Israel,2,Directo
C:\Users\joeyk\OneDrive\Desktop\CNN\Creación_de_Dataset_híbrido\Face-Recognition Proyect\Dataset_aumentado\Jennifer Lawrence\JenniferLawrence_97_proc.jpg,Jennifer Lawrence,3,Directo
C:\Users\joeyk\OneDrive\Desktop\CNN\Creación_de_Dataset_híbrido\Face-Recognition Proyect\Dataset_aumentado\Kevin\Kevin_116_proc.jpg,Kevin,6,Directo
C:\Users\joeyk\OneDrive\Desktop\CNN\Creación_de_Dataset_híbrido\Face-Recognition Proyect\Dataset_aumentado\Israel\Israel_263_proc_aug02.jpg,Israel,2,Directo
C:\Users\joeyk\OneDrive\Desktop\CNN\Creación_de_Dataset_híbrido\Face-Recognition Proyect\Dataset_aumentado\Israel\Israel_220_proc_aug03.jpg,Israel,2,Directo
C:\Users\joeyk\OneDrive\Desktop\CNN\Creación_de_Dataset_híbrido\Face-Recognition Proyect\Dataset_aumentado\Kevin\Kevin_221_proc_aug02.jpg,Kevin,6,Directo
C:\Users\joeyk\OneDrive\Desktop\CNN\Creación_de_Dataset_híbrido\Face-Recognition Proyect\Dataset_aumentado\Kevin\Kevin_9_proc.jpg,Kevin,6,Directo
C:\Users\joeyk\OneDrive\Desktop\CNN\Creación_de_Dataset_híbrido\Face-Recognition Proyect\Dataset_aumentado\Kevin\Kevin_126_proc_aug03.jpg,Kevin,6,Directo
C:\Users\joeyk\OneDrive\Desktop\CNN\Creación_de_Dataset_híbrido\Face-Recognition Proyect\Dataset_aumentado\Joey\Joey_34_proc.jpg,Joey,4,Directo
C:\Users\joeyk\OneDrive\Desktop\CNN\Creación_de_Dataset_híbrido\Face-Recognition Proyect\Dataset_aumentado\Angelina Jolie\Angelina_Jolie_8_proc_aug02.jpg,Angelina Jolie,0,Directo
C:\Users\joeyk\OneDrive\Desktop\CNN\Creación_de_Dataset_híbrido\Face-Recognition Proyect\Dataset_aumentado\Joey\Joey_29_proc_aug01.jpg,Joey,4,Directo
C:\Users\joeyk\OneDrive\Desktop\CNN\Creación_de_Dataset_híbrido\Face-Recognition Proyect\Dataset_aumentado\Kevin\Kevin_57_proc_aug01.jpg,Kevin,6,Directo
C:\Users\joeyk\OneDrive\Desktop\CNN\Creación_de_Dataset_híbrido\Face-Recognition Proyect\Dataset_aumentado\Natalie Portman\Natalie_Portman_97_proc_aug02.jpg,Natalie Portman,8,Directo
C:\Users\joeyk\OneDrive\Desktop\CNN\Creación_de_Dataset_híbrido\Face-Recognition Proyect\Dataset_aumentado\Leonardo DiCaprio\Leonardo_DiCaprio_57_proc_aug02.jpg,Leonardo DiCaprio,7,Directo
C:\Users\joeyk\OneDrive\Desktop\CNN\Creación_de_Dataset_híbrido\Face-Recognition Proyect\Dataset_aumentado\Kevin\Kevin_4_proc_aug02.jpg,Kevin,6,Directo
C:\Users\joeyk\OneDrive\Desktop\CNN\Creación_de_Dataset_híbrido\Face-Recognition Proyect\Dataset_aumentado\Natalie Portman\Natalie_Portman_1_proc.jpg,Natalie Portman,8,Directo
C:\Users\joeyk\OneDrive\Desktop\CNN\Creación_de_Dataset_híbrido\Face-Recognition Proyect\Dataset_aumentado\Nicole Kidman\Nicole_Kidman_93_proc_aug03.jpg,Nicole Kidman,9,Directo
C:\Users\joeyk\OneDrive\Desktop\CNN\Creación_de_Dataset_híbrido\Face-Recognition Proyect\Dataset_aumentado\Angelina Jolie\Angelina_Jolie_40_proc.jpg,Angelina Jolie,0,Directo
C:\Users\joeyk\OneDrive\Desktop\CNN\Creación_de_Dataset_híbrido\Face-Recognition Proyect\Dataset_aumentado\Johnny Depp\Johnny_Depp_25_proc_aug02.jpg,Johnny Depp,5,Directo
C:\Users\joeyk\OneDrive\Desktop\CNN\Creación_de_Dataset_híbrido\Face-Recognition Proyect\Dataset_aumentado\Nicole Kidman\Nicole_Kidman_7_proc_aug03.jpg,Nicole Kidman,9,Directo
C:\Users\joeyk\OneDrive\Desktop\CNN\Creación_de_Dataset_híbrido\Face-Recognition Proyect\Dataset_aumentado\Joey\Joey_257_proc_aug03.jpg,Joey,4,Directo
C:\Users\joeyk\OneDrive\Desktop\CNN\Creación_de_Dataset_híbrido\Face-Recognition Proyect\Dataset_aumentado\Israel\Israel_302_proc_aug02.jpg,Israel,2,Directo
C:\Users\joeyk\OneDrive\Desktop\CNN\Creación_de_Dataset_híbrido\Face-Recognition Proyect\Dataset_aumentado\Israel\Israel_52_proc_aug03.jpg,Israel,2,Directo
C:\Users\joeyk\OneDrive\Desktop\CNN\Creación_de_Dataset_híbrido\Face-Recognition Proyect\Dataset_aumentado\Israel\Israel_295_proc_aug01.jpg,Israel,2,Directo
C:\Users\joeyk\OneDrive\Desktop\CNN\Creación_de_Dataset_híbrido\Face-Recognition Proyect\Dataset_aumentado\Israel\Israel_79_proc_aug02.jpg,Israel,2,Directo
C:\Users\joeyk\OneDrive\Desktop\CNN\Creación_de_Dataset_híbrido\Face-Recognition Proyect\Dataset_aumentado\Joey\Joey_147_proc_aug02.jpg,Joey,4,Directo
C:\Users\joeyk\OneDrive\Desktop\CNN\Creación_de_Dataset_híbrido\Face-Recognition Proyect\Dataset_aumentado\Joey\Joey_294_proc_aug02.jpg,Joey,4,Directo
C:\Users\joeyk\OneDrive\Desktop\CNN\Creación_de_Dataset_híbrido\Face-Recognition Proyect\Dataset_aumentado\Nicole Kidman\Nicole_Kidman_34_proc.jpg,Nicole Kidman,9,Directo
C:\Users\joeyk\OneDrive\Desktop\CNN\Creación_de_Dataset_híbrido\Face-Recognition Proyect\Dataset_aumentado\Joey\Joey_54_proc_aug01.jpg,Joey,4,Directo
C:\Users\joeyk\OneDrive\Desktop\CNN\Creación_de_Dataset_híbrido\Face-Recognition Proyect\Dataset_aumentado\Kevin\Kevin_75_proc_aug01.jpg,Kevin,6,Directo
C:\Users\joeyk\OneDrive\Desktop\CNN\Creación_de_Dataset_híbrido\Face-Recognition Proyect\Dataset_aumentado\Jennifer Lawrence\JenniferLawrence_74_proc_aug01.jpg,Jennifer Lawrence,3,Directo
C:\Users\joeyk\OneDrive\Desktop\CNN\Creación_de_Dataset_híbrido\Face-Recognition Proyect\Dataset_aumentado\Joey\Joey_132_proc_aug01.jpg,Joey,4,Directo
C:\Users\joeyk\OneDrive\Desktop\CNN\Creación_de_Dataset_híbrido\Face-Recognition Proyect\Dataset_aumentado\Leonardo DiCaprio\Leonardo_DiCaprio_7_proc_aug01.jpg,Leonardo DiCaprio,7,Directo
C:\Users\joeyk\OneDrive\Desktop\CNN\Creación_de_Dataset_híbrido\Face-Recognition Proyect\Dataset_aumentado\Israel\Israel_68_proc_aug03.jpg,Israel,2,Directo
C:\Users\joeyk\OneDrive\Desktop\CNN\Creación_de_Dataset_híbrido\Face-Recognition Proyect\Dataset_aumentado\Joey\Joey_151_proc_aug01.jpg,Joey,4,Directo
C:\Users\joeyk\OneDrive\Desktop\CNN\Creación_de_Dataset_híbrido\Face-Recognition Proyect\Dataset_aumentado\Natalie Portman\Natalie_Portman_1_proc_aug02.jpg,Natalie Portman,8,Directo
C:\Users\joeyk\OneDrive\Desktop\CNN\Creación_de_Dataset_híbrido\Face-Recognition Proyect\Dataset_aumentado\Angelina Jolie\Angelina_Jolie_68_proc_aug02.jpg,Angelina Jolie,0,Directo
C:\Users\joeyk\OneDrive\Desktop\CNN\Creación_de_Dataset_híbrido\Face-Recognition Proyect\Dataset_aumentado\Israel\Israel_71_proc.jpg,Israel,2,Directo
C:\Users\joeyk\OneDrive\Desktop\CNN\Creación_de_Dataset_híbrido\Face-Recognition Proyect\Dataset_aumentado\Joey\Joey_40_proc_aug03.jpg,Joey,4,Directo
C:\Users\joeyk\OneDrive\Desktop\CNN\Creación_de_Dataset_híbrido\Face-Recognition Proyect\Dataset_aumentado\Joey\Joey_203_proc_aug02.jpg,Joey,4,Directo
C:\Users\joeyk\OneDrive\Desktop\CNN\Creación_de_Dataset_híbrido\Face-Recognition Proyect\Dataset_aumentado\Leonardo DiCaprio\Leonardo_DiCaprio_62_proc.jpg,Leonardo DiCaprio,7,Directo
C:\Users\joeyk\OneDrive\Desktop\CNN\Creación_de_Dataset_híbrido\Face-Recognition Proyect\Dataset_aumentado\Israel\Israel_229_proc_aug03.jpg,Israel,2,Directo
C:\Users\joeyk\OneDrive\Desktop\CNN\Creación_de_Dataset_híbrido\Face-Recognition Proyect\Dataset_aumentado\Kevin\Kevin_135_proc_aug02.jpg,Kevin,6,Directo
C:\Users\joeyk\OneDrive\Desktop\CNN\Creación_de_Dataset_híbrido\Face-Recognition Proyect\Dataset_aumentado\Jennifer Lawrence\JenniferLawrence_85_proc_aug02.jpg,Jennifer Lawrence,3,Directo
C:\Users\joeyk\OneDrive\Desktop\CNN\Creación_de_Dataset_híbrido\Face-Recognition Proyect\Dataset_aumentado\Joey\Joey_62_proc_aug02.jpg,Joey,4,Directo
C:\Users\joeyk\OneDrive\Desktop\CNN\Creación_de_Dataset_híbrido\Face-Recognition Proyect\Dataset_aumentado\Brad Pitt\BradPitt_12_proc_aug01.jpg,Brad Pitt,1,Directo
C:\Users\joeyk\OneDrive\Desktop\CNN\Creación_de_Dataset_híbrido\Face-Recognition Proyect\Dataset_aumentado\Leonardo DiCaprio\Leonardo_DiCaprio_89_proc_aug03.jpg,Leonardo DiCaprio,7,Directo
C:\Users\joeyk\OneDrive\Desktop\CNN\Creación_de_Dataset_híbrido\Face-Recognition Proyect\Dataset_aumentado\Jennifer Lawrence\JenniferLawrence_6_proc.jpg,Jennifer Lawrence,3,Directo
C:\Users\joeyk\OneDrive\Desktop\CNN\Creación_de_Dataset_híbrido\Face-Recognition Proyect\Dataset_aumentado\Jennifer Lawrence\JenniferLawrence_37_proc.jpg,Jennifer Lawrence,3,Directo
C:\Users\joeyk\OneDrive\Desktop\CNN\Creación_de_Dataset_híbrido\Face-Recognition Proyect\Dataset_aumentado\Israel\Israel_164_proc.jpg,Israel,2,Directo
C:\Users\joeyk\OneDrive\Desktop\CNN\Creación_de_Dataset_híbrido\Face-Recognition Proyect\Dataset_aumentado\Israel\Israel_200_proc_aug02.jpg,Israel,2,Directo
C:\Users\joeyk\OneDrive\Desktop\CNN\Creación_de_Dataset_híbrido\Face-Recognition Proyect\Dataset_aumentado\Joey\Joey_188_proc_aug02.jpg,Joey,4,Directo
C:\Users\joeyk\OneDrive\Desktop\CNN\Creación_de_Dataset_híbrido\Face-Recognition Proyect\Dataset_aumentado\Jennifer Lawrence\JenniferLawrence_17_proc.jpg,Jennifer Lawrence,3,Directo
C:\Users\joeyk\OneDrive\Desktop\CNN\Creación_de_Dataset_híbrido\Face-Recognition Proyect\Dataset_aumentado\Joey\Joey_120_proc_aug03.jpg,Joey,4,Directo
C:\Users\joeyk\OneDrive\Desktop\CNN\Creación_de_Dataset_híbrido\Face-Recognition Proyect\Dataset_aumentado\Israel\Israel_244_proc_aug03.jpg,Israel,2,Directo
C:\Users\joeyk\OneDrive\Desktop\CNN\Creación_de_Dataset_híbrido\Face-Recognition Proyect\Dataset_aumentado\Kevin\Kevin_193_proc_aug02.jpg,Kevin,6,Directo
C:\Users\joeyk\OneDrive\Desktop\CNN\Creación_de_Dataset_híbrido\Face-Recognition Proyect\Dataset_aumentado\Leonardo DiCaprio\Leonardo_DiCaprio_40_proc.jpg,Leonardo DiCaprio,7,Directo
C:\Users\joeyk\OneDrive\Desktop\CNN\Creación_de_Dataset_híbrido\Face-Recognition Proyect\Dataset_aumentado\Israel\Israel_17_proc_aug03.jpg,Israel,2,Directo
C:\Users\joeyk\OneDrive\Desktop\CNN\Creación_de_Dataset_híbrido\Face-Recognition Proyect\Dataset_aumentado\Brad Pitt\BradPitt_93_proc_aug03.jpg,Brad Pitt,1,Directo
C:\Users\joeyk\OneDrive\Desktop\CNN\Creación_de_Dataset_híbrido\Face-Recognition Proyect\Dataset_aumentado\Israel\Israel_316_proc_aug03.jpg,Israel,2,Directo
C:\Users\joeyk\OneDrive\Desktop\CNN\Creación_de_Dataset_híbrido\Face-Recognition Proyect\Dataset_aumentado\Kevin\Kevin_2_proc_aug03.jpg,Kevin,6,Directo
C:\Users\joeyk\OneDrive\Desktop\CNN\Creación_de_Dataset_híbrido\Face-Recognition Proyect\Dataset_aumentado\Jennifer Lawrence\JenniferLawrence_95_proc_aug01.jpg,Jennifer Lawrence,3,Directo
C:\Users\joeyk\OneDrive\Desktop\CNN\Creación_de_Dataset_híbrido\Face-Recognition Proyect\Dataset_aumentado\Leonardo DiCaprio\Leonardo_DiCaprio_24_proc_aug02.jpg,Leonardo DiCaprio,7,Directo
C:\Users\joeyk\OneDrive\Desktop\CNN\Creación_de_Dataset_híbrido\Face-Recognition Proyect\Dataset_aumentado\Kevin\Kevin_65_proc_aug01.jpg,Kevin,6,Directo
C:\Users\joeyk\OneDrive\Desktop\CNN\Creación_de_Dataset_híbrido\Face-Recognition Proyect\Dataset_aumentado\Joey\Joey_102_proc_aug03.jpg,Joey,4,Directo
C:\Users\joeyk\OneDrive\Desktop\CNN\Creación_de_Dataset_híbrido\Face-Recognition Proyect\Dataset_aumentado\Kevin\Kevin_66_proc.jpg,Kevin,6,Directo
C:\Users\joeyk\OneDrive\Desktop\CNN\Creación_de_Dataset_híbrido\Face-Recognition Proyect\Dataset_aumentado\Kevin\Kevin_181_proc_aug02.jpg,Kevin,6,Directo
C:\Users\joeyk\OneDrive\Desktop\CNN\Creación_de_Dataset_híbrido\Face-Recognition Proyect\Dataset_aumentado\Israel\Israel_330_proc_aug02.jpg,Israel,2,Directo
C:\Users\joeyk\OneDrive\Desktop\CNN\Creación_de_Dataset_híbrido\Face-Recognition Proyect\Dataset_aumentado\Kevin\Kevin_22_proc_aug01.jpg,Kevin,6,Directo
C:\Users\joeyk\OneDrive\Desktop\CNN\Creación_de_Dataset_híbrido\Face-Recognition Proyect\Dataset_aumentado\Kevin\Kevin_186_proc_aug01.jpg,Kevin,6,Directo
C:\Users\joeyk\OneDrive\Desktop\CNN\Creación_de_Dataset_híbrido\Face-Recognition Proyect\Dataset_aumentado\Kevin\Kevin_207_proc.jpg,Kevin,6,Directo
C:\Users\joeyk\OneDrive\Desktop\CNN\Creación_de_Dataset_híbrido\Face-Recognition Proyect\Dataset_aumentado\Israel\Israel_171_proc_aug03.jpg,Israel,2,Directo
C:\Users\joeyk\OneDrive\Desktop\CNN\Creación_de_Dataset_híbrido\Face-Recognition Proyect\Dataset_aumentado\Leonardo DiCaprio\Leonardo_DiCaprio_46_proc_aug02.jpg,Leonardo DiCaprio,7,Directo
C:\Users\joeyk\OneDrive\Desktop\CNN\Creación_de_Dataset_híbrido\Face-Recognition Proyect\Dataset_aumentado\Joey\Joey_205_proc.jpg,Joey,4,Directo
C:\Users\joeyk\OneDrive\Desktop\CNN\Creación_de_Dataset_híbrido\Face-Recognition Proyect\Dataset_aumentado\Angelina Jolie\Angelina_Jolie_54_proc_aug03.jpg,Angelina Jolie,0,Directo
C:\Users\joeyk\OneDrive\Desktop\CNN\Creación_de_Dataset_híbrido\Face-Recognition Proyect\Dataset_aumentado\Joey\Joey_248_proc.jpg,Joey,4,Directo
C:\Users\joeyk\OneDrive\Desktop\CNN\Creación_de_Dataset_híbrido\Face-Recognition Proyect\Dataset_aumentado\Israel\Israel_177_proc_aug02.jpg,Israel,2,Directo
C:\Users\joeyk\OneDrive\Desktop\CNN\Creación_de_Dataset_híbrido\Face-Recognition Proyect\Dataset_aumentado\Joey\Joey_127_proc_aug01.jpg,Joey,4,Directo
C:\Users\joeyk\OneDrive\Desktop\CNN\Creación_de_Dataset_híbrido\Face-Recognition Proyect\Dataset_aumentado\Israel\Israel_238_proc_aug03.jpg,Israel,2,Directo
C:\Users\joeyk\OneDrive\Desktop\CNN\Creación_de_Dataset_híbrido\Face-Recognition Proyect\Dataset_aumentado\Joey\Joey_34_proc_aug01.jpg,Joey,4,Directo
C:\Users\joeyk\OneDrive\Desktop\CNN\Creación_de_Dataset_híbrido\Face-Recognition Proyect\Dataset_aumentado\Israel\Israel_113_proc.jpg,Israel,2,Directo
C:\Users\joeyk\OneDrive\Desktop\CNN\Creación_de_Dataset_híbrido\Face-Recognition Proyect\Dataset_aumentado\Israel\Israel_73_proc_aug03.jpg,Israel,2,Directo
C:\Users\joeyk\OneDrive\Desktop\CNN\Creación_de_Dataset_híbrido\Face-Recognition Proyect\Dataset_aumentado\Kevin\Kevin_221_proc_aug03.jpg,Kevin,6,Directo
C:\Users\joeyk\OneDrive\Desktop\CNN\Creación_de_Dataset_híbrido\Face-Recognition Proyect\Dataset_aumentado\Kevin\Kevin_111_proc_aug03.jpg,Kevin,6,Directo
C:\Users\joeyk\OneDrive\Desktop\CNN\Creación_de_Dataset_híbrido\Face-Recognition Proyect\Dataset_aumentado\Joey\Joey_59_proc_aug02.jpg,Joey,4,Directo
C:\Users\joeyk\OneDrive\Desktop\CNN\Creación_de_Dataset_híbrido\Face-Recognition Proyect\Dataset_aumentado\Brad Pitt\BradPitt_91_proc.jpg,Brad Pitt,1,Directo
C:\Users\joeyk\OneDrive\Desktop\CNN\Creación_de_Dataset_híbrido\Face-Recognition Proyect\Dataset_aumentado\Israel\Israel_226_proc_aug03.jpg,Israel,2,Directo
C:\Users\joeyk\OneDrive\Desktop\CNN\Creación_de_Dataset_híbrido\Face-Recognition Proyect\Dataset_aumentado\Israel\Israel_251_proc.jpg,Israel,2,Directo
C:\Users\joeyk\OneDrive\Desktop\CNN\Creación_de_Dataset_híbrido\Face-Recognition Proyect\Dataset_aumentado\Kevin\Kevin_50_proc_aug03.jpg,Kevin,6,Directo
C:\Users\joeyk\OneDrive\Desktop\CNN\Creación_de_Dataset_híbrido\Face-Recognition Proyect\Dataset_aumentado\Leonardo DiCaprio\Leonardo_DiCaprio_33_proc_aug02.jpg,Leonardo DiCaprio,7,Directo
C:\Users\joeyk\OneDrive\Desktop\CNN\Creación_de_Dataset_híbrido\Face-Recognition Proyect\Dataset_aumentado\Kevin\Kevin_105_proc_aug01.jpg,Kevin,6,Directo
C:\Users\joeyk\OneDrive\Desktop\CNN\Creación_de_Dataset_híbrido\Face-Recognition Proyect\Dataset_aumentado\Kevin\Kevin_210_proc.jpg,Kevin,6,Directo
C:\Users\joeyk\OneDrive\Desktop\CNN\Creación_de_Dataset_híbrido\Face-Recognition Proyect\Dataset_aumentado\Brad Pitt\BradPitt_83_proc_aug03.jpg,Brad Pitt,1,Directo
C:\Users\joeyk\OneDrive\Desktop\CNN\Creación_de_Dataset_híbrido\Face-Recognition Proyect\Dataset_aumentado\Jennifer Lawrence\JenniferLawrence_36_proc_aug01.jpg,Jennifer Lawrence,3,Directo
C:\Users\joeyk\OneDrive\Desktop\CNN\Creación_de_Dataset_híbrido\Face-Recognition Proyect\Dataset_aumentado\Johnny Depp\Johnny_Depp_75_proc_aug01.jpg,Johnny Depp,5,Directo
C:\Users\joeyk\OneDrive\Desktop\CNN\Creación_de_Dataset_híbrido\Face-Recognition Proyect\Dataset_aumentado\Kevin\Kevin_145_proc_aug02.jpg,Kevin,6,Directo
C:\Users\joeyk\OneDrive\Desktop\CNN\Creación_de_Dataset_híbrido\Face-Recognition Proyect\Dataset_aumentado\Joey\Joey_47_proc_aug03.jpg,Joey,4,Directo
C:\Users\joeyk\OneDrive\Desktop\CNN\Creación_de_Dataset_híbrido\Face-Recognition Proyect\Dataset_aumentado\Nicole Kidman\Nicole_Kidman_4_proc_aug01.jpg,Nicole Kidman,9,Directo
C:\Users\joeyk\OneDrive\Desktop\CNN\Creación_de_Dataset_híbrido\Face-Recognition Proyect\Dataset_aumentado\Nicole Kidman\Nicole_Kidman_50_proc_aug01.jpg,Nicole Kidman,9,Directo
C:\Users\joeyk\OneDrive\Desktop\CNN\Creación_de_Dataset_híbrido\Face-Recognition Proyect\Dataset_aumentado\Jennifer Lawrence\JenniferLawrence_68_proc_aug02.jpg,Jennifer Lawrence,3,Directo
C:\Users\joeyk\OneDrive\Desktop\CNN\Creación_de_Dataset_híbrido\Face-Recognition Proyect\Dataset_aumentado\Johnny Depp\Johnny_Depp_10_proc_aug01.jpg,Johnny Depp,5,Directo
C:\Users\joeyk\OneDrive\Desktop\CNN\Creación_de_Dataset_híbrido\Face-Recognition Proyect\Dataset_aumentado\Nicole Kidman\Nicole_Kidman_3_proc_aug02.jpg,Nicole Kidman,9,Directo
C:\Users\joeyk\OneDrive\Desktop\CNN\Creación_de_Dataset_híbrido\Face-Recognition Proyect\Dataset_aumentado\Kevin\Kevin_2_proc.jpg,Kevin,6,Directo
C:\Users\joeyk\OneDrive\Desktop\CNN\Creación_de_Dataset_híbrido\Face-Recognition Proyect\Dataset_aumentado\Brad Pitt\BradPitt_99_proc_aug03.jpg,Brad Pitt,1,Directo
C:\Users\joeyk\OneDrive\Desktop\CNN\Creación_de_Dataset_híbrido\Face-Recognition Proyect\Dataset_aumentado\Kevin\Kevin_32_proc_aug02.jpg,Kevin,6,Directo
C:\Users\joeyk\OneDrive\Desktop\CNN\Creación_de_Dataset_híbrido\Face-Recognition Proyect\Dataset_aumentado\Joey\Joey_92_proc_aug03.jpg,Joey,4,Directo
C:\Users\joeyk\OneDrive\Desktop\CNN\Creación_de_Dataset_híbrido\Face-Recognition Proyect\Dataset_aumentado\Joey\Joey_43_proc.jpg,Joey,4,Directo
C:\Users\joeyk\OneDrive\Desktop\CNN\Creación_de_Dataset_híbrido\Face-Recognition Proyect\Dataset_aumentado\Joey\Joey_154_proc_aug01.jpg,Joey,4,Directo
C:\Users\joeyk\OneDrive\Desktop\CNN\Creación_de_Dataset_híbrido\Face-Recognition Proyect\Dataset_aumentado\Israel\Israel_340_proc.jpg,Israel,2,Directo
C:\Users\joeyk\OneDrive\Desktop\CNN\Creación_de_Dataset_híbrido\Face-Recognition Proyect\Dataset_aumentado\Kevin\Kevin_131_proc_aug01.jpg,Kevin,6,Directo
C:\Users\joeyk\OneDrive\Desktop\CNN\Creación_de_Dataset_híbrido\Face-Recognition Proyect\Dataset_aumentado\Joey\Joey_193_proc_aug02.jpg,Joey,4,Directo
C:\Users\joeyk\OneDrive\Desktop\CNN\Creación_de_Dataset_híbrido\Face-Recognition Proyect\Dataset_aumentado\Israel\Israel_266_proc.jpg,Israel,2,Directo
C:\Users\joeyk\OneDrive\Desktop\CNN\Creación_de_Dataset_híbrido\Face-Recognition Proyect\Dataset_aumentado\Johnny Depp\Johnny_Depp_35_proc_aug02.jpg,Johnny Depp,5,Directo
C:\Users\joeyk\OneDrive\Desktop\CNN\Creación_de_Dataset_híbrido\Face-Recognition Proyect\Dataset_aumentado\Angelina Jolie\Angelina_Jolie_49_proc_aug01.jpg,Angelina Jolie,0,Directo
C:\Users\joeyk\OneDrive\Desktop\CNN\Creación_de_Dataset_híbrido\Face-Recognition Proyect\Dataset_aumentado\Israel\Israel_330_proc.jpg,Israel,2,Directo
C:\Users\joeyk\OneDrive\Desktop\CNN\Creación_de_Dataset_híbrido\Face-Recognition Proyect\Dataset_aumentado\Israel\Israel_94_proc_aug03.jpg,Israel,2,Directo
C:\Users\joeyk\OneDrive\Desktop\CNN\Creación_de_Dataset_híbrido\Face-Recognition Proyect\Dataset_aumentado\Angelina Jolie\Angelina_Jolie_53_proc_aug02.jpg,Angelina Jolie,0,Directo
C:\Users\joeyk\OneDrive\Desktop\CNN\Creación_de_Dataset_híbrido\Face-Recognition Proyect\Dataset_aumentado\Johnny Depp\Johnny_Depp_23_proc_aug02.jpg,Johnny Depp,5,Directo
C:\Users\joeyk\OneDrive\Desktop\CNN\Creación_de_Dataset_híbrido\Face-Recognition Proyect\Dataset_aumentado\Israel\Israel_233_proc_aug01.jpg,Israel,2,Directo
C:\Users\joeyk\OneDrive\Desktop\CNN\Creación_de_Dataset_híbrido\Face-Recognition Proyect\Dataset_aumentado\Johnny Depp\Johnny_Depp_41_proc_aug03.jpg,Johnny Depp,5,Directo
C:\Users\joeyk\OneDrive\Desktop\CNN\Creación_de_Dataset_híbrido\Face-Recognition Proyect\Dataset_aumentado\Leonardo DiCaprio\Leonardo_DiCaprio_6_proc_aug03.jpg,Leonardo DiCaprio,7,Directo
C:\Users\joeyk\OneDrive\Desktop\CNN\Creación_de_Dataset_híbrido\Face-Recognition Proyect\Dataset_aumentado\Leonardo DiCaprio\Leonardo_DiCaprio_80_proc_aug03.jpg,Leonardo DiCaprio,7,Directo
C:\Users\joeyk\OneDrive\Desktop\CNN\Creación_de_Dataset_híbrido\Face-Recognition Proyect\Dataset_aumentado\Joey\Joey_61_proc_aug02.jpg,Joey,4,Directo
C:\Users\joeyk\OneDrive\Desktop\CNN\Creación_de_Dataset_híbrido\Face-Recognition Proyect\Dataset_aumentado\Joey\Joey_68_proc.jpg,Joey,4,Directo
C:\Users\joeyk\OneDrive\Desktop\CNN\Creación_de_Dataset_híbrido\Face-Recognition Proyect\Dataset_aumentado\Kevin\Kevin_157_proc_aug02.jpg,Kevin,6,Directo
C:\Users\joeyk\OneDrive\Desktop\CNN\Creación_de_Dataset_híbrido\Face-Recognition Proyect\Dataset_aumentado\Kevin\Kevin_184_proc.jpg,Kevin,6,Directo
C:\Users\joeyk\OneDrive\Desktop\CNN\Creación_de_Dataset_híbrido\Face-Recognition Proyect\Dataset_aumentado\Kevin\Kevin_71_proc_aug02.jpg,Kevin,6,Directo
C:\Users\joeyk\OneDrive\Desktop\CNN\Creación_de_Dataset_híbrido\Face-Recognition Proyect\Dataset_aumentado\Johnny Depp\Johnny_Depp_86_proc_aug02.jpg,Johnny Depp,5,Directo
C:\Users\joeyk\OneDrive\Desktop\CNN\Creación_de_Dataset_híbrido\Face-Recognition Proyect\Dataset_aumentado\Israel\Israel_192_proc_aug03.jpg,Israel,2,Directo
C:\Users\joeyk\OneDrive\Desktop\CNN\Creación_de_Dataset_híbrido\Face-Recognition Proyect\Dataset_aumentado\Nicole Kidman\Nicole_Kidman_56_proc_aug01.jpg,Nicole Kidman,9,Directo
C:\Users\joeyk\OneDrive\Desktop\CNN\Creación_de_Dataset_híbrido\Face-Recognition Proyect\Dataset_aumentado\Joey\Joey_257_proc.jpg,Joey,4,Directo
C:\Users\joeyk\OneDrive\Desktop\CNN\Creación_de_Dataset_híbrido\Face-Recognition Proyect\Dataset_aumentado\Angelina Jolie\Angelina_Jolie_66_proc_aug03.jpg,Angelina Jolie,0,Directo
C:\Users\joeyk\OneDrive\Desktop\CNN\Creación_de_Dataset_híbrido\Face-Recognition Proyect\Dataset_aumentado\Israel\Israel_36_proc_aug02.jpg,Israel,2,Directo
C:\Users\joeyk\OneDrive\Desktop\CNN\Creación_de_Dataset_híbrido\Face-Recognition Proyect\Dataset_aumentado\Kevin\Kevin_73_proc.jpg,Kevin,6,Directo
C:\Users\joeyk\OneDrive\Desktop\CNN\Creación_de_Dataset_híbrido\Face-Recognition Proyect\Dataset_aumentado\Natalie Portman\Natalie_Portman_23_proc_aug01.jpg,Natalie Portman,8,Directo
C:\Users\joeyk\OneDrive\Desktop\CNN\Creación_de_Dataset_híbrido\Face-Recognition Proyect\Dataset_aumentado\Nicole Kidman\Nicole_Kidman_91_proc_aug03.jpg,Nicole Kidman,9,Directo
C:\Users\joeyk\OneDrive\Desktop\CNN\Creación_de_Dataset_híbrido\Face-Recognition Proyect\Dataset_aumentado\Israel\Israel_88_proc_aug02.jpg,Israel,2,Directo
C:\Users\joeyk\OneDrive\Desktop\CNN\Creación_de_Dataset_híbrido\Face-Recognition Proyect\Dataset_aumentado\Israel\Israel_188_proc_aug02.jpg,Israel,2,Directo
C:\Users\joeyk\OneDrive\Desktop\CNN\Creación_de_Dataset_híbrido\Face-Recognition Proyect\Dataset_aumentado\Kevin\Kevin_60_proc_aug03.jpg,Kevin,6,Directo
C:\Users\joeyk\OneDrive\Desktop\CNN\Creación_de_Dataset_híbrido\Face-Recognition Proyect\Dataset_aumentado\Joey\Joey_260_proc_aug01.jpg,Joey,4,Directo
C:\Users\joeyk\OneDrive\Desktop\CNN\Creación_de_Dataset_híbrido\Face-Recognition Proyect\Dataset_aumentado\Israel\Israel_155_proc_aug03.jpg,Israel,2,Directo
C:\Users\joeyk\OneDrive\Desktop\CNN\Creación_de_Dataset_híbrido\Face-Recognition Proyect\Dataset_aumentado\Joey\Joey_116_proc_aug02.jpg,Joey,4,Directo
C:\Users\joeyk\OneDrive\Desktop\CNN\Creación_de_Dataset_híbrido\Face-Recognition Proyect\Dataset_aumentado\Kevin\Kevin_52_proc_aug02.jpg,Kevin,6,Directo
C:\Users\joeyk\OneDrive\Desktop\CNN\Creación_de_Dataset_híbrido\Face-Recognition Proyect\Dataset_aumentado\Kevin\Kevin_106_proc_aug01.jpg,Kevin,6,Directo
C:\Users\joeyk\OneDrive\Desktop\CNN\Creación_de_Dataset_híbrido\Face-Recognition Proyect\Dataset_aumentado\Nicole Kidman\Nicole_Kidman_30_proc_aug01.jpg,Nicole Kidman,9,Directo
C:\Users\joeyk\OneDrive\Desktop\CNN\Creación_de_Dataset_híbrido\Face-Recognition Proyect\Dataset_aumentado\Johnny Depp\Johnny_Depp_58_proc.jpg,Johnny Depp,5,Directo
C:\Users\joeyk\OneDrive\Desktop\CNN\Creación_de_Dataset_híbrido\Face-Recognition Proyect\Dataset_aumentado\Jennifer Lawrence\JenniferLawrence_27_proc.jpg,Jennifer Lawrence,3,Directo
C:\Users\joeyk\OneDrive\Desktop\CNN\Creación_de_Dataset_híbrido\Face-Recognition Proyect\Dataset_aumentado\Kevin\Kevin_102_proc_aug01.jpg,Kevin,6,Directo
C:\Users\joeyk\OneDrive\Desktop\CNN\Creación_de_Dataset_híbrido\Face-Recognition Proyect\Dataset_aumentado\Israel\Israel_272_proc.jpg,Israel,2,Directo
C:\Users\joeyk\OneDrive\Desktop\CNN\Creación_de_Dataset_híbrido\Face-Recognition Proyect\Dataset_aumentado\Joey\Joey_172_proc_aug03.jpg,Joey,4,Directo
C:\Users\joeyk\OneDrive\Desktop\CNN\Creación_de_Dataset_híbrido\Face-Recognition Proyect\Dataset_aumentado\Joey\Joey_17_proc_aug01.jpg,Joey,4,Directo
C:\Users\joeyk\OneDrive\Desktop\CNN\Creación_de_Dataset_híbrido\Face-Recognition Proyect\Dataset_aumentado\Joey\Joey_126_proc.jpg,Joey,4,Directo
C:\Users\joeyk\OneDrive\Desktop\CNN\Creación_de_Dataset_híbrido\Face-Recognition Proyect\Dataset_aumentado\Nicole Kidman\Nicole_Kidman_3_proc_aug01.jpg,Nicole Kidman,9,Directo
C:\Users\joeyk\OneDrive\Desktop\CNN\Creación_de_Dataset_híbrido\Face-Recognition Proyect\Dataset_aumentado\Natalie Portman\Natalie_Portman_19_proc_aug02.jpg,Natalie Portman,8,Directo
C:\Users\joeyk\OneDrive\Desktop\CNN\Creación_de_Dataset_híbrido\Face-Recognition Proyect\Dataset_aumentado\Israel\Israel_82_proc_aug01.jpg,Israel,2,Directo
C:\Users\joeyk\OneDrive\Desktop\CNN\Creación_de_Dataset_híbrido\Face-Recognition Proyect\Dataset_aumentado\Brad Pitt\BradPitt_24_proc_aug03.jpg,Brad Pitt,1,Directo
C:\Users\joeyk\OneDrive\Desktop\CNN\Creación_de_Dataset_híbrido\Face-Recognition Proyect\Dataset_aumentado\Israel\Israel_321_proc_aug02.jpg,Israel,2,Directo
C:\Users\joeyk\OneDrive\Desktop\CNN\Creación_de_Dataset_híbrido\Face-Recognition Proyect\Dataset_aumentado\Israel\Israel_181_proc_aug01.jpg,Israel,2,Directo
C:\Users\joeyk\OneDrive\Desktop\CNN\Creación_de_Dataset_híbrido\Face-Recognition Proyect\Dataset_aumentado\Leonardo DiCaprio\Leonardo_DiCaprio_71_proc_aug03.jpg,Leonardo DiCaprio,7,Directo
C:\Users\joeyk\OneDrive\Desktop\CNN\Creación_de_Dataset_híbrido\Face-Recognition Proyect\Dataset_aumentado\Israel\Israel_149_proc_aug02.jpg,Israel,2,Directo
C:\Users\joeyk\OneDrive\Desktop\CNN\Creación_de_Dataset_híbrido\Face-Recognition Proyect\Dataset_aumentado\Kevin\Kevin_134_proc.jpg,Kevin,6,Directo
C:\Users\joeyk\OneDrive\Desktop\CNN\Creación_de_Dataset_híbrido\Face-Recognition Proyect\Dataset_aumentado\Nicole Kidman\Nicole_Kidman_77_proc.jpg,Nicole Kidman,9,Directo
C:\Users\joeyk\OneDrive\Desktop\CNN\Creación_de_Dataset_híbrido\Face-Recognition Proyect\Dataset_aumentado\Leonardo DiCaprio\Leonardo_DiCaprio_78_proc_aug02.jpg,Leonardo DiCaprio,7,Directo
C:\Users\joeyk\OneDrive\Desktop\CNN\Creación_de_Dataset_híbrido\Face-Recognition Proyect\Dataset_aumentado\Israel\Israel_135_proc_aug02.jpg,Israel,2,Directo
C:\Users\joeyk\OneDrive\Desktop\CNN\Creación_de_Dataset_híbrido\Face-Recognition Proyect\Dataset_aumentado\Kevin\Kevin_143_proc_aug02.jpg,Kevin,6,Directo
C:\Users\joeyk\OneDrive\Desktop\CNN\Creación_de_Dataset_híbrido\Face-Recognition Proyect\Dataset_aumentado\Israel\Israel_61_proc_aug01.jpg,Israel,2,Directo
C:\Users\joeyk\OneDrive\Desktop\CNN\Creación_de_Dataset_híbrido\Face-Recognition Proyect\Dataset_aumentado\Israel\Israel_226_proc_aug01.jpg,Israel,2,Directo
C:\Users\joeyk\OneDrive\Desktop\CNN\Creación_de_Dataset_híbrido\Face-Recognition Proyect\Dataset_aumentado\Brad Pitt\BradPitt_69_proc_aug03.jpg,Brad Pitt,1,Directo
C:\Users\joeyk\OneDrive\Desktop\CNN\Creación_de_Dataset_híbrido\Face-Recognition Proyect\Dataset_aumentado\Jennifer Lawrence\JenniferLawrence_58_proc_aug03.jpg,Jennifer Lawrence,3,Directo
C:\Users\joeyk\OneDrive\Desktop\CNN\Creación_de_Dataset_híbrido\Face-Recognition Proyect\Dataset_aumentado\Jennifer Lawrence\JenniferLawrence_87_proc_aug03.jpg,Jennifer Lawrence,3,Directo
C:\Users\joeyk\OneDrive\Desktop\CNN\Creación_de_Dataset_híbrido\Face-Recognition Proyect\Dataset_aumentado\Israel\Israel_149_proc_aug03.jpg,Israel,2,Directo
C:\Users\joeyk\OneDrive\Desktop\CNN\Creación_de_Dataset_híbrido\Face-Recognition Proyect\Dataset_aumentado\Natalie Portman\Natalie_Portman_92_proc_aug03.jpg,Natalie Portman,8,Directo
C:\Users\joeyk\OneDrive\Desktop\CNN\Creación_de_Dataset_híbrido\Face-Recognition Proyect\Dataset_aumentado\Joey\Joey_260_proc.jpg,Joey,4,Directo
C:\Users\joeyk\OneDrive\Desktop\CNN\Creación_de_Dataset_híbrido\Face-Recognition Proyect\Dataset_aumentado\Israel\Israel_214_proc_aug02.jpg,Israel,2,Directo
C:\Users\joeyk\OneDrive\Desktop\CNN\Creación_de_Dataset_híbrido\Face-Recognition Proyect\Dataset_aumentado\Joey\Joey_265_proc_aug01.jpg,Joey,4,Directo
C:\Users\joeyk\OneDrive\Desktop\CNN\Creación_de_Dataset_híbrido\Face-Recognition Proyect\Dataset_aumentado\Natalie Portman\Natalie_Portman_56_proc_aug03.jpg,Natalie Portman,8,Directo
C:\Users\joeyk\OneDrive\Desktop\CNN\Creación_de_Dataset_híbrido\Face-Recognition Proyect\Dataset_aumentado\Israel\Israel_154_proc_aug03.jpg,Israel,2,Directo
C:\Users\joeyk\OneDrive\Desktop\CNN\Creación_de_Dataset_híbrido\Face-Recognition Proyect\Dataset_aumentado\Israel\Israel_159_proc_aug03.jpg,Israel,2,Directo
C:\Users\joeyk\OneDrive\Desktop\CNN\Creación_de_Dataset_híbrido\Face-Recognition Proyect\Dataset_aumentado\Kevin\Kevin_63_proc_aug02.jpg,Kevin,6,Directo
C:\Users\joeyk\OneDrive\Desktop\CNN\Creación_de_Dataset_híbrido\Face-Recognition Proyect\Dataset_aumentado\Natalie Portman\Natalie_Portman_28_proc_aug02.jpg,Natalie Portman,8,Directo
C:\Users\joeyk\OneDrive\Desktop\CNN\Creación_de_Dataset_híbrido\Face-Recognition Proyect\Dataset_aumentado\Joey\Joey_125_proc_aug03.jpg,Joey,4,Directo
C:\Users\joeyk\OneDrive\Desktop\CNN\Creación_de_Dataset_híbrido\Face-Recognition Proyect\Dataset_aumentado\Brad Pitt\BradPitt_83_proc.jpg,Brad Pitt,1,Directo
C:\Users\joeyk\OneDrive\Desktop\CNN\Creación_de_Dataset_híbrido\Face-Recognition Proyect\Dataset_aumentado\Joey\Joey_26_proc.jpg,Joey,4,Directo
C:\Users\joeyk\OneDrive\Desktop\CNN\Creación_de_Dataset_híbrido\Face-Recognition Proyect\Dataset_aumentado\Angelina Jolie\Angelina_Jolie_78_proc.jpg,Angelina Jolie,0,Directo
C:\Users\joeyk\OneDrive\Desktop\CNN\Creación_de_Dataset_híbrido\Face-Recognition Proyect\Dataset_aumentado\Israel\Israel_259_proc.jpg,Israel,2,Directo
C:\Users\joeyk\OneDrive\Desktop\CNN\Creación_de_Dataset_híbrido\Face-Recognition Proyect\Dataset_aumentado\Nicole Kidman\Nicole_Kidman_13_proc.jpg,Nicole Kidman,9,Directo
C:\Users\joeyk\OneDrive\Desktop\CNN\Creación_de_Dataset_híbrido\Face-Recognition Proyect\Dataset_aumentado\Israel\Israel_201_proc_aug03.jpg,Israel,2,Directo
C:\Users\joeyk\OneDrive\Desktop\CNN\Creación_de_Dataset_híbrido\Face-Recognition Proyect\Dataset_aumentado\Angelina Jolie\Angelina_Jolie_3_proc_aug02.jpg,Angelina Jolie,0,Directo
C:\Users\joeyk\OneDrive\Desktop\CNN\Creación_de_Dataset_híbrido\Face-Recognition Proyect\Dataset_aumentado\Jennifer Lawrence\JenniferLawrence_84_proc.jpg,Jennifer Lawrence,3,Directo
C:\Users\joeyk\OneDrive\Desktop\CNN\Creación_de_Dataset_híbrido\Face-Recognition Proyect\Dataset_aumentado\Joey\Joey_167_proc_aug03.jpg,Joey,4,Directo
C:\Users\joeyk\OneDrive\Desktop\CNN\Creación_de_Dataset_híbrido\Face-Recognition Proyect\Dataset_aumentado\Kevin\Kevin_128_proc_aug03.jpg,Kevin,6,Directo
C:\Users\joeyk\OneDrive\Desktop\CNN\Creación_de_Dataset_híbrido\Face-Recognition Proyect\Dataset_aumentado\Israel\Israel_255_proc.jpg,Israel,2,Directo
C:\Users\joeyk\OneDrive\Desktop\CNN\Creación_de_Dataset_híbrido\Face-Recognition Proyect\Dataset_aumentado\Angelina Jolie\Angelina_Jolie_81_proc_aug03.jpg,Angelina Jolie,0,Directo
C:\Users\joeyk\OneDrive\Desktop\CNN\Creación_de_Dataset_híbrido\Face-Recognition Proyect\Dataset_aumentado\Joey\Joey_78_proc.jpg,Joey,4,Directo
C:\Users\joeyk\OneDrive\Desktop\CNN\Creación_de_Dataset_híbrido\Face-Recognition Proyect\Dataset_aumentado\Joey\Joey_284_proc_aug02.jpg,Joey,4,Directo
C:\Users\joeyk\OneDrive\Desktop\CNN\Creación_de_Dataset_híbrido\Face-Recognition Proyect\Dataset_aumentado\Natalie Portman\Natalie_Portman_96_proc_aug03.jpg,Natalie Portman,8,Directo
C:\Users\joeyk\OneDrive\Desktop\CNN\Creación_de_Dataset_híbrido\Face-Recognition Proyect\Dataset_aumentado\Israel\Israel_313_proc_aug03.jpg,Israel,2,Directo
C:\Users\joeyk\OneDrive\Desktop\CNN\Creación_de_Dataset_híbrido\Face-Recognition Proyect\Dataset_aumentado\Jennifer Lawrence\JenniferLawrence_67_proc_aug03.jpg,Jennifer Lawrence,3,Directo
C:\Users\joeyk\OneDrive\Desktop\CNN\Creación_de_Dataset_híbrido\Face-Recognition Proyect\Dataset_aumentado\Israel\Israel_20_proc_aug01.jpg,Israel,2,Directo
C:\Users\joeyk\OneDrive\Desktop\CNN\Creación_de_Dataset_híbrido\Face-Recognition Proyect\Dataset_aumentado\Joey\Joey_185_proc.jpg,Joey,4,Directo
C:\Users\joeyk\OneDrive\Desktop\CNN\Creación_de_Dataset_híbrido\Face-Recognition Proyect\Dataset_aumentado\Jennifer Lawrence\JenniferLawrence_46_proc_aug02.jpg,Jennifer Lawrence,3,Directo
C:\Users\joeyk\OneDrive\Desktop\CNN\Creación_de_Dataset_híbrido\Face-Recognition Proyect\Dataset_aumentado\Joey\Joey_71_proc_aug01.jpg,Joey,4,Directo
C:\Users\joeyk\OneDrive\Desktop\CNN\Creación_de_Dataset_híbrido\Face-Recognition Proyect\Dataset_aumentado\Israel\Israel_257_proc_aug03.jpg,Israel,2,Directo
C:\Users\joeyk\OneDrive\Desktop\CNN\Creación_de_Dataset_híbrido\Face-Recognition Proyect\Dataset_aumentado\Leonardo DiCaprio\Leonardo_DiCaprio_17_proc.jpg,Leonardo DiCaprio,7,Directo
C:\Users\joeyk\OneDrive\Desktop\CNN\Creación_de_Dataset_híbrido\Face-Recognition Proyect\Dataset_aumentado\Joey\Joey_220_proc.jpg,Joey,4,Directo
C:\Users\joeyk\OneDrive\Desktop\CNN\Creación_de_Dataset_híbrido\Face-Recognition Proyect\Dataset_aumentado\Israel\Israel_329_proc_aug02.jpg,Israel,2,Directo
C:\Users\joeyk\OneDrive\Desktop\CNN\Creación_de_Dataset_híbrido\Face-Recognition Proyect\Dataset_aumentado\Natalie Portman\Natalie_Portman_46_proc.jpg,Natalie Portman,8,Directo
C:\Users\joeyk\OneDrive\Desktop\CNN\Creación_de_Dataset_híbrido\Face-Recognition Proyect\Dataset_aumentado\Israel\Israel_39_proc_aug03.jpg,Israel,2,Directo
C:\Users\joeyk\OneDrive\Desktop\CNN\Creación_de_Dataset_híbrido\Face-Recognition Proyect\Dataset_aumentado\Kevin\Kevin_172_proc_aug03.jpg,Kevin,6,Directo
C:\Users\joeyk\OneDrive\Desktop\CNN\Creación_de_Dataset_híbrido\Face-Recognition Proyect\Dataset_aumentado\Natalie Portman\Natalie_Portman_96_proc_aug02.jpg,Natalie Portman,8,Directo
C:\Users\joeyk\OneDrive\Desktop\CNN\Creación_de_Dataset_híbrido\Face-Recognition Proyect\Dataset_aumentado\Leonardo DiCaprio\Leonardo_DiCaprio_34_proc_aug02.jpg,Leonardo DiCaprio,7,Directo
C:\Users\joeyk\OneDrive\Desktop\CNN\Creación_de_Dataset_híbrido\Face-Recognition Proyect\Dataset_aumentado\Angelina Jolie\Angelina_Jolie_39_proc.jpg,Angelina Jolie,0,Directo
C:\Users\joeyk\OneDrive\Desktop\CNN\Creación_de_Dataset_híbrido\Face-Recognition Proyect\Dataset_aumentado\Brad Pitt\BradPitt_100_proc_aug03.jpg,Brad Pitt,1,Directo
C:\Users\joeyk\OneDrive\Desktop\CNN\Creación_de_Dataset_híbrido\Face-Recognition Proyect\Dataset_aumentado\Angelina Jolie\Angelina_Jolie_62_proc_aug03.jpg,Angelina Jolie,0,Directo
C:\Users\joeyk\OneDrive\Desktop\CNN\Creación_de_Dataset_híbrido\Face-Recognition Proyect\Dataset_aumentado\Israel\Israel_117_proc_aug01.jpg,Israel,2,Directo
C:\Users\joeyk\OneDrive\Desktop\CNN\Creación_de_Dataset_híbrido\Face-Recognition Proyect\Dataset_aumentado\Kevin\Kevin_49_proc_aug02.jpg,Kevin,6,Directo
C:\Users\joeyk\OneDrive\Desktop\CNN\Creación_de_Dataset_híbrido\Face-Recognition Proyect\Dataset_aumentado\Kevin\Kevin_149_proc.jpg,Kevin,6,Directo
C:\Users\joeyk\OneDrive\Desktop\CNN\Creación_de_Dataset_híbrido\Face-Recognition Proyect\Dataset_aumentado\Joey\Joey_82_proc_aug01.jpg,Joey,4,Directo
C:\Users\joeyk\OneDrive\Desktop\CNN\Creación_de_Dataset_híbrido\Face-Recognition Proyect\Dataset_aumentado\Leonardo DiCaprio\Leonardo_DiCaprio_26_proc_aug01.jpg,Leonardo DiCaprio,7,Directo
C:\Users\joeyk\OneDrive\Desktop\CNN\Creación_de_Dataset_híbrido\Face-Recognition Proyect\Dataset_aumentado\Brad Pitt\BradPitt_52_proc_aug03.jpg,Brad Pitt,1,Directo
C:\Users\joeyk\OneDrive\Desktop\CNN\Creación_de_Dataset_híbrido\Face-Recognition Proyect\Dataset_aumentado\Joey\Joey_51_proc_aug02.jpg,Joey,4,Directo
C:\Users\joeyk\OneDrive\Desktop\CNN\Creación_de_Dataset_híbrido\Face-Recognition Proyect\Dataset_aumentado\Joey\Joey_98_proc.jpg,Joey,4,Directo
C:\Users\joeyk\OneDrive\Desktop\CNN\Creación_de_Dataset_híbrido\Face-Recognition Proyect\Dataset_aumentado\Leonardo DiCaprio\Leonardo_DiCaprio_9_proc.jpg,Leonardo DiCaprio,7,Directo
C:\Users\joeyk\OneDrive\Desktop\CNN\Creación_de_Dataset_híbrido\Face-Recognition Proyect\Dataset_aumentado\Nicole Kidman\Nicole_Kidman_85_proc.jpg,Nicole Kidman,9,Directo
C:\Users\joeyk\OneDrive\Desktop\CNN\Creación_de_Dataset_híbrido\Face-Recognition Proyect\Dataset_aumentado\Nicole Kidman\Nicole_Kidman_15_proc_aug01.jpg,Nicole Kidman,9,Directo
C:\Users\joeyk\OneDrive\Desktop\CNN\Creación_de_Dataset_híbrido\Face-Recognition Proyect\Dataset_aumentado\Joey\Joey_273_proc_aug01.jpg,Joey,4,Directo
C:\Users\joeyk\OneDrive\Desktop\CNN\Creación_de_Dataset_híbrido\Face-Recognition Proyect\Dataset_aumentado\Israel\Israel_111_proc_aug01.jpg,Israel,2,Directo
C:\Users\joeyk\OneDrive\Desktop\CNN\Creación_de_Dataset_híbrido\Face-Recognition Proyect\Dataset_aumentado\Israel\Israel_256_proc_aug01.jpg,Israel,2,Directo
C:\Users\joeyk\OneDrive\Desktop\CNN\Creación_de_Dataset_híbrido\Face-Recognition Proyect\Dataset_aumentado\Israel\Israel_226_proc_aug02.jpg,Israel,2,Directo
C:\Users\joeyk\OneDrive\Desktop\CNN\Creación_de_Dataset_híbrido\Face-Recognition Proyect\Dataset_aumentado\Israel\Israel_200_proc.jpg,Israel,2,Directo
C:\Users\joeyk\OneDrive\Desktop\CNN\Creación_de_Dataset_híbrido\Face-Recognition Proyect\Dataset_aumentado\Brad Pitt\BradPitt_43_proc_aug03.jpg,Brad Pitt,1,Directo
C:\Users\joeyk\OneDrive\Desktop\CNN\Creación_de_Dataset_híbrido\Face-Recognition Proyect\Dataset_aumentado\Nicole Kidman\Nicole_Kidman_46_proc.jpg,Nicole Kidman,9,Directo
C:\Users\joeyk\OneDrive\Desktop\CNN\Creación_de_Dataset_híbrido\Face-Recognition Proyect\Dataset_aumentado\Kevin\Kevin_86_proc.jpg,Kevin,6,Directo
C:\Users\joeyk\OneDrive\Desktop\CNN\Creación_de_Dataset_híbrido\Face-Recognition Proyect\Dataset_aumentado\Leonardo DiCaprio\Leonardo_DiCaprio_45_proc_aug02.jpg,Leonardo DiCaprio,7,Directo
C:\Users\joeyk\OneDrive\Desktop\CNN\Creación_de_Dataset_híbrido\Face-Recognition Proyect\Dataset_aumentado\Brad Pitt\BradPitt_95_proc.jpg,Brad Pitt,1,Directo
C:\Users\joeyk\OneDrive\Desktop\CNN\Creación_de_Dataset_híbrido\Face-Recognition Proyect\Dataset_aumentado\Joey\Joey_41_proc_aug01.jpg,Joey,4,Directo
C:\Users\joeyk\OneDrive\Desktop\CNN\Creación_de_Dataset_híbrido\Face-Recognition Proyect\Dataset_aumentado\Angelina Jolie\Angelina_Jolie_72_proc.jpg,Angelina Jolie,0,Directo
C:\Users\joeyk\OneDrive\Desktop\CNN\Creación_de_Dataset_híbrido\Face-Recognition Proyect\Dataset_aumentado\Natalie Portman\Natalie_Portman_62_proc_aug03.jpg,Natalie Portman,8,Directo
C:\Users\joeyk\OneDrive\Desktop\CNN\Creación_de_Dataset_híbrido\Face-Recognition Proyect\Dataset_aumentado\Nicole Kidman\Nicole_Kidman_47_proc_aug02.jpg,Nicole Kidman,9,Directo
C:\Users\joeyk\OneDrive\Desktop\CNN\Creación_de_Dataset_híbrido\Face-Recognition Proyect\Dataset_aumentado\Joey\Joey_259_proc_aug01.jpg,Joey,4,Directo
C:\Users\joeyk\OneDrive\Desktop\CNN\Creación_de_Dataset_híbrido\Face-Recognition Proyect\Dataset_aumentado\Joey\Joey_248_proc_aug02.jpg,Joey,4,Directo
C:\Users\joeyk\OneDrive\Desktop\CNN\Creación_de_Dataset_híbrido\Face-Recognition Proyect\Dataset_aumentado\Kevin\Kevin_6_proc_aug02.jpg,Kevin,6,Directo
C:\Users\joeyk\OneDrive\Desktop\CNN\Creación_de_Dataset_híbrido\Face-Recognition Proyect\Dataset_aumentado\Jennifer Lawrence\JenniferLawrence_18_proc_aug02.jpg,Jennifer Lawrence,3,Directo
C:\Users\joeyk\OneDrive\Desktop\CNN\Creación_de_Dataset_híbrido\Face-Recognition Proyect\Dataset_aumentado\Jennifer Lawrence\JenniferLawrence_96_proc.jpg,Jennifer Lawrence,3,Directo
C:\Users\joeyk\OneDrive\Desktop\CNN\Creación_de_Dataset_híbrido\Face-Recognition Proyect\Dataset_aumentado\Joey\Joey_21_proc_aug01.jpg,Joey,4,Directo
C:\Users\joeyk\OneDrive\Desktop\CNN\Creación_de_Dataset_híbrido\Face-Recognition Proyect\Dataset_aumentado\Nicole Kidman\Nicole_Kidman_37_proc.jpg,Nicole Kidman,9,Directo
C:\Users\joeyk\OneDrive\Desktop\CNN\Creación_de_Dataset_híbrido\Face-Recognition Proyect\Dataset_aumentado\Joey\Joey_218_proc.jpg,Joey,4,Directo
C:\Users\joeyk\OneDrive\Desktop\CNN\Creación_de_Dataset_híbrido\Face-Recognition Proyect\Dataset_aumentado\Joey\Joey_180_proc_aug01.jpg,Joey,4,Directo
C:\Users\joeyk\OneDrive\Desktop\CNN\Creación_de_Dataset_híbrido\Face-Recognition Proyect\Dataset_aumentado\Kevin\Kevin_88_proc.jpg,Kevin,6,Directo
C:\Users\joeyk\OneDrive\Desktop\CNN\Creación_de_Dataset_híbrido\Face-Recognition Proyect\Dataset_aumentado\Kevin\Kevin_91_proc_aug03.jpg,Kevin,6,Directo
C:\Users\joeyk\OneDrive\Desktop\CNN\Creación_de_Dataset_híbrido\Face-Recognition Proyect\Dataset_aumentado\Joey\Joey_93_proc_aug03.jpg,Joey,4,Directo
C:\Users\joeyk\OneDrive\Desktop\CNN\Creación_de_Dataset_híbrido\Face-Recognition Proyect\Dataset_aumentado\Nicole Kidman\Nicole_Kidman_65_proc_aug01.jpg,Nicole Kidman,9,Directo
C:\Users\joeyk\OneDrive\Desktop\CNN\Creación_de_Dataset_híbrido\Face-Recognition Proyect\Dataset_aumentado\Israel\Israel_49_proc_aug03.jpg,Israel,2,Directo
C:\Users\joeyk\OneDrive\Desktop\CNN\Creación_de_Dataset_híbrido\Face-Recognition Proyect\Dataset_aumentado\Johnny Depp\Johnny_Depp_5_proc_aug01.jpg,Johnny Depp,5,Directo
C:\Users\joeyk\OneDrive\Desktop\CNN\Creación_de_Dataset_híbrido\Face-Recognition Proyect\Dataset_aumentado\Angelina Jolie\Angelina_Jolie_69_proc_aug03.jpg,Angelina Jolie,0,Directo
C:\Users\joeyk\OneDrive\Desktop\CNN\Creación_de_Dataset_híbrido\Face-Recognition Proyect\Dataset_aumentado\Brad Pitt\BradPitt_54_proc_aug01.jpg,Brad Pitt,1,Directo
C:\Users\joeyk\OneDrive\Desktop\CNN\Creación_de_Dataset_híbrido\Face-Recognition Proyect\Dataset_aumentado\Leonardo DiCaprio\Leonardo_DiCaprio_4_proc_aug03.jpg,Leonardo DiCaprio,7,Directo
C:\Users\joeyk\OneDrive\Desktop\CNN\Creación_de_Dataset_híbrido\Face-Recognition Proyect\Dataset_aumentado\Natalie Portman\Natalie_Portman_81_proc_aug01.jpg,Natalie Portman,8,Directo
C:\Users\joeyk\OneDrive\Desktop\CNN\Creación_de_Dataset_híbrido\Face-Recognition Proyect\Dataset_aumentado\Jennifer Lawrence\JenniferLawrence_86_proc.jpg,Jennifer Lawrence,3,Directo
C:\Users\joeyk\OneDrive\Desktop\CNN\Creación_de_Dataset_híbrido\Face-Recognition Proyect\Dataset_aumentado\Joey\Joey_163_proc_aug02.jpg,Joey,4,Directo
C:\Users\joeyk\OneDrive\Desktop\CNN\Creación_de_Dataset_híbrido\Face-Recognition Proyect\Dataset_aumentado\Kevin\Kevin_70_proc.jpg,Kevin,6,Directo
C:\Users\joeyk\OneDrive\Desktop\CNN\Creación_de_Dataset_híbrido\Face-Recognition Proyect\Dataset_aumentado\Israel\Israel_155_proc_aug01.jpg,Israel,2,Directo
C:\Users\joeyk\OneDrive\Desktop\CNN\Creación_de_Dataset_híbrido\Face-Recognition Proyect\Dataset_aumentado\Israel\Israel_137_proc_aug02.jpg,Israel,2,Directo
C:\Users\joeyk\OneDrive\Desktop\CNN\Creación_de_Dataset_híbrido\Face-Recognition Proyect\Dataset_aumentado\Kevin\Kevin_22_proc.jpg,Kevin,6,Directo
C:\Users\joeyk\OneDrive\Desktop\CNN\Creación_de_Dataset_híbrido\Face-Recognition Proyect\Dataset_aumentado\Leonardo DiCaprio\Leonardo_DiCaprio_26_proc_aug02.jpg,Leonardo DiCaprio,7,Directo
C:\Users\joeyk\OneDrive\Desktop\CNN\Creación_de_Dataset_híbrido\Face-Recognition Proyect\Dataset_aumentado\Brad Pitt\BradPitt_14_proc.jpg,Brad Pitt,1,Directo
C:\Users\joeyk\OneDrive\Desktop\CNN\Creación_de_Dataset_híbrido\Face-Recognition Proyect\Dataset_aumentado\Joey\Joey_156_proc_aug03.jpg,Joey,4,Directo
C:\Users\joeyk\OneDrive\Desktop\CNN\Creación_de_Dataset_híbrido\Face-Recognition Proyect\Dataset_aumentado\Joey\Joey_130_proc_aug03.jpg,Joey,4,Directo
C:\Users\joeyk\OneDrive\Desktop\CNN\Creación_de_Dataset_híbrido\Face-Recognition Proyect\Dataset_aumentado\Kevin\Kevin_114_proc_aug01.jpg,Kevin,6,Directo
C:\Users\joeyk\OneDrive\Desktop\CNN\Creación_de_Dataset_híbrido\Face-Recognition Proyect\Dataset_aumentado\Angelina Jolie\Angelina_Jolie_20_proc_aug02.jpg,Angelina Jolie,0,Directo
C:\Users\joeyk\OneDrive\Desktop\CNN\Creación_de_Dataset_híbrido\Face-Recognition Proyect\Dataset_aumentado\Joey\Joey_19_proc_aug02.jpg,Joey,4,Directo
C:\Users\joeyk\OneDrive\Desktop\CNN\Creación_de_Dataset_híbrido\Face-Recognition Proyect\Dataset_aumentado\Jennifer Lawrence\JenniferLawrence_72_proc_aug01.jpg,Jennifer Lawrence,3,Directo
C:\Users\joeyk\OneDrive\Desktop\CNN\Creación_de_Dataset_híbrido\Face-Recognition Proyect\Dataset_aumentado\Joey\Joey_143_proc_aug03.jpg,Joey,4,Directo
C:\Users\joeyk\OneDrive\Desktop\CNN\Creación_de_Dataset_híbrido\Face-Recognition Proyect\Dataset_aumentado\Joey\Joey_132_proc.jpg,Joey,4,Directo
C:\Users\joeyk\OneDrive\Desktop\CNN\Creación_de_Dataset_híbrido\Face-Recognition Proyect\Dataset_aumentado\Kevin\Kevin_150_proc_aug03.jpg,Kevin,6,Directo
C:\Users\joeyk\OneDrive\Desktop\CNN\Creación_de_Dataset_híbrido\Face-Recognition Proyect\Dataset_aumentado\Joey\Joey_274_proc.jpg,Joey,4,Directo
C:\Users\joeyk\OneDrive\Desktop\CNN\Creación_de_Dataset_híbrido\Face-Recognition Proyect\Dataset_aumentado\Joey\Joey_4_proc_aug03.jpg,Joey,4,Directo
C:\Users\joeyk\OneDrive\Desktop\CNN\Creación_de_Dataset_híbrido\Face-Recognition Proyect\Dataset_aumentado\Kevin\Kevin_164_proc_aug01.jpg,Kevin,6,Directo
C:\Users\joeyk\OneDrive\Desktop\CNN\Creación_de_Dataset_híbrido\Face-Recognition Proyect\Dataset_aumentado\Joey\Joey_270_proc_aug03.jpg,Joey,4,Directo
C:\Users\joeyk\OneDrive\Desktop\CNN\Creación_de_Dataset_híbrido\Face-Recognition Proyect\Dataset_aumentado\Leonardo DiCaprio\Leonardo_DiCaprio_88_proc_aug01.jpg,Leonardo DiCaprio,7,Directo
C:\Users\joeyk\OneDrive\Desktop\CNN\Creación_de_Dataset_híbrido\Face-Recognition Proyect\Dataset_aumentado\Johnny Depp\Johnny_Depp_17_proc_aug02.jpg,Johnny Depp,5,Directo
C:\Users\joeyk\OneDrive\Desktop\CNN\Creación_de_Dataset_híbrido\Face-Recognition Proyect\Dataset_aumentado\Nicole Kidman\Nicole_Kidman_77_proc_aug01.jpg,Nicole Kidman,9,Directo
C:\Users\joeyk\OneDrive\Desktop\CNN\Creación_de_Dataset_híbrido\Face-Recognition Proyect\Dataset_aumentado\Johnny Depp\Johnny_Depp_30_proc.jpg,Johnny Depp,5,Directo
C:\Users\joeyk\OneDrive\Desktop\CNN\Creación_de_Dataset_híbrido\Face-Recognition Proyect\Dataset_aumentado\Israel\Israel_175_proc_aug02.jpg,Israel,2,Directo
C:\Users\joeyk\OneDrive\Desktop\CNN\Creación_de_Dataset_híbrido\Face-Recognition Proyect\Dataset_aumentado\Israel\Israel_294_proc_aug03.jpg,Israel,2,Directo
C:\Users\joeyk\OneDrive\Desktop\CNN\Creación_de_Dataset_híbrido\Face-Recognition Proyect\Dataset_aumentado\Leonardo DiCaprio\Leonardo_DiCaprio_64_proc_aug01.jpg,Leonardo DiCaprio,7,Directo
C:\Users\joeyk\OneDrive\Desktop\CNN\Creación_de_Dataset_híbrido\Face-Recognition Proyect\Dataset_aumentado\Nicole Kidman\Nicole_Kidman_20_proc.jpg,Nicole Kidman,9,Directo
C:\Users\joeyk\OneDrive\Desktop\CNN\Creación_de_Dataset_híbrido\Face-Recognition Proyect\Dataset_aumentado\Nicole Kidman\Nicole_Kidman_9_proc_aug03.jpg,Nicole Kidman,9,Directo
C:\Users\joeyk\OneDrive\Desktop\CNN\Creación_de_Dataset_híbrido\Face-Recognition Proyect\Dataset_aumentado\Jennifer Lawrence\JenniferLawrence_50_proc_aug03.jpg,Jennifer Lawrence,3,Directo
C:\Users\joeyk\OneDrive\Desktop\CNN\Creación_de_Dataset_híbrido\Face-Recognition Proyect\Dataset_aumentado\Brad Pitt\BradPitt_32_proc_aug03.jpg,Brad Pitt,1,Directo
C:\Users\joeyk\OneDrive\Desktop\CNN\Creación_de_Dataset_híbrido\Face-Recognition Proyect\Dataset_aumentado\Joey\Joey_150_proc_aug02.jpg,Joey,4,Directo
C:\Users\joeyk\OneDrive\Desktop\CNN\Creación_de_Dataset_híbrido\Face-Recognition Proyect\Dataset_aumentado\Joey\Joey_216_proc_aug03.jpg,Joey,4,Directo
C:\Users\joeyk\OneDrive\Desktop\CNN\Creación_de_Dataset_híbrido\Face-Recognition Proyect\Dataset_aumentado\Israel\Israel_73_proc_aug02.jpg,Israel,2,Directo
C:\Users\joeyk\OneDrive\Desktop\CNN\Creación_de_Dataset_híbrido\Face-Recognition Proyect\Dataset_aumentado\Joey\Joey_177_proc_aug02.jpg,Joey,4,Directo
C:\Users\joeyk\OneDrive\Desktop\CNN\Creación_de_Dataset_híbrido\Face-Recognition Proyect\Dataset_aumentado\Angelina Jolie\Angelina_Jolie_17_proc_aug02.jpg,Angelina Jolie,0,Directo
C:\Users\joeyk\OneDrive\Desktop\CNN\Creación_de_Dataset_híbrido\Face-Recognition Proyect\Dataset_aumentado\Joey\Joey_166_proc_aug01.jpg,Joey,4,Directo
C:\Users\joeyk\OneDrive\Desktop\CNN\Creación_de_Dataset_híbrido\Face-Recognition Proyect\Dataset_aumentado\Israel\Israel_247_proc.jpg,Israel,2,Directo
C:\Users\joeyk\OneDrive\Desktop\CNN\Creación_de_Dataset_híbrido\Face-Recognition Proyect\Dataset_aumentado\Leonardo DiCaprio\Leonardo_DiCaprio_48_proc.jpg,Leonardo DiCaprio,7,Directo
C:\Users\joeyk\OneDrive\Desktop\CNN\Creación_de_Dataset_híbrido\Face-Recognition Proyect\Dataset_aumentado\Joey\Joey_192_proc_aug01.jpg,Joey,4,Directo
C:\Users\joeyk\OneDrive\Desktop\CNN\Creación_de_Dataset_híbrido\Face-Recognition Proyect\Dataset_aumentado\Israel\Israel_287_proc_aug02.jpg,Israel,2,Directo
C:\Users\joeyk\OneDrive\Desktop\CNN\Creación_de_Dataset_híbrido\Face-Recognition Proyect\Dataset_aumentado\Johnny Depp\Johnny_Depp_32_proc.jpg,Johnny Depp,5,Directo
C:\Users\joeyk\OneDrive\Desktop\CNN\Creación_de_Dataset_híbrido\Face-Recognition Proyect\Dataset_aumentado\Nicole Kidman\Nicole_Kidman_80_proc_aug01.jpg,Nicole Kidman,9,Directo
C:\Users\joeyk\OneDrive\Desktop\CNN\Creación_de_Dataset_híbrido\Face-Recognition Proyect\Dataset_aumentado\Jennifer Lawrence\JenniferLawrence_92_proc_aug03.jpg,Jennifer Lawrence,3,Directo
C:\Users\joeyk\OneDrive\Desktop\CNN\Creación_de_Dataset_híbrido\Face-Recognition Proyect\Dataset_aumentado\Nicole Kidman\Nicole_Kidman_4_proc_aug02.jpg,Nicole Kidman,9,Directo
C:\Users\joeyk\OneDrive\Desktop\CNN\Creación_de_Dataset_híbrido\Face-Recognition Proyect\Dataset_aumentado\Johnny Depp\Johnny_Depp_10_proc_aug02.jpg,Johnny Depp,5,Directo
C:\Users\joeyk\OneDrive\Desktop\CNN\Creación_de_Dataset_híbrido\Face-Recognition Proyect\Dataset_aumentado\Jennifer Lawrence\JenniferLawrence_41_proc.jpg,Jennifer Lawrence,3,Directo
C:\Users\joeyk\OneDrive\Desktop\CNN\Creación_de_Dataset_híbrido\Face-Recognition Proyect\Dataset_aumentado\Israel\Israel_159_proc_aug02.jpg,Israel,2,Directo
C:\Users\joeyk\OneDrive\Desktop\CNN\Creación_de_Dataset_híbrido\Face-Recognition Proyect\Dataset_aumentado\Kevin\Kevin_180_proc_aug01.jpg,Kevin,6,Directo
C:\Users\joeyk\OneDrive\Desktop\CNN\Creación_de_Dataset_híbrido\Face-Recognition Proyect\Dataset_aumentado\Joey\Joey_218_proc_aug02.jpg,Joey,4,Directo
C:\Users\joeyk\OneDrive\Desktop\CNN\Creación_de_Dataset_híbrido\Face-Recognition Proyect\Dataset_aumentado\Leonardo DiCaprio\Leonardo_DiCaprio_19_proc_aug01.jpg,Leonardo DiCaprio,7,Directo
C:\Users\joeyk\OneDrive\Desktop\CNN\Creación_de_Dataset_híbrido\Face-Recognition Proyect\Dataset_aumentado\Natalie Portman\Natalie_Portman_90_proc_aug02.jpg,Natalie Portman,8,Directo
C:\Users\joeyk\OneDrive\Desktop\CNN\Creación_de_Dataset_híbrido\Face-Recognition Proyect\Dataset_aumentado\Kevin\Kevin_71_proc.jpg,Kevin,6,Directo
C:\Users\joeyk\OneDrive\Desktop\CNN\Creación_de_Dataset_híbrido\Face-Recognition Proyect\Dataset_aumentado\Johnny Depp\Johnny_Depp_7_proc_aug03.jpg,Johnny Depp,5,Directo
C:\Users\joeyk\OneDrive\Desktop\CNN\Creación_de_Dataset_híbrido\Face-Recognition Proyect\Dataset_aumentado\Israel\Israel_268_proc_aug03.jpg,Israel,2,Directo
C:\Users\joeyk\OneDrive\Desktop\CNN\Creación_de_Dataset_híbrido\Face-Recognition Proyect\Dataset_aumentado\Israel\Israel_161_proc_aug02.jpg,Israel,2,Directo
C:\Users\joeyk\OneDrive\Desktop\CNN\Creación_de_Dataset_híbrido\Face-Recognition Proyect\Dataset_aumentado\Kevin\Kevin_207_proc_aug03.jpg,Kevin,6,Directo
C:\Users\joeyk\OneDrive\Desktop\CNN\Creación_de_Dataset_híbrido\Face-Recognition Proyect\Dataset_aumentado\Israel\Israel_62_proc_aug02.jpg,Israel,2,Directo
C:\Users\joeyk\OneDrive\Desktop\CNN\Creación_de_Dataset_híbrido\Face-Recognition Proyect\Dataset_aumentado\Joey\Joey_243_proc_aug02.jpg,Joey,4,Directo
C:\Users\joeyk\OneDrive\Desktop\CNN\Creación_de_Dataset_híbrido\Face-Recognition Proyect\Dataset_aumentado\Leonardo DiCaprio\Leonardo_DiCaprio_69_proc_aug01.jpg,Leonardo DiCaprio,7,Directo
C:\Users\joeyk\OneDrive\Desktop\CNN\Creación_de_Dataset_híbrido\Face-Recognition Proyect\Dataset_aumentado\Nicole Kidman\Nicole_Kidman_43_proc_aug03.jpg,Nicole Kidman,9,Directo
C:\Users\joeyk\OneDrive\Desktop\CNN\Creación_de_Dataset_híbrido\Face-Recognition Proyect\Dataset_aumentado\Israel\Israel_204_proc_aug01.jpg,Israel,2,Directo
C:\Users\joeyk\OneDrive\Desktop\CNN\Creación_de_Dataset_híbrido\Face-Recognition Proyect\Dataset_aumentado\Joey\Joey_236_proc_aug02.jpg,Joey,4,Directo
C:\Users\joeyk\OneDrive\Desktop\CNN\Creación_de_Dataset_híbrido\Face-Recognition Proyect\Dataset_aumentado\Nicole Kidman\Nicole_Kidman_74_proc_aug02.jpg,Nicole Kidman,9,Directo
C:\Users\joeyk\OneDrive\Desktop\CNN\Creación_de_Dataset_híbrido\Face-Recognition Proyect\Dataset_aumentado\Israel\Israel_336_proc_aug03.jpg,Israel,2,Directo
C:\Users\joeyk\OneDrive\Desktop\CNN\Creación_de_Dataset_híbrido\Face-Recognition Proyect\Dataset_aumentado\Joey\Joey_109_proc_aug03.jpg,Joey,4,Directo
C:\Users\joeyk\OneDrive\Desktop\CNN\Creación_de_Dataset_híbrido\Face-Recognition Proyect\Dataset_aumentado\Israel\Israel_156_proc_aug01.jpg,Israel,2,Directo
C:\Users\joeyk\OneDrive\Desktop\CNN\Creación_de_Dataset_híbrido\Face-Recognition Proyect\Dataset_aumentado\Johnny Depp\Johnny_Depp_30_proc_aug01.jpg,Johnny Depp,5,Directo
C:\Users\joeyk\OneDrive\Desktop\CNN\Creación_de_Dataset_híbrido\Face-Recognition Proyect\Dataset_aumentado\Israel\Israel_239_proc.jpg,Israel,2,Directo
C:\Users\joeyk\OneDrive\Desktop\CNN\Creación_de_Dataset_híbrido\Face-Recognition Proyect\Dataset_aumentado\Jennifer Lawrence\JenniferLawrence_88_proc.jpg,Jennifer Lawrence,3,Directo
C:\Users\joeyk\OneDrive\Desktop\CNN\Creación_de_Dataset_híbrido\Face-Recognition Proyect\Dataset_aumentado\Johnny Depp\Johnny_Depp_27_proc_aug01.jpg,Johnny Depp,5,Directo
C:\Users\joeyk\OneDrive\Desktop\CNN\Creación_de_Dataset_híbrido\Face-Recognition Proyect\Dataset_aumentado\Israel\Israel_250_proc_aug03.jpg,Israel,2,Directo
C:\Users\joeyk\OneDrive\Desktop\CNN\Creación_de_Dataset_híbrido\Face-Recognition Proyect\Dataset_aumentado\Kevin\Kevin_27_proc_aug01.jpg,Kevin,6,Directo
C:\Users\joeyk\OneDrive\Desktop\CNN\Creación_de_Dataset_híbrido\Face-Recognition Proyect\Dataset_aumentado\Nicole Kidman\Nicole_Kidman_66_proc.jpg,Nicole Kidman,9,Directo
C:\Users\joeyk\OneDrive\Desktop\CNN\Creación_de_Dataset_híbrido\Face-Recognition Proyect\Dataset_aumentado\Joey\Joey_154_proc_aug03.jpg,Joey,4,Directo
C:\Users\joeyk\OneDrive\Desktop\CNN\Creación_de_Dataset_híbrido\Face-Recognition Proyect\Dataset_aumentado\Israel\Israel_141_proc.jpg,Israel,2,Directo
C:\Users\joeyk\OneDrive\Desktop\CNN\Creación_de_Dataset_híbrido\Face-Recognition Proyect\Dataset_aumentado\Kevin\Kevin_49_proc.jpg,Kevin,6,Directo
C:\Users\joeyk\OneDrive\Desktop\CNN\Creación_de_Dataset_híbrido\Face-Recognition Proyect\Dataset_aumentado\Kevin\Kevin_34_proc_aug02.jpg,Kevin,6,Directo
C:\Users\joeyk\OneDrive\Desktop\CNN\Creación_de_Dataset_híbrido\Face-Recognition Proyect\Dataset_aumentado\Israel\Israel_21_proc_aug02.jpg,Israel,2,Directo
C:\Users\joeyk\OneDrive\Desktop\CNN\Creación_de_Dataset_híbrido\Face-Recognition Proyect\Dataset_aumentado\Israel\Israel_224_proc_aug02.jpg,Israel,2,Directo
C:\Users\joeyk\OneDrive\Desktop\CNN\Creación_de_Dataset_híbrido\Face-Recognition Proyect\Dataset_aumentado\Jennifer Lawrence\JenniferLawrence_97_proc_aug03.jpg,Jennifer Lawrence,3,Directo
C:\Users\joeyk\OneDrive\Desktop\CNN\Creación_de_Dataset_híbrido\Face-Recognition Proyect\Dataset_aumentado\Kevin\Kevin_27_proc.jpg,Kevin,6,Directo
C:\Users\joeyk\OneDrive\Desktop\CNN\Creación_de_Dataset_híbrido\Face-Recognition Proyect\Dataset_aumentado\Kevin\Kevin_191_proc.jpg,Kevin,6,Directo
C:\Users\joeyk\OneDrive\Desktop\CNN\Creación_de_Dataset_híbrido\Face-Recognition Proyect\Dataset_aumentado\Kevin\Kevin_85_proc.jpg,Kevin,6,Directo
C:\Users\joeyk\OneDrive\Desktop\CNN\Creación_de_Dataset_híbrido\Face-Recognition Proyect\Dataset_aumentado\Jennifer Lawrence\JenniferLawrence_12_proc.jpg,Jennifer Lawrence,3,Directo
C:\Users\joeyk\OneDrive\Desktop\CNN\Creación_de_Dataset_híbrido\Face-Recognition Proyect\Dataset_aumentado\Israel\Israel_124_proc_aug02.jpg,Israel,2,Directo
C:\Users\joeyk\OneDrive\Desktop\CNN\Creación_de_Dataset_híbrido\Face-Recognition Proyect\Dataset_aumentado\Joey\Joey_123_proc.jpg,Joey,4,Directo
C:\Users\joeyk\OneDrive\Desktop\CNN\Creación_de_Dataset_híbrido\Face-Recognition Proyect\Dataset_aumentado\Israel\Israel_233_proc.jpg,Israel,2,Directo
C:\Users\joeyk\OneDrive\Desktop\CNN\Creación_de_Dataset_híbrido\Face-Recognition Proyect\Dataset_aumentado\Angelina Jolie\Angelina_Jolie_78_proc_aug03.jpg,Angelina Jolie,0,Directo
C:\Users\joeyk\OneDrive\Desktop\CNN\Creación_de_Dataset_híbrido\Face-Recognition Proyect\Dataset_aumentado\Nicole Kidman\Nicole_Kidman_5_proc_aug02.jpg,Nicole Kidman,9,Directo
C:\Users\joeyk\OneDrive\Desktop\CNN\Creación_de_Dataset_híbrido\Face-Recognition Proyect\Dataset_aumentado\Joey\Joey_114_proc_aug03.jpg,Joey,4,Directo
C:\Users\joeyk\OneDrive\Desktop\CNN\Creación_de_Dataset_híbrido\Face-Recognition Proyect\Dataset_aumentado\Johnny Depp\Johnny_Depp_26_proc_aug01.jpg,Johnny Depp,5,Directo
C:\Users\joeyk\OneDrive\Desktop\CNN\Creación_de_Dataset_híbrido\Face-Recognition Proyect\Dataset_aumentado\Natalie Portman\Natalie_Portman_70_proc_aug01.jpg,Natalie Portman,8,Directo
C:\Users\joeyk\OneDrive\Desktop\CNN\Creación_de_Dataset_híbrido\Face-Recognition Proyect\Dataset_aumentado\Israel\Israel_164_proc_aug01.jpg,Israel,2,Directo
C:\Users\joeyk\OneDrive\Desktop\CNN\Creación_de_Dataset_híbrido\Face-Recognition Proyect\Dataset_aumentado\Leonardo DiCaprio\Leonardo_DiCaprio_22_proc.jpg,Leonardo DiCaprio,7,Directo
C:\Users\joeyk\OneDrive\Desktop\CNN\Creación_de_Dataset_híbrido\Face-Recognition Proyect\Dataset_aumentado\Joey\Joey_107_proc.jpg,Joey,4,Directo
C:\Users\joeyk\OneDrive\Desktop\CNN\Creación_de_Dataset_híbrido\Face-Recognition Proyect\Dataset_aumentado\Kevin\Kevin_192_proc_aug01.jpg,Kevin,6,Directo
C:\Users\joeyk\OneDrive\Desktop\CNN\Creación_de_Dataset_híbrido\Face-Recognition Proyect\Dataset_aumentado\Israel\Israel_106_proc_aug02.jpg,Israel,2,Directo
C:\Users\joeyk\OneDrive\Desktop\CNN\Creación_de_Dataset_híbrido\Face-Recognition Proyect\Dataset_aumentado\Joey\Joey_49_proc_aug02.jpg,Joey,4,Directo
C:\Users\joeyk\OneDrive\Desktop\CNN\Creación_de_Dataset_híbrido\Face-Recognition Proyect\Dataset_aumentado\Joey\Joey_214_proc_aug02.jpg,Joey,4,Directo
C:\Users\joeyk\OneDrive\Desktop\CNN\Creación_de_Dataset_híbrido\Face-Recognition Proyect\Dataset_aumentado\Kevin\Kevin_99_proc_aug01.jpg,Kevin,6,Directo
C:\Users\joeyk\OneDrive\Desktop\CNN\Creación_de_Dataset_híbrido\Face-Recognition Proyect\Dataset_aumentado\Joey\Joey_231_proc_aug03.jpg,Joey,4,Directo
C:\Users\joeyk\OneDrive\Desktop\CNN\Creación_de_Dataset_híbrido\Face-Recognition Proyect\Dataset_aumentado\Nicole Kidman\Nicole_Kidman_28_proc_aug01.jpg,Nicole Kidman,9,Directo
C:\Users\joeyk\OneDrive\Desktop\CNN\Creación_de_Dataset_híbrido\Face-Recognition Proyect\Dataset_aumentado\Nicole Kidman\Nicole_Kidman_37_proc_aug01.jpg,Nicole Kidman,9,Directo
C:\Users\joeyk\OneDrive\Desktop\CNN\Creación_de_Dataset_híbrido\Face-Recognition Proyect\Dataset_aumentado\Jennifer Lawrence\JenniferLawrence_9_proc_aug02.jpg,Jennifer Lawrence,3,Directo
C:\Users\joeyk\OneDrive\Desktop\CNN\Creación_de_Dataset_híbrido\Face-Recognition Proyect\Dataset_aumentado\Israel\Israel_218_proc_aug03.jpg,Israel,2,Directo
C:\Users\joeyk\OneDrive\Desktop\CNN\Creación_de_Dataset_híbrido\Face-Recognition Proyect\Dataset_aumentado\Nicole Kidman\Nicole_Kidman_61_proc.jpg,Nicole Kidman,9,Directo
C:\Users\joeyk\OneDrive\Desktop\CNN\Creación_de_Dataset_híbrido\Face-Recognition Proyect\Dataset_aumentado\Jennifer Lawrence\JenniferLawrence_28_proc_aug01.jpg,Jennifer Lawrence,3,Directo
C:\Users\joeyk\OneDrive\Desktop\CNN\Creación_de_Dataset_híbrido\Face-Recognition Proyect\Dataset_aumentado\Israel\Israel_85_proc.jpg,Israel,2,Directo
C:\Users\joeyk\OneDrive\Desktop\CNN\Creación_de_Dataset_híbrido\Face-Recognition Proyect\Dataset_aumentado\Kevin\Kevin_23_proc_aug02.jpg,Kevin,6,Directo
C:\Users\joeyk\OneDrive\Desktop\CNN\Creación_de_Dataset_híbrido\Face-Recognition Proyect\Dataset_aumentado\Joey\Joey_237_proc_aug01.jpg,Joey,4,Directo
C:\Users\joeyk\OneDrive\Desktop\CNN\Creación_de_Dataset_híbrido\Face-Recognition Proyect\Dataset_aumentado\Brad Pitt\BradPitt_18_proc_aug01.jpg,Brad Pitt,1,Directo
C:\Users\joeyk\OneDrive\Desktop\CNN\Creación_de_Dataset_híbrido\Face-Recognition Proyect\Dataset_aumentado\Joey\Joey_31_proc_aug02.jpg,Joey,4,Directo
C:\Users\joeyk\OneDrive\Desktop\CNN\Creación_de_Dataset_híbrido\Face-Recognition Proyect\Dataset_aumentado\Israel\Israel_54_proc_aug01.jpg,Israel,2,Directo
C:\Users\joeyk\OneDrive\Desktop\CNN\Creación_de_Dataset_híbrido\Face-Recognition Proyect\Dataset_aumentado\Brad Pitt\BradPitt_72_proc_aug03.jpg,Brad Pitt,1,Directo
C:\Users\joeyk\OneDrive\Desktop\CNN\Creación_de_Dataset_híbrido\Face-Recognition Proyect\Dataset_aumentado\Leonardo DiCaprio\Leonardo_DiCaprio_92_proc.jpg,Leonardo DiCaprio,7,Directo
C:\Users\joeyk\OneDrive\Desktop\CNN\Creación_de_Dataset_híbrido\Face-Recognition Proyect\Dataset_aumentado\Brad Pitt\BradPitt_19_proc_aug03.jpg,Brad Pitt,1,Directo
C:\Users\joeyk\OneDrive\Desktop\CNN\Creación_de_Dataset_híbrido\Face-Recognition Proyect\Dataset_aumentado\Jennifer Lawrence\JenniferLawrence_32_proc_aug03.jpg,Jennifer Lawrence,3,Directo
C:\Users\joeyk\OneDrive\Desktop\CNN\Creación_de_Dataset_híbrido\Face-Recognition Proyect\Dataset_aumentado\Joey\Joey_134_proc_aug02.jpg,Joey,4,Directo
C:\Users\joeyk\OneDrive\Desktop\CNN\Creación_de_Dataset_híbrido\Face-Recognition Proyect\Dataset_aumentado\Joey\Joey_120_proc.jpg,Joey,4,Directo
C:\Users\joeyk\OneDrive\Desktop\CNN\Creación_de_Dataset_híbrido\Face-Recognition Proyect\Dataset_aumentado\Joey\Joey_175_proc_aug01.jpg,Joey,4,Directo
C:\Users\joeyk\OneDrive\Desktop\CNN\Creación_de_Dataset_híbrido\Face-Recognition Proyect\Dataset_aumentado\Natalie Portman\Natalie_Portman_93_proc_aug02.jpg,Natalie Portman,8,Directo
C:\Users\joeyk\OneDrive\Desktop\CNN\Creación_de_Dataset_híbrido\Face-Recognition Proyect\Dataset_aumentado\Kevin\Kevin_134_proc_aug01.jpg,Kevin,6,Directo
C:\Users\joeyk\OneDrive\Desktop\CNN\Creación_de_Dataset_híbrido\Face-Recognition Proyect\Dataset_aumentado\Natalie Portman\Natalie_Portman_49_proc_aug02.jpg,Natalie Portman,8,Directo
C:\Users\joeyk\OneDrive\Desktop\CNN\Creación_de_Dataset_híbrido\Face-Recognition Proyect\Dataset_aumentado\Brad Pitt\BradPitt_91_proc_aug01.jpg,Brad Pitt,1,Directo
C:\Users\joeyk\OneDrive\Desktop\CNN\Creación_de_Dataset_híbrido\Face-Recognition Proyect\Dataset_aumentado\Israel\Israel_17_proc_aug02.jpg,Israel,2,Directo
C:\Users\joeyk\OneDrive\Desktop\CNN\Creación_de_Dataset_híbrido\Face-Recognition Proyect\Dataset_aumentado\Brad Pitt\BradPitt_83_proc_aug02.jpg,Brad Pitt,1,Directo
C:\Users\joeyk\OneDrive\Desktop\CNN\Creación_de_Dataset_híbrido\Face-Recognition Proyect\Dataset_aumentado\Israel\Israel_328_proc.jpg,Israel,2,Directo
C:\Users\joeyk\OneDrive\Desktop\CNN\Creación_de_Dataset_híbrido\Face-Recognition Proyect\Dataset_aumentado\Israel\Israel_57_proc_aug02.jpg,Israel,2,Directo
C:\Users\joeyk\OneDrive\Desktop\CNN\Creación_de_Dataset_híbrido\Face-Recognition Proyect\Dataset_aumentado\Joey\Joey_6_proc_aug01.jpg,Joey,4,Directo
C:\Users\joeyk\OneDrive\Desktop\CNN\Creación_de_Dataset_híbrido\Face-Recognition Proyect\Dataset_aumentado\Kevin\Kevin_14_proc_aug03.jpg,Kevin,6,Directo
C:\Users\joeyk\OneDrive\Desktop\CNN\Creación_de_Dataset_híbrido\Face-Recognition Proyect\Dataset_aumentado\Kevin\Kevin_111_proc_aug01.jpg,Kevin,6,Directo
C:\Users\joeyk\OneDrive\Desktop\CNN\Creación_de_Dataset_híbrido\Face-Recognition Proyect\Dataset_aumentado\Brad Pitt\BradPitt_45_proc_aug02.jpg,Brad Pitt,1,Directo
C:\Users\joeyk\OneDrive\Desktop\CNN\Creación_de_Dataset_híbrido\Face-Recognition Proyect\Dataset_aumentado\Brad Pitt\BradPitt_30_proc.jpg,Brad Pitt,1,Directo
C:\Users\joeyk\OneDrive\Desktop\CNN\Creación_de_Dataset_híbrido\Face-Recognition Proyect\Dataset_aumentado\Natalie Portman\Natalie_Portman_33_proc_aug01.jpg,Natalie Portman,8,Directo
C:\Users\joeyk\OneDrive\Desktop\CNN\Creación_de_Dataset_híbrido\Face-Recognition Proyect\Dataset_aumentado\Israel\Israel_231_proc_aug01.jpg,Israel,2,Directo
C:\Users\joeyk\OneDrive\Desktop\CNN\Creación_de_Dataset_híbrido\Face-Recognition Proyect\Dataset_aumentado\Jennifer Lawrence\JenniferLawrence_84_proc_aug03.jpg,Jennifer Lawrence,3,Directo
C:\Users\joeyk\OneDrive\Desktop\CNN\Creación_de_Dataset_híbrido\Face-Recognition Proyect\Dataset_aumentado\Johnny Depp\Johnny_Depp_30_proc_aug02.jpg,Johnny Depp,5,Directo
C:\Users\joeyk\OneDrive\Desktop\CNN\Creación_de_Dataset_híbrido\Face-Recognition Proyect\Dataset_aumentado\Johnny Depp\Johnny_Depp_39_proc_aug02.jpg,Johnny Depp,5,Directo
C:\Users\joeyk\OneDrive\Desktop\CNN\Creación_de_Dataset_híbrido\Face-Recognition Proyect\Dataset_aumentado\Leonardo DiCaprio\Leonardo_DiCaprio_34_proc.jpg,Leonardo DiCaprio,7,Directo
C:\Users\joeyk\OneDrive\Desktop\CNN\Creación_de_Dataset_híbrido\Face-Recognition Proyect\Dataset_aumentado\Israel\Israel_45_proc_aug01.jpg,Israel,2,Directo
C:\Users\joeyk\OneDrive\Desktop\CNN\Creación_de_Dataset_híbrido\Face-Recognition Proyect\Dataset_aumentado\Nicole Kidman\Nicole_Kidman_63_proc_aug02.jpg,Nicole Kidman,9,Directo
C:\Users\joeyk\OneDrive\Desktop\CNN\Creación_de_Dataset_híbrido\Face-Recognition Proyect\Dataset_aumentado\Kevin\Kevin_131_proc.jpg,Kevin,6,Directo
C:\Users\joeyk\OneDrive\Desktop\CNN\Creación_de_Dataset_híbrido\Face-Recognition Proyect\Dataset_aumentado\Kevin\Kevin_217_proc_aug01.jpg,Kevin,6,Directo
C:\Users\joeyk\OneDrive\Desktop\CNN\Creación_de_Dataset_híbrido\Face-Recognition Proyect\Dataset_aumentado\Kevin\Kevin_12_proc.jpg,Kevin,6,Directo
C:\Users\joeyk\OneDrive\Desktop\CNN\Creación_de_Dataset_híbrido\Face-Recognition Proyect\Dataset_aumentado\Joey\Joey_147_proc_aug01.jpg,Joey,4,Directo
C:\Users\joeyk\OneDrive\Desktop\CNN\Creación_de_Dataset_híbrido\Face-Recognition Proyect\Dataset_aumentado\Brad Pitt\BradPitt_14_proc_aug03.jpg,Brad Pitt,1,Directo
C:\Users\joeyk\OneDrive\Desktop\CNN\Creación_de_Dataset_híbrido\Face-Recognition Proyect\Dataset_aumentado\Jennifer Lawrence\JenniferLawrence_22_proc.jpg,Jennifer Lawrence,3,Directo
C:\Users\joeyk\OneDrive\Desktop\CNN\Creación_de_Dataset_híbrido\Face-Recognition Proyect\Dataset_aumentado\Joey\Joey_95_proc_aug03.jpg,Joey,4,Directo
C:\Users\joeyk\OneDrive\Desktop\CNN\Creación_de_Dataset_híbrido\Face-Recognition Proyect\Dataset_aumentado\Israel\Israel_318_proc.jpg,Israel,2,Directo
C:\Users\joeyk\OneDrive\Desktop\CNN\Creación_de_Dataset_híbrido\Face-Recognition Proyect\Dataset_aumentado\Joey\Joey_284_proc.jpg,Joey,4,Directo
C:\Users\joeyk\OneDrive\Desktop\CNN\Creación_de_Dataset_híbrido\Face-Recognition Proyect\Dataset_aumentado\Jennifer Lawrence\JenniferLawrence_6_proc_aug01.jpg,Jennifer Lawrence,3,Directo
C:\Users\joeyk\OneDrive\Desktop\CNN\Creación_de_Dataset_híbrido\Face-Recognition Proyect\Dataset_aumentado\Joey\Joey_205_proc_aug01.jpg,Joey,4,Directo
C:\Users\joeyk\OneDrive\Desktop\CNN\Creación_de_Dataset_híbrido\Face-Recognition Proyect\Dataset_aumentado\Israel\Israel_5_proc_aug01.jpg,Israel,2,Directo
C:\Users\joeyk\OneDrive\Desktop\CNN\Creación_de_Dataset_híbrido\Face-Recognition Proyect\Dataset_aumentado\Nicole Kidman\Nicole_Kidman_37_proc_aug02.jpg,Nicole Kidman,9,Directo
C:\Users\joeyk\OneDrive\Desktop\CNN\Creación_de_Dataset_híbrido\Face-Recognition Proyect\Dataset_aumentado\Natalie Portman\Natalie_Portman_49_proc.jpg,Natalie Portman,8,Directo
C:\Users\joeyk\OneDrive\Desktop\CNN\Creación_de_Dataset_híbrido\Face-Recognition Proyect\Dataset_aumentado\Joey\Joey_149_proc_aug01.jpg,Joey,4,Directo
C:\Users\joeyk\OneDrive\Desktop\CNN\Creación_de_Dataset_híbrido\Face-Recognition Proyect\Dataset_aumentado\Natalie Portman\Natalie_Portman_35_proc_aug02.jpg,Natalie Portman,8,Directo
C:\Users\joeyk\OneDrive\Desktop\CNN\Creación_de_Dataset_híbrido\Face-Recognition Proyect\Dataset_aumentado\Johnny Depp\Johnny_Depp_29_proc_aug01.jpg,Johnny Depp,5,Directo
C:\Users\joeyk\OneDrive\Desktop\CNN\Creación_de_Dataset_híbrido\Face-Recognition Proyect\Dataset_aumentado\Angelina Jolie\Angelina_Jolie_85_proc_aug01.jpg,Angelina Jolie,0,Directo
C:\Users\joeyk\OneDrive\Desktop\CNN\Creación_de_Dataset_híbrido\Face-Recognition Proyect\Dataset_aumentado\Israel\Israel_232_proc.jpg,Israel,2,Directo
C:\Users\joeyk\OneDrive\Desktop\CNN\Creación_de_Dataset_híbrido\Face-Recognition Proyect\Dataset_aumentado\Leonardo DiCaprio\Leonardo_DiCaprio_12_proc_aug02.jpg,Leonardo DiCaprio,7,Directo
C:\Users\joeyk\OneDrive\Desktop\CNN\Creación_de_Dataset_híbrido\Face-Recognition Proyect\Dataset_aumentado\Joey\Joey_262_proc_aug03.jpg,Joey,4,Directo
C:\Users\joeyk\OneDrive\Desktop\CNN\Creación_de_Dataset_híbrido\Face-Recognition Proyect\Dataset_aumentado\Joey\Joey_78_proc_aug02.jpg,Joey,4,Directo
C:\Users\joeyk\OneDrive\Desktop\CNN\Creación_de_Dataset_híbrido\Face-Recognition Proyect\Dataset_aumentado\Leonardo DiCaprio\Leonardo_DiCaprio_59_proc_aug03.jpg,Leonardo DiCaprio,7,Directo
C:\Users\joeyk\OneDrive\Desktop\CNN\Creación_de_Dataset_híbrido\Face-Recognition Proyect\Dataset_aumentado\Israel\Israel_217_proc_aug03.jpg,Israel,2,Directo
C:\Users\joeyk\OneDrive\Desktop\CNN\Creación_de_Dataset_híbrido\Face-Recognition Proyect\Dataset_aumentado\Brad Pitt\BradPitt_12_proc_aug03.jpg,Brad Pitt,1,Directo
C:\Users\joeyk\OneDrive\Desktop\CNN\Creación_de_Dataset_híbrido\Face-Recognition Proyect\Dataset_aumentado\Israel\Israel_20_proc_aug02.jpg,Israel,2,Directo
C:\Users\joeyk\OneDrive\Desktop\CNN\Creación_de_Dataset_híbrido\Face-Recognition Proyect\Dataset_aumentado\Joey\Joey_173_proc_aug02.jpg,Joey,4,Directo
C:\Users\joeyk\OneDrive\Desktop\CNN\Creación_de_Dataset_híbrido\Face-Recognition Proyect\Dataset_aumentado\Brad Pitt\BradPitt_75_proc.jpg,Brad Pitt,1,Directo
C:\Users\joeyk\OneDrive\Desktop\CNN\Creación_de_Dataset_híbrido\Face-Recognition Proyect\Dataset_aumentado\Angelina Jolie\Angelina_Jolie_2_proc_aug03.jpg,Angelina Jolie,0,Directo
C:\Users\joeyk\OneDrive\Desktop\CNN\Creación_de_Dataset_híbrido\Face-Recognition Proyect\Dataset_aumentado\Israel\Israel_87_proc.jpg,Israel,2,Directo
C:\Users\joeyk\OneDrive\Desktop\CNN\Creación_de_Dataset_híbrido\Face-Recognition Proyect\Dataset_aumentado\Joey\Joey_259_proc_aug03.jpg,Joey,4,Directo
C:\Users\joeyk\OneDrive\Desktop\CNN\Creación_de_Dataset_híbrido\Face-Recognition Proyect\Dataset_aumentado\Brad Pitt\BradPitt_10_proc_aug01.jpg,Brad Pitt,1,Directo
C:\Users\joeyk\OneDrive\Desktop\CNN\Creación_de_Dataset_híbrido\Face-Recognition Proyect\Dataset_aumentado\Johnny Depp\Johnny_Depp_62_proc.jpg,Johnny Depp,5,Directo
C:\Users\joeyk\OneDrive\Desktop\CNN\Creación_de_Dataset_híbrido\Face-Recognition Proyect\Dataset_aumentado\Jennifer Lawrence\JenniferLawrence_78_proc.jpg,Jennifer Lawrence,3,Directo
C:\Users\joeyk\OneDrive\Desktop\CNN\Creación_de_Dataset_híbrido\Face-Recognition Proyect\Dataset_aumentado\Israel\Israel_290_proc_aug02.jpg,Israel,2,Directo
C:\Users\joeyk\OneDrive\Desktop\CNN\Creación_de_Dataset_híbrido\Face-Recognition Proyect\Dataset_aumentado\Joey\Joey_217_proc_aug02.jpg,Joey,4,Directo
C:\Users\joeyk\OneDrive\Desktop\CNN\Creación_de_Dataset_híbrido\Face-Recognition Proyect\Dataset_aumentado\Jennifer Lawrence\JenniferLawrence_84_proc_aug01.jpg,Jennifer Lawrence,3,Directo
C:\Users\joeyk\OneDrive\Desktop\CNN\Creación_de_Dataset_híbrido\Face-Recognition Proyect\Dataset_aumentado\Johnny Depp\Johnny_Depp_96_proc_aug03.jpg,Johnny Depp,5,Directo
C:\Users\joeyk\OneDrive\Desktop\CNN\Creación_de_Dataset_híbrido\Face-Recognition Proyect\Dataset_aumentado\Israel\Israel_109_proc.jpg,Israel,2,Directo
C:\Users\joeyk\OneDrive\Desktop\CNN\Creación_de_Dataset_híbrido\Face-Recognition Proyect\Dataset_aumentado\Kevin\Kevin_119_proc.jpg,Kevin,6,Directo
C:\Users\joeyk\OneDrive\Desktop\CNN\Creación_de_Dataset_híbrido\Face-Recognition Proyect\Dataset_aumentado\Nicole Kidman\Nicole_Kidman_91_proc_aug02.jpg,Nicole Kidman,9,Directo
C:\Users\joeyk\OneDrive\Desktop\CNN\Creación_de_Dataset_híbrido\Face-Recognition Proyect\Dataset_aumentado\Kevin\Kevin_169_proc_aug01.jpg,Kevin,6,Directo
C:\Users\joeyk\OneDrive\Desktop\CNN\Creación_de_Dataset_híbrido\Face-Recognition Proyect\Dataset_aumentado\Brad Pitt\BradPitt_31_proc_aug03.jpg,Brad Pitt,1,Directo
C:\Users\joeyk\OneDrive\Desktop\CNN\Creación_de_Dataset_híbrido\Face-Recognition Proyect\Dataset_aumentado\Natalie Portman\Natalie_Portman_77_proc_aug03.jpg,Natalie Portman,8,Directo
C:\Users\joeyk\OneDrive\Desktop\CNN\Creación_de_Dataset_híbrido\Face-Recognition Proyect\Dataset_aumentado\Kevin\Kevin_218_proc.jpg,Kevin,6,Directo
C:\Users\joeyk\OneDrive\Desktop\CNN\Creación_de_Dataset_híbrido\Face-Recognition Proyect\Dataset_aumentado\Joey\Joey_157_proc.jpg,Joey,4,Directo
C:\Users\joeyk\OneDrive\Desktop\CNN\Creación_de_Dataset_híbrido\Face-Recognition Proyect\Dataset_aumentado\Israel\Israel_326_proc.jpg,Israel,2,Directo
C:\Users\joeyk\OneDrive\Desktop\CNN\Creación_de_Dataset_híbrido\Face-Recognition Proyect\Dataset_aumentado\Johnny Depp\Johnny_Depp_27_proc_aug02.jpg,Johnny Depp,5,Directo
C:\Users\joeyk\OneDrive\Desktop\CNN\Creación_de_Dataset_híbrido\Face-Recognition Proyect\Dataset_aumentado\Israel\Israel_32_proc.jpg,Israel,2,Directo
C:\Users\joeyk\OneDrive\Desktop\CNN\Creación_de_Dataset_híbrido\Face-Recognition Proyect\Dataset_aumentado\Johnny Depp\Johnny_Depp_68_proc.jpg,Johnny Depp,5,Directo
C:\Users\joeyk\OneDrive\Desktop\CNN\Creación_de_Dataset_híbrido\Face-Recognition Proyect\Dataset_aumentado\Angelina Jolie\Angelina_Jolie_49_proc_aug02.jpg,Angelina Jolie,0,Directo
C:\Users\joeyk\OneDrive\Desktop\CNN\Creación_de_Dataset_híbrido\Face-Recognition Proyect\Dataset_aumentado\Leonardo DiCaprio\Leonardo_DiCaprio_59_proc.jpg,Leonardo DiCaprio,7,Directo
C:\Users\joeyk\OneDrive\Desktop\CNN\Creación_de_Dataset_híbrido\Face-Recognition Proyect\Dataset_aumentado\Kevin\Kevin_19_proc_aug03.jpg,Kevin,6,Directo
C:\Users\joeyk\OneDrive\Desktop\CNN\Creación_de_Dataset_híbrido\Face-Recognition Proyect\Dataset_aumentado\Israel\Israel_171_proc.jpg,Israel,2,Directo
C:\Users\joeyk\OneDrive\Desktop\CNN\Creación_de_Dataset_híbrido\Face-Recognition Proyect\Dataset_aumentado\Johnny Depp\Johnny_Depp_25_proc_aug03.jpg,Johnny Depp,5,Directo
C:\Users\joeyk\OneDrive\Desktop\CNN\Creación_de_Dataset_híbrido\Face-Recognition Proyect\Dataset_aumentado\Angelina Jolie\Angelina_Jolie_40_proc_aug02.jpg,Angelina Jolie,0,Directo
C:\Users\joeyk\OneDrive\Desktop\CNN\Creación_de_Dataset_híbrido\Face-Recognition Proyect\Dataset_aumentado\Kevin\Kevin_158_proc_aug03.jpg,Kevin,6,Directo
C:\Users\joeyk\OneDrive\Desktop\CNN\Creación_de_Dataset_híbrido\Face-Recognition Proyect\Dataset_aumentado\Joey\Joey_190_proc_aug03.jpg,Joey,4,Directo
C:\Users\joeyk\OneDrive\Desktop\CNN\Creación_de_Dataset_híbrido\Face-Recognition Proyect\Dataset_aumentado\Joey\Joey_288_proc_aug01.jpg,Joey,4,Directo
C:\Users\joeyk\OneDrive\Desktop\CNN\Creación_de_Dataset_híbrido\Face-Recognition Proyect\Dataset_aumentado\Israel\Israel_120_proc_aug01.jpg,Israel,2,Directo
C:\Users\joeyk\OneDrive\Desktop\CNN\Creación_de_Dataset_híbrido\Face-Recognition Proyect\Dataset_aumentado\Israel\Israel_307_proc_aug01.jpg,Israel,2,Directo
C:\Users\joeyk\OneDrive\Desktop\CNN\Creación_de_Dataset_híbrido\Face-Recognition Proyect\Dataset_aumentado\Angelina Jolie\Angelina_Jolie_83_proc_aug02.jpg,Angelina Jolie,0,Directo
C:\Users\joeyk\OneDrive\Desktop\CNN\Creación_de_Dataset_híbrido\Face-Recognition Proyect\Dataset_aumentado\Kevin\Kevin_74_proc.jpg,Kevin,6,Directo
C:\Users\joeyk\OneDrive\Desktop\CNN\Creación_de_Dataset_híbrido\Face-Recognition Proyect\Dataset_aumentado\Kevin\Kevin_177_proc.jpg,Kevin,6,Directo
C:\Users\joeyk\OneDrive\Desktop\CNN\Creación_de_Dataset_híbrido\Face-Recognition Proyect\Dataset_aumentado\Joey\Joey_201_proc_aug01.jpg,Joey,4,Directo
C:\Users\joeyk\OneDrive\Desktop\CNN\Creación_de_Dataset_híbrido\Face-Recognition Proyect\Dataset_aumentado\Kevin\Kevin_80_proc.jpg,Kevin,6,Directo
C:\Users\joeyk\OneDrive\Desktop\CNN\Creación_de_Dataset_híbrido\Face-Recognition Proyect\Dataset_aumentado\Johnny Depp\Johnny_Depp_96_proc_aug01.jpg,Johnny Depp,5,Directo
C:\Users\joeyk\OneDrive\Desktop\CNN\Creación_de_Dataset_híbrido\Face-Recognition Proyect\Dataset_aumentado\Joey\Joey_225_proc_aug01.jpg,Joey,4,Directo
C:\Users\joeyk\OneDrive\Desktop\CNN\Creación_de_Dataset_híbrido\Face-Recognition Proyect\Dataset_aumentado\Natalie Portman\Natalie_Portman_32_proc.jpg,Natalie Portman,8,Directo
C:\Users\joeyk\OneDrive\Desktop\CNN\Creación_de_Dataset_híbrido\Face-Recognition Proyect\Dataset_aumentado\Natalie Portman\Natalie_Portman_50_proc_aug02.jpg,Natalie Portman,8,Directo
C:\Users\joeyk\OneDrive\Desktop\CNN\Creación_de_Dataset_híbrido\Face-Recognition Proyect\Dataset_aumentado\Leonardo DiCaprio\Leonardo_DiCaprio_58_proc_aug03.jpg,Leonardo DiCaprio,7,Directo
C:\Users\joeyk\OneDrive\Desktop\CNN\Creación_de_Dataset_híbrido\Face-Recognition Proyect\Dataset_aumentado\Angelina Jolie\Angelina_Jolie_66_proc_aug02.jpg,Angelina Jolie,0,Directo
C:\Users\joeyk\OneDrive\Desktop\CNN\Creación_de_Dataset_híbrido\Face-Recognition Proyect\Dataset_aumentado\Johnny Depp\Johnny_Depp_31_proc.jpg,Johnny Depp,5,Directo
C:\Users\joeyk\OneDrive\Desktop\CNN\Creación_de_Dataset_híbrido\Face-Recognition Proyect\Dataset_aumentado\Angelina Jolie\Angelina_Jolie_14_proc_aug01.jpg,Angelina Jolie,0,Directo
C:\Users\joeyk\OneDrive\Desktop\CNN\Creación_de_Dataset_híbrido\Face-Recognition Proyect\Dataset_aumentado\Joey\Joey_51_proc_aug01.jpg,Joey,4,Directo
C:\Users\joeyk\OneDrive\Desktop\CNN\Creación_de_Dataset_híbrido\Face-Recognition Proyect\Dataset_aumentado\Joey\Joey_220_proc_aug03.jpg,Joey,4,Directo
C:\Users\joeyk\OneDrive\Desktop\CNN\Creación_de_Dataset_híbrido\Face-Recognition Proyect\Dataset_aumentado\Johnny Depp\Johnny_Depp_26_proc.jpg,Johnny Depp,5,Directo
C:\Users\joeyk\OneDrive\Desktop\CNN\Creación_de_Dataset_híbrido\Face-Recognition Proyect\Dataset_aumentado\Kevin\Kevin_210_proc_aug02.jpg,Kevin,6,Directo
C:\Users\joeyk\OneDrive\Desktop\CNN\Creación_de_Dataset_híbrido\Face-Recognition Proyect\Dataset_aumentado\Kevin\Kevin_1_proc.jpg,Kevin,6,Directo
C:\Users\joeyk\OneDrive\Desktop\CNN\Creación_de_Dataset_híbrido\Face-Recognition Proyect\Dataset_aumentado\Natalie Portman\Natalie_Portman_98_proc_aug03.jpg,Natalie Portman,8,Directo
C:\Users\joeyk\OneDrive\Desktop\CNN\Creación_de_Dataset_híbrido\Face-Recognition Proyect\Dataset_aumentado\Kevin\Kevin_166_proc_aug01.jpg,Kevin,6,Directo
C:\Users\joeyk\OneDrive\Desktop\CNN\Creación_de_Dataset_híbrido\Face-Recognition Proyect\Dataset_aumentado\Johnny Depp\Johnny_Depp_76_proc_aug01.jpg,Johnny Depp,5,Directo
C:\Users\joeyk\OneDrive\Desktop\CNN\Creación_de_Dataset_híbrido\Face-Recognition Proyect\Dataset_aumentado\Brad Pitt\BradPitt_23_proc_aug02.jpg,Brad Pitt,1,Directo
C:\Users\joeyk\OneDrive\Desktop\CNN\Creación_de_Dataset_híbrido\Face-Recognition Proyect\Dataset_aumentado\Kevin\Kevin_191_proc_aug03.jpg,Kevin,6,Directo
C:\Users\joeyk\OneDrive\Desktop\CNN\Creación_de_Dataset_híbrido\Face-Recognition Proyect\Dataset_aumentado\Israel\Israel_143_proc_aug01.jpg,Israel,2,Directo
C:\Users\joeyk\OneDrive\Desktop\CNN\Creación_de_Dataset_híbrido\Face-Recognition Proyect\Dataset_aumentado\Israel\Israel_39_proc.jpg,Israel,2,Directo
C:\Users\joeyk\OneDrive\Desktop\CNN\Creación_de_Dataset_híbrido\Face-Recognition Proyect\Dataset_aumentado\Joey\Joey_141_proc_aug02.jpg,Joey,4,Directo
C:\Users\joeyk\OneDrive\Desktop\CNN\Creación_de_Dataset_híbrido\Face-Recognition Proyect\Dataset_aumentado\Joey\Joey_24_proc.jpg,Joey,4,Directo
C:\Users\joeyk\OneDrive\Desktop\CNN\Creación_de_Dataset_híbrido\Face-Recognition Proyect\Dataset_aumentado\Leonardo DiCaprio\Leonardo_DiCaprio_78_proc_aug03.jpg,Leonardo DiCaprio,7,Directo
C:\Users\joeyk\OneDrive\Desktop\CNN\Creación_de_Dataset_híbrido\Face-Recognition Proyect\Dataset_aumentado\Kevin\Kevin_11_proc_aug02.jpg,Kevin,6,Directo
C:\Users\joeyk\OneDrive\Desktop\CNN\Creación_de_Dataset_híbrido\Face-Recognition Proyect\Dataset_aumentado\Kevin\Kevin_65_proc.jpg,Kevin,6,Directo
C:\Users\joeyk\OneDrive\Desktop\CNN\Creación_de_Dataset_híbrido\Face-Recognition Proyect\Dataset_aumentado\Jennifer Lawrence\JenniferLawrence_40_proc_aug01.jpg,Jennifer Lawrence,3,Directo
C:\Users\joeyk\OneDrive\Desktop\CNN\Creación_de_Dataset_híbrido\Face-Recognition Proyect\Dataset_aumentado\Israel\Israel_14_proc_aug02.jpg,Israel,2,Directo
C:\Users\joeyk\OneDrive\Desktop\CNN\Creación_de_Dataset_híbrido\Face-Recognition Proyect\Dataset_aumentado\Kevin\Kevin_145_proc_aug01.jpg,Kevin,6,Directo
C:\Users\joeyk\OneDrive\Desktop\CNN\Creación_de_Dataset_híbrido\Face-Recognition Proyect\Dataset_aumentado\Israel\Israel_175_proc_aug01.jpg,Israel,2,Directo
C:\Users\joeyk\OneDrive\Desktop\CNN\Creación_de_Dataset_híbrido\Face-Recognition Proyect\Dataset_aumentado\Nicole Kidman\Nicole_Kidman_89_proc.jpg,Nicole Kidman,9,Directo
C:\Users\joeyk\OneDrive\Desktop\CNN\Creación_de_Dataset_híbrido\Face-Recognition Proyect\Dataset_aumentado\Kevin\Kevin_139_proc.jpg,Kevin,6,Directo
C:\Users\joeyk\OneDrive\Desktop\CNN\Creación_de_Dataset_híbrido\Face-Recognition Proyect\Dataset_aumentado\Nicole Kidman\Nicole_Kidman_25_proc_aug03.jpg,Nicole Kidman,9,Directo
C:\Users\joeyk\OneDrive\Desktop\CNN\Creación_de_Dataset_híbrido\Face-Recognition Proyect\Dataset_aumentado\Natalie Portman\Natalie_Portman_28_proc.jpg,Natalie Portman,8,Directo
C:\Users\joeyk\OneDrive\Desktop\CNN\Creación_de_Dataset_híbrido\Face-Recognition Proyect\Dataset_aumentado\Israel\Israel_184_proc_aug01.jpg,Israel,2,Directo
C:\Users\joeyk\OneDrive\Desktop\CNN\Creación_de_Dataset_híbrido\Face-Recognition Proyect\Dataset_aumentado\Kevin\Kevin_68_proc_aug02.jpg,Kevin,6,Directo
C:\Users\joeyk\OneDrive\Desktop\CNN\Creación_de_Dataset_híbrido\Face-Recognition Proyect\Dataset_aumentado\Brad Pitt\BradPitt_74_proc_aug02.jpg,Brad Pitt,1,Directo
C:\Users\joeyk\OneDrive\Desktop\CNN\Creación_de_Dataset_híbrido\Face-Recognition Proyect\Dataset_aumentado\Brad Pitt\BradPitt_30_proc_aug02.jpg,Brad Pitt,1,Directo
C:\Users\joeyk\OneDrive\Desktop\CNN\Creación_de_Dataset_híbrido\Face-Recognition Proyect\Dataset_aumentado\Israel\Israel_140_proc_aug02.jpg,Israel,2,Directo
C:\Users\joeyk\OneDrive\Desktop\CNN\Creación_de_Dataset_híbrido\Face-Recognition Proyect\Dataset_aumentado\Leonardo DiCaprio\Leonardo_DiCaprio_25_proc_aug01.jpg,Leonardo DiCaprio,7,Directo
C:\Users\joeyk\OneDrive\Desktop\CNN\Creación_de_Dataset_híbrido\Face-Recognition Proyect\Dataset_aumentado\Joey\Joey_140_proc_aug01.jpg,Joey,4,Directo
C:\Users\joeyk\OneDrive\Desktop\CNN\Creación_de_Dataset_híbrido\Face-Recognition Proyect\Dataset_aumentado\Angelina Jolie\Angelina_Jolie_48_proc_aug02.jpg,Angelina Jolie,0,Directo
C:\Users\joeyk\OneDrive\Desktop\CNN\Creación_de_Dataset_híbrido\Face-Recognition Proyect\Dataset_aumentado\Israel\Israel_158_proc_aug02.jpg,Israel,2,Directo
C:\Users\joeyk\OneDrive\Desktop\CNN\Creación_de_Dataset_híbrido\Face-Recognition Proyect\Dataset_aumentado\Joey\Joey_211_proc_aug02.jpg,Joey,4,Directo
C:\Users\joeyk\OneDrive\Desktop\CNN\Creación_de_Dataset_híbrido\Face-Recognition Proyect\Dataset_aumentado\Israel\Israel_6_proc_aug01.jpg,Israel,2,Directo
C:\Users\joeyk\OneDrive\Desktop\CNN\Creación_de_Dataset_híbrido\Face-Recognition Proyect\Dataset_aumentado\Nicole Kidman\Nicole_Kidman_8_proc_aug03.jpg,Nicole Kidman,9,Directo
C:\Users\joeyk\OneDrive\Desktop\CNN\Creación_de_Dataset_híbrido\Face-Recognition Proyect\Dataset_aumentado\Kevin\Kevin_80_proc_aug02.jpg,Kevin,6,Directo
C:\Users\joeyk\OneDrive\Desktop\CNN\Creación_de_Dataset_híbrido\Face-Recognition Proyect\Dataset_aumentado\Angelina Jolie\Angelina_Jolie_58_proc.jpg,Angelina Jolie,0,Directo
C:\Users\joeyk\OneDrive\Desktop\CNN\Creación_de_Dataset_híbrido\Face-Recognition Proyect\Dataset_aumentado\Jennifer Lawrence\JenniferLawrence_95_proc.jpg,Jennifer Lawrence,3,Directo
C:\Users\joeyk\OneDrive\Desktop\CNN\Creación_de_Dataset_híbrido\Face-Recognition Proyect\Dataset_aumentado\Leonardo DiCaprio\Leonardo_DiCaprio_65_proc_aug01.jpg,Leonardo DiCaprio,7,Directo
C:\Users\joeyk\OneDrive\Desktop\CNN\Creación_de_Dataset_híbrido\Face-Recognition Proyect\Dataset_aumentado\Joey\Joey_235_proc_aug03.jpg,Joey,4,Directo
C:\Users\joeyk\OneDrive\Desktop\CNN\Creación_de_Dataset_híbrido\Face-Recognition Proyect\Dataset_aumentado\Kevin\Kevin_102_proc_aug03.jpg,Kevin,6,Directo
C:\Users\joeyk\OneDrive\Desktop\CNN\Creación_de_Dataset_híbrido\Face-Recognition Proyect\Dataset_aumentado\Kevin\Kevin_132_proc_aug01.jpg,Kevin,6,Directo
C:\Users\joeyk\OneDrive\Desktop\CNN\Creación_de_Dataset_híbrido\Face-Recognition Proyect\Dataset_aumentado\Joey\Joey_40_proc_aug02.jpg,Joey,4,Directo
C:\Users\joeyk\OneDrive\Desktop\CNN\Creación_de_Dataset_híbrido\Face-Recognition Proyect\Dataset_aumentado\Johnny Depp\Johnny_Depp_27_proc.jpg,Johnny Depp,5,Directo
C:\Users\joeyk\OneDrive\Desktop\CNN\Creación_de_Dataset_híbrido\Face-Recognition Proyect\Dataset_aumentado\Joey\Joey_41_proc_aug03.jpg,Joey,4,Directo
C:\Users\joeyk\OneDrive\Desktop\CNN\Creación_de_Dataset_híbrido\Face-Recognition Proyect\Dataset_aumentado\Kevin\Kevin_169_proc_aug03.jpg,Kevin,6,Directo
C:\Users\joeyk\OneDrive\Desktop\CNN\Creación_de_Dataset_híbrido\Face-Recognition Proyect\Dataset_aumentado\Nicole Kidman\Nicole_Kidman_30_proc.jpg,Nicole Kidman,9,Directo
C:\Users\joeyk\OneDrive\Desktop\CNN\Creación_de_Dataset_híbrido\Face-Recognition Proyect\Dataset_aumentado\Joey\Joey_105_proc_aug02.jpg,Joey,4,Directo
C:\Users\joeyk\OneDrive\Desktop\CNN\Creación_de_Dataset_híbrido\Face-Recognition Proyect\Dataset_aumentado\Angelina Jolie\Angelina_Jolie_67_proc_aug03.jpg,Angelina Jolie,0,Directo
C:\Users\joeyk\OneDrive\Desktop\CNN\Creación_de_Dataset_híbrido\Face-Recognition Proyect\Dataset_aumentado\Kevin\Kevin_180_proc_aug02.jpg,Kevin,6,Directo
C:\Users\joeyk\OneDrive\Desktop\CNN\Creación_de_Dataset_híbrido\Face-Recognition Proyect\Dataset_aumentado\Joey\Joey_273_proc_aug03.jpg,Joey,4,Directo
C:\Users\joeyk\OneDrive\Desktop\CNN\Creación_de_Dataset_híbrido\Face-Recognition Proyect\Dataset_aumentado\Joey\Joey_242_proc_aug03.jpg,Joey,4,Directo
C:\Users\joeyk\OneDrive\Desktop\CNN\Creación_de_Dataset_híbrido\Face-Recognition Proyect\Dataset_aumentado\Israel\Israel_332_proc_aug03.jpg,Israel,2,Directo
C:\Users\joeyk\OneDrive\Desktop\CNN\Creación_de_Dataset_híbrido\Face-Recognition Proyect\Dataset_aumentado\Kevin\Kevin_181_proc.jpg,Kevin,6,Directo
C:\Users\joeyk\OneDrive\Desktop\CNN\Creación_de_Dataset_híbrido\Face-Recognition Proyect\Dataset_aumentado\Israel\Israel_301_proc_aug02.jpg,Israel,2,Directo
C:\Users\joeyk\OneDrive\Desktop\CNN\Creación_de_Dataset_híbrido\Face-Recognition Proyect\Dataset_aumentado\Brad Pitt\BradPitt_11_proc_aug02.jpg,Brad Pitt,1,Directo
C:\Users\joeyk\OneDrive\Desktop\CNN\Creación_de_Dataset_híbrido\Face-Recognition Proyect\Dataset_aumentado\Israel\Israel_312_proc_aug03.jpg,Israel,2,Directo
C:\Users\joeyk\OneDrive\Desktop\CNN\Creación_de_Dataset_híbrido\Face-Recognition Proyect\Dataset_aumentado\Johnny Depp\Johnny_Depp_30_proc_aug03.jpg,Johnny Depp,5,Directo
C:\Users\joeyk\OneDrive\Desktop\CNN\Creación_de_Dataset_híbrido\Face-Recognition Proyect\Dataset_aumentado\Nicole Kidman\Nicole_Kidman_100_proc_aug03.jpg,Nicole Kidman,9,Directo
C:\Users\joeyk\OneDrive\Desktop\CNN\Creación_de_Dataset_híbrido\Face-Recognition Proyect\Dataset_aumentado\Jennifer Lawrence\JenniferLawrence_47_proc_aug01.jpg,Jennifer Lawrence,3,Directo
C:\Users\joeyk\OneDrive\Desktop\CNN\Creación_de_Dataset_híbrido\Face-Recognition Proyect\Dataset_aumentado\Angelina Jolie\Angelina_Jolie_10_proc_aug02.jpg,Angelina Jolie,0,Directo
C:\Users\joeyk\OneDrive\Desktop\CNN\Creación_de_Dataset_híbrido\Face-Recognition Proyect\Dataset_aumentado\Angelina Jolie\Angelina_Jolie_52_proc_aug02.jpg,Angelina Jolie,0,Directo
C:\Users\joeyk\OneDrive\Desktop\CNN\Creación_de_Dataset_híbrido\Face-Recognition Proyect\Dataset_aumentado\Brad Pitt\BradPitt_78_proc.jpg,Brad Pitt,1,Directo
C:\Users\joeyk\OneDrive\Desktop\CNN\Creación_de_Dataset_híbrido\Face-Recognition Proyect\Dataset_aumentado\Angelina Jolie\Angelina_Jolie_99_proc_aug02.jpg,Angelina Jolie,0,Directo
C:\Users\joeyk\OneDrive\Desktop\CNN\Creación_de_Dataset_híbrido\Face-Recognition Proyect\Dataset_aumentado\Nicole Kidman\Nicole_Kidman_74_proc.jpg,Nicole Kidman,9,Directo
C:\Users\joeyk\OneDrive\Desktop\CNN\Creación_de_Dataset_híbrido\Face-Recognition Proyect\Dataset_aumentado\Angelina Jolie\Angelina_Jolie_54_proc.jpg,Angelina Jolie,0,Directo
C:\Users\joeyk\OneDrive\Desktop\CNN\Creación_de_Dataset_híbrido\Face-Recognition Proyect\Dataset_aumentado\Johnny Depp\Johnny_Depp_41_proc_aug02.jpg,Johnny Depp,5,Directo
C:\Users\joeyk\OneDrive\Desktop\CNN\Creación_de_Dataset_híbrido\Face-Recognition Proyect\Dataset_aumentado\Natalie Portman\Natalie_Portman_26_proc_aug03.jpg,Natalie Portman,8,Directo
C:\Users\joeyk\OneDrive\Desktop\CNN\Creación_de_Dataset_híbrido\Face-Recognition Proyect\Dataset_aumentado\Kevin\Kevin_114_proc.jpg,Kevin,6,Directo
C:\Users\joeyk\OneDrive\Desktop\CNN\Creación_de_Dataset_híbrido\Face-Recognition Proyect\Dataset_aumentado\Joey\Joey_33_proc.jpg,Joey,4,Directo
C:\Users\joeyk\OneDrive\Desktop\CNN\Creación_de_Dataset_híbrido\Face-Recognition Proyect\Dataset_aumentado\Nicole Kidman\Nicole_Kidman_6_proc.jpg,Nicole Kidman,9,Directo
C:\Users\joeyk\OneDrive\Desktop\CNN\Creación_de_Dataset_híbrido\Face-Recognition Proyect\Dataset_aumentado\Kevin\Kevin_154_proc_aug01.jpg,Kevin,6,Directo
C:\Users\joeyk\OneDrive\Desktop\CNN\Creación_de_Dataset_híbrido\Face-Recognition Proyect\Dataset_aumentado\Israel\Israel_106_proc_aug01.jpg,Israel,2,Directo
C:\Users\joeyk\OneDrive\Desktop\CNN\Creación_de_Dataset_híbrido\Face-Recognition Proyect\Dataset_aumentado\Israel\Israel_61_proc_aug02.jpg,Israel,2,Directo
C:\Users\joeyk\OneDrive\Desktop\CNN\Creación_de_Dataset_híbrido\Face-Recognition Proyect\Dataset_aumentado\Israel\Israel_340_proc_aug01.jpg,Israel,2,Directo
C:\Users\joeyk\OneDrive\Desktop\CNN\Creación_de_Dataset_híbrido\Face-Recognition Proyect\Dataset_aumentado\Joey\Joey_213_proc_aug03.jpg,Joey,4,Directo
C:\Users\joeyk\OneDrive\Desktop\CNN\Creación_de_Dataset_híbrido\Face-Recognition Proyect\Dataset_aumentado\Joey\Joey_137_proc_aug01.jpg,Joey,4,Directo
C:\Users\joeyk\OneDrive\Desktop\CNN\Creación_de_Dataset_híbrido\Face-Recognition Proyect\Dataset_aumentado\Johnny Depp\Johnny_Depp_44_proc.jpg,Johnny Depp,5,Directo
C:\Users\joeyk\OneDrive\Desktop\CNN\Creación_de_Dataset_híbrido\Face-Recognition Proyect\Dataset_aumentado\Joey\Joey_33_proc_aug01.jpg,Joey,4,Directo
C:\Users\joeyk\OneDrive\Desktop\CNN\Creación_de_Dataset_híbrido\Face-Recognition Proyect\Dataset_aumentado\Israel\Israel_165_proc_aug02.jpg,Israel,2,Directo
C:\Users\joeyk\OneDrive\Desktop\CNN\Creación_de_Dataset_híbrido\Face-Recognition Proyect\Dataset_aumentado\Leonardo DiCaprio\Leonardo_DiCaprio_59_proc_aug02.jpg,Leonardo DiCaprio,7,Directo
C:\Users\joeyk\OneDrive\Desktop\CNN\Creación_de_Dataset_híbrido\Face-Recognition Proyect\Dataset_aumentado\Johnny Depp\Johnny_Depp_94_proc_aug01.jpg,Johnny Depp,5,Directo
C:\Users\joeyk\OneDrive\Desktop\CNN\Creación_de_Dataset_híbrido\Face-Recognition Proyect\Dataset_aumentado\Joey\Joey_166_proc_aug03.jpg,Joey,4,Directo
C:\Users\joeyk\OneDrive\Desktop\CNN\Creación_de_Dataset_híbrido\Face-Recognition Proyect\Dataset_aumentado\Joey\Joey_269_proc_aug01.jpg,Joey,4,Directo
C:\Users\joeyk\OneDrive\Desktop\CNN\Creación_de_Dataset_híbrido\Face-Recognition Proyect\Dataset_aumentado\Israel\Israel_183_proc_aug02.jpg,Israel,2,Directo
C:\Users\joeyk\OneDrive\Desktop\CNN\Creación_de_Dataset_híbrido\Face-Recognition Proyect\Dataset_aumentado\Joey\Joey_200_proc_aug01.jpg,Joey,4,Directo
C:\Users\joeyk\OneDrive\Desktop\CNN\Creación_de_Dataset_híbrido\Face-Recognition Proyect\Dataset_aumentado\Kevin\Kevin_19_proc_aug02.jpg,Kevin,6,Directo
C:\Users\joeyk\OneDrive\Desktop\CNN\Creación_de_Dataset_híbrido\Face-Recognition Proyect\Dataset_aumentado\Israel\Israel_307_proc_aug02.jpg,Israel,2,Directo
C:\Users\joeyk\OneDrive\Desktop\CNN\Creación_de_Dataset_híbrido\Face-Recognition Proyect\Dataset_aumentado\Israel\Israel_156_proc_aug03.jpg,Israel,2,Directo
C:\Users\joeyk\OneDrive\Desktop\CNN\Creación_de_Dataset_híbrido\Face-Recognition Proyect\Dataset_aumentado\Israel\Israel_141_proc_aug03.jpg,Israel,2,Directo
C:\Users\joeyk\OneDrive\Desktop\CNN\Creación_de_Dataset_híbrido\Face-Recognition Proyect\Dataset_aumentado\Israel\Israel_335_proc.jpg,Israel,2,Directo
C:\Users\joeyk\OneDrive\Desktop\CNN\Creación_de_Dataset_híbrido\Face-Recognition Proyect\Dataset_aumentado\Nicole Kidman\Nicole_Kidman_13_proc_aug02.jpg,Nicole Kidman,9,Directo
C:\Users\joeyk\OneDrive\Desktop\CNN\Creación_de_Dataset_híbrido\Face-Recognition Proyect\Dataset_aumentado\Jennifer Lawrence\JenniferLawrence_5_proc_aug02.jpg,Jennifer Lawrence,3,Directo
C:\Users\joeyk\OneDrive\Desktop\CNN\Creación_de_Dataset_híbrido\Face-Recognition Proyect\Dataset_aumentado\Joey\Joey_54_proc.jpg,Joey,4,Directo
C:\Users\joeyk\OneDrive\Desktop\CNN\Creación_de_Dataset_híbrido\Face-Recognition Proyect\Dataset_aumentado\Joey\Joey_241_proc.jpg,Joey,4,Directo
C:\Users\joeyk\OneDrive\Desktop\CNN\Creación_de_Dataset_híbrido\Face-Recognition Proyect\Dataset_aumentado\Kevin\Kevin_131_proc_aug02.jpg,Kevin,6,Directo
C:\Users\joeyk\OneDrive\Desktop\CNN\Creación_de_Dataset_híbrido\Face-Recognition Proyect\Dataset_aumentado\Kevin\Kevin_102_proc_aug02.jpg,Kevin,6,Directo
C:\Users\joeyk\OneDrive\Desktop\CNN\Creación_de_Dataset_híbrido\Face-Recognition Proyect\Dataset_aumentado\Natalie Portman\Natalie_Portman_31_proc_aug03.jpg,Natalie Portman,8,Directo
C:\Users\joeyk\OneDrive\Desktop\CNN\Creación_de_Dataset_híbrido\Face-Recognition Proyect\Dataset_aumentado\Israel\Israel_280_proc_aug01.jpg,Israel,2,Directo
C:\Users\joeyk\OneDrive\Desktop\CNN\Creación_de_Dataset_híbrido\Face-Recognition Proyect\Dataset_aumentado\Israel\Israel_46_proc_aug02.jpg,Israel,2,Directo
C:\Users\joeyk\OneDrive\Desktop\CNN\Creación_de_Dataset_híbrido\Face-Recognition Proyect\Dataset_aumentado\Joey\Joey_163_proc.jpg,Joey,4,Directo
C:\Users\joeyk\OneDrive\Desktop\CNN\Creación_de_Dataset_híbrido\Face-Recognition Proyect\Dataset_aumentado\Angelina Jolie\Angelina_Jolie_16_proc_aug03.jpg,Angelina Jolie,0,Directo
C:\Users\joeyk\OneDrive\Desktop\CNN\Creación_de_Dataset_híbrido\Face-Recognition Proyect\Dataset_aumentado\Jennifer Lawrence\JenniferLawrence_9_proc_aug03.jpg,Jennifer Lawrence,3,Directo
C:\Users\joeyk\OneDrive\Desktop\CNN\Creación_de_Dataset_híbrido\Face-Recognition Proyect\Dataset_aumentado\Israel\Israel_149_proc_aug01.jpg,Israel,2,Directo
C:\Users\joeyk\OneDrive\Desktop\CNN\Creación_de_Dataset_híbrido\Face-Recognition Proyect\Dataset_aumentado\Jennifer Lawrence\JenniferLawrence_71_proc_aug02.jpg,Jennifer Lawrence,3,Directo
C:\Users\joeyk\OneDrive\Desktop\CNN\Creación_de_Dataset_híbrido\Face-Recognition Proyect\Dataset_aumentado\Kevin\Kevin_65_proc_aug03.jpg,Kevin,6,Directo
C:\Users\joeyk\OneDrive\Desktop\CNN\Creación_de_Dataset_híbrido\Face-Recognition Proyect\Dataset_aumentado\Israel\Israel_199_proc_aug03.jpg,Israel,2,Directo
C:\Users\joeyk\OneDrive\Desktop\CNN\Creación_de_Dataset_híbrido\Face-Recognition Proyect\Dataset_aumentado\Joey\Joey_32_proc_aug03.jpg,Joey,4,Directo
C:\Users\joeyk\OneDrive\Desktop\CNN\Creación_de_Dataset_híbrido\Face-Recognition Proyect\Dataset_aumentado\Brad Pitt\BradPitt_75_proc_aug03.jpg,Brad Pitt,1,Directo
C:\Users\joeyk\OneDrive\Desktop\CNN\Creación_de_Dataset_híbrido\Face-Recognition Proyect\Dataset_aumentado\Nicole Kidman\Nicole_Kidman_53_proc_aug02.jpg,Nicole Kidman,9,Directo
C:\Users\joeyk\OneDrive\Desktop\CNN\Creación_de_Dataset_híbrido\Face-Recognition Proyect\Dataset_aumentado\Joey\Joey_153_proc.jpg,Joey,4,Directo
C:\Users\joeyk\OneDrive\Desktop\CNN\Creación_de_Dataset_híbrido\Face-Recognition Proyect\Dataset_aumentado\Joey\Joey_110_proc.jpg,Joey,4,Directo
C:\Users\joeyk\OneDrive\Desktop\CNN\Creación_de_Dataset_híbrido\Face-Recognition Proyect\Dataset_aumentado\Israel\Israel_57_proc_aug01.jpg,Israel,2,Directo
C:\Users\joeyk\OneDrive\Desktop\CNN\Creación_de_Dataset_híbrido\Face-Recognition Proyect\Dataset_aumentado\Kevin\Kevin_114_proc_aug03.jpg,Kevin,6,Directo
C:\Users\joeyk\OneDrive\Desktop\CNN\Creación_de_Dataset_híbrido\Face-Recognition Proyect\Dataset_aumentado\Kevin\Kevin_163_proc.jpg,Kevin,6,Directo
C:\Users\joeyk\OneDrive\Desktop\CNN\Creación_de_Dataset_híbrido\Face-Recognition Proyect\Dataset_aumentado\Israel\Israel_36_proc_aug03.jpg,Israel,2,Directo
C:\Users\joeyk\OneDrive\Desktop\CNN\Creación_de_Dataset_híbrido\Face-Recognition Proyect\Dataset_aumentado\Nicole Kidman\Nicole_Kidman_69_proc.jpg,Nicole Kidman,9,Directo
C:\Users\joeyk\OneDrive\Desktop\CNN\Creación_de_Dataset_híbrido\Face-Recognition Proyect\Dataset_aumentado\Leonardo DiCaprio\Leonardo_DiCaprio_75_proc_aug02.jpg,Leonardo DiCaprio,7,Directo
C:\Users\joeyk\OneDrive\Desktop\CNN\Creación_de_Dataset_híbrido\Face-Recognition Proyect\Dataset_aumentado\Joey\Joey_244_proc_aug01.jpg,Joey,4,Directo
C:\Users\joeyk\OneDrive\Desktop\CNN\Creación_de_Dataset_híbrido\Face-Recognition Proyect\Dataset_aumentado\Jennifer Lawrence\JenniferLawrence_22_proc_aug03.jpg,Jennifer Lawrence,3,Directo
C:\Users\joeyk\OneDrive\Desktop\CNN\Creación_de_Dataset_híbrido\Face-Recognition Proyect\Dataset_aumentado\Israel\Israel_93_proc_aug03.jpg,Israel,2,Directo
C:\Users\joeyk\OneDrive\Desktop\CNN\Creación_de_Dataset_híbrido\Face-Recognition Proyect\Dataset_aumentado\Israel\Israel_244_proc_aug01.jpg,Israel,2,Directo
C:\Users\joeyk\OneDrive\Desktop\CNN\Creación_de_Dataset_híbrido\Face-Recognition Proyect\Dataset_aumentado\Joey\Joey_220_proc_aug01.jpg,Joey,4,Directo
C:\Users\joeyk\OneDrive\Desktop\CNN\Creación_de_Dataset_híbrido\Face-Recognition Proyect\Dataset_aumentado\Kevin\Kevin_115_proc_aug02.jpg,Kevin,6,Directo
C:\Users\joeyk\OneDrive\Desktop\CNN\Creación_de_Dataset_híbrido\Face-Recognition Proyect\Dataset_aumentado\Jennifer Lawrence\JenniferLawrence_40_proc.jpg,Jennifer Lawrence,3,Directo
C:\Users\joeyk\OneDrive\Desktop\CNN\Creación_de_Dataset_híbrido\Face-Recognition Proyect\Dataset_aumentado\Israel\Israel_276_proc_aug01.jpg,Israel,2,Directo
C:\Users\joeyk\OneDrive\Desktop\CNN\Creación_de_Dataset_híbrido\Face-Recognition Proyect\Dataset_aumentado\Joey\Joey_68_proc_aug03.jpg,Joey,4,Directo
C:\Users\joeyk\OneDrive\Desktop\CNN\Creación_de_Dataset_híbrido\Face-Recognition Proyect\Dataset_aumentado\Kevin\Kevin_115_proc_aug01.jpg,Kevin,6,Directo
C:\Users\joeyk\OneDrive\Desktop\CNN\Creación_de_Dataset_híbrido\Face-Recognition Proyect\Dataset_aumentado\Joey\Joey_135_proc_aug01.jpg,Joey,4,Directo
C:\Users\joeyk\OneDrive\Desktop\CNN\Creación_de_Dataset_híbrido\Face-Recognition Proyect\Dataset_aumentado\Nicole Kidman\Nicole_Kidman_5_proc_aug03.jpg,Nicole Kidman,9,Directo
C:\Users\joeyk\OneDrive\Desktop\CNN\Creación_de_Dataset_híbrido\Face-Recognition Proyect\Dataset_aumentado\Israel\Israel_197_proc_aug02.jpg,Israel,2,Directo
C:\Users\joeyk\OneDrive\Desktop\CNN\Creación_de_Dataset_híbrido\Face-Recognition Proyect\Dataset_aumentado\Nicole Kidman\Nicole_Kidman_30_proc_aug02.jpg,Nicole Kidman,9,Directo
C:\Users\joeyk\OneDrive\Desktop\CNN\Creación_de_Dataset_híbrido\Face-Recognition Proyect\Dataset_aumentado\Nicole Kidman\Nicole_Kidman_33_proc_aug01.jpg,Nicole Kidman,9,Directo
C:\Users\joeyk\OneDrive\Desktop\CNN\Creación_de_Dataset_híbrido\Face-Recognition Proyect\Dataset_aumentado\Israel\Israel_170_proc_aug01.jpg,Israel,2,Directo
C:\Users\joeyk\OneDrive\Desktop\CNN\Creación_de_Dataset_híbrido\Face-Recognition Proyect\Dataset_aumentado\Israel\Israel_239_proc_aug03.jpg,Israel,2,Directo
C:\Users\joeyk\OneDrive\Desktop\CNN\Creación_de_Dataset_híbrido\Face-Recognition Proyect\Dataset_aumentado\Israel\Israel_96_proc_aug03.jpg,Israel,2,Directo
C:\Users\joeyk\OneDrive\Desktop\CNN\Creación_de_Dataset_híbrido\Face-Recognition Proyect\Dataset_aumentado\Joey\Joey_135_proc_aug03.jpg,Joey,4,Directo
C:\Users\joeyk\OneDrive\Desktop\CNN\Creación_de_Dataset_híbrido\Face-Recognition Proyect\Dataset_aumentado\Israel\Israel_44_proc.jpg,Israel,2,Directo
C:\Users\joeyk\OneDrive\Desktop\CNN\Creación_de_Dataset_híbrido\Face-Recognition Proyect\Dataset_aumentado\Nicole Kidman\Nicole_Kidman_84_proc_aug02.jpg,Nicole Kidman,9,Directo
C:\Users\joeyk\OneDrive\Desktop\CNN\Creación_de_Dataset_híbrido\Face-Recognition Proyect\Dataset_aumentado\Johnny Depp\Johnny_Depp_93_proc_aug02.jpg,Johnny Depp,5,Directo
C:\Users\joeyk\OneDrive\Desktop\CNN\Creación_de_Dataset_híbrido\Face-Recognition Proyect\Dataset_aumentado\Joey\Joey_157_proc_aug02.jpg,Joey,4,Directo
C:\Users\joeyk\OneDrive\Desktop\CNN\Creación_de_Dataset_híbrido\Face-Recognition Proyect\Dataset_aumentado\Israel\Israel_248_proc_aug02.jpg,Israel,2,Directo
C:\Users\joeyk\OneDrive\Desktop\CNN\Creación_de_Dataset_híbrido\Face-Recognition Proyect\Dataset_aumentado\Leonardo DiCaprio\Leonardo_DiCaprio_78_proc.jpg,Leonardo DiCaprio,7,Directo
C:\Users\joeyk\OneDrive\Desktop\CNN\Creación_de_Dataset_híbrido\Face-Recognition Proyect\Dataset_aumentado\Angelina Jolie\Angelina_Jolie_45_proc_aug01.jpg,Angelina Jolie,0,Directo
C:\Users\joeyk\OneDrive\Desktop\CNN\Creación_de_Dataset_híbrido\Face-Recognition Proyect\Dataset_aumentado\Nicole Kidman\Nicole_Kidman_32_proc_aug03.jpg,Nicole Kidman,9,Directo
C:\Users\joeyk\OneDrive\Desktop\CNN\Creación_de_Dataset_híbrido\Face-Recognition Proyect\Dataset_aumentado\Joey\Joey_186_proc_aug01.jpg,Joey,4,Directo
C:\Users\joeyk\OneDrive\Desktop\CNN\Creación_de_Dataset_híbrido\Face-Recognition Proyect\Dataset_aumentado\Kevin\Kevin_200_proc_aug03.jpg,Kevin,6,Directo
C:\Users\joeyk\OneDrive\Desktop\CNN\Creación_de_Dataset_híbrido\Face-Recognition Proyect\Dataset_aumentado\Jennifer Lawrence\JenniferLawrence_15_proc.jpg,Jennifer Lawrence,3,Directo
C:\Users\joeyk\OneDrive\Desktop\CNN\Creación_de_Dataset_híbrido\Face-Recognition Proyect\Dataset_aumentado\Israel\Israel_45_proc_aug03.jpg,Israel,2,Directo
C:\Users\joeyk\OneDrive\Desktop\CNN\Creación_de_Dataset_híbrido\Face-Recognition Proyect\Dataset_aumentado\Angelina Jolie\Angelina_Jolie_44_proc_aug03.jpg,Angelina Jolie,0,Directo
C:\Users\joeyk\OneDrive\Desktop\CNN\Creación_de_Dataset_híbrido\Face-Recognition Proyect\Dataset_aumentado\Israel\Israel_122_proc.jpg,Israel,2,Directo
C:\Users\joeyk\OneDrive\Desktop\CNN\Creación_de_Dataset_híbrido\Face-Recognition Proyect\Dataset_aumentado\Joey\Joey_211_proc_aug01.jpg,Joey,4,Directo
C:\Users\joeyk\OneDrive\Desktop\CNN\Creación_de_Dataset_híbrido\Face-Recognition Proyect\Dataset_aumentado\Brad Pitt\BradPitt_35_proc_aug02.jpg,Brad Pitt,1,Directo
C:\Users\joeyk\OneDrive\Desktop\CNN\Creación_de_Dataset_híbrido\Face-Recognition Proyect\Dataset_aumentado\Nicole Kidman\Nicole_Kidman_93_proc.jpg,Nicole Kidman,9,Directo
C:\Users\joeyk\OneDrive\Desktop\CNN\Creación_de_Dataset_híbrido\Face-Recognition Proyect\Dataset_aumentado\Leonardo DiCaprio\Leonardo_DiCaprio_1_proc_aug02.jpg,Leonardo DiCaprio,7,Directo
C:\Users\joeyk\OneDrive\Desktop\CNN\Creación_de_Dataset_híbrido\Face-Recognition Proyect\Dataset_aumentado\Kevin\Kevin_96_proc_aug01.jpg,Kevin,6,Directo
C:\Users\joeyk\OneDrive\Desktop\CNN\Creación_de_Dataset_híbrido\Face-Recognition Proyect\Dataset_aumentado\Johnny Depp\Johnny_Depp_82_proc.jpg,Johnny Depp,5,Directo
C:\Users\joeyk\OneDrive\Desktop\CNN\Creación_de_Dataset_híbrido\Face-Recognition Proyect\Dataset_aumentado\Kevin\Kevin_51_proc_aug03.jpg,Kevin,6,Directo
C:\Users\joeyk\OneDrive\Desktop\CNN\Creación_de_Dataset_híbrido\Face-Recognition Proyect\Dataset_aumentado\Israel\Israel_37_proc.jpg,Israel,2,Directo
C:\Users\joeyk\OneDrive\Desktop\CNN\Creación_de_Dataset_híbrido\Face-Recognition Proyect\Dataset_aumentado\Israel\Israel_324_proc.jpg,Israel,2,Directo
C:\Users\joeyk\OneDrive\Desktop\CNN\Creación_de_Dataset_híbrido\Face-Recognition Proyect\Dataset_aumentado\Israel\Israel_101_proc_aug02.jpg,Israel,2,Directo
C:\Users\joeyk\OneDrive\Desktop\CNN\Creación_de_Dataset_híbrido\Face-Recognition Proyect\Dataset_aumentado\Jennifer Lawrence\JenniferLawrence_87_proc_aug02.jpg,Jennifer Lawrence,3,Directo
C:\Users\joeyk\OneDrive\Desktop\CNN\Creación_de_Dataset_híbrido\Face-Recognition Proyect\Dataset_aumentado\Kevin\Kevin_218_proc_aug01.jpg,Kevin,6,Directo
C:\Users\joeyk\OneDrive\Desktop\CNN\Creación_de_Dataset_híbrido\Face-Recognition Proyect\Dataset_aumentado\Joey\Joey_101_proc_aug02.jpg,Joey,4,Directo
C:\Users\joeyk\OneDrive\Desktop\CNN\Creación_de_Dataset_híbrido\Face-Recognition Proyect\Dataset_aumentado\Joey\Joey_175_proc_aug02.jpg,Joey,4,Directo
C:\Users\joeyk\OneDrive\Desktop\CNN\Creación_de_Dataset_híbrido\Face-Recognition Proyect\Dataset_aumentado\Kevin\Kevin_200_proc_aug01.jpg,Kevin,6,Directo
C:\Users\joeyk\OneDrive\Desktop\CNN\Creación_de_Dataset_híbrido\Face-Recognition Proyect\Dataset_aumentado\Jennifer Lawrence\JenniferLawrence_47_proc_aug02.jpg,Jennifer Lawrence,3,Directo
C:\Users\joeyk\OneDrive\Desktop\CNN\Creación_de_Dataset_híbrido\Face-Recognition Proyect\Dataset_aumentado\Joey\Joey_227_proc_aug03.jpg,Joey,4,Directo
C:\Users\joeyk\OneDrive\Desktop\CNN\Creación_de_Dataset_híbrido\Face-Recognition Proyect\Dataset_aumentado\Kevin\Kevin_42_proc_aug03.jpg,Kevin,6,Directo
C:\Users\joeyk\OneDrive\Desktop\CNN\Creación_de_Dataset_híbrido\Face-Recognition Proyect\Dataset_aumentado\Leonardo DiCaprio\Leonardo_DiCaprio_75_proc.jpg,Leonardo DiCaprio,7,Directo
C:\Users\joeyk\OneDrive\Desktop\CNN\Creación_de_Dataset_híbrido\Face-Recognition Proyect\Dataset_aumentado\Israel\Israel_240_proc_aug03.jpg,Israel,2,Directo
C:\Users\joeyk\OneDrive\Desktop\CNN\Creación_de_Dataset_híbrido\Face-Recognition Proyect\Dataset_aumentado\Israel\Israel_117_proc_aug03.jpg,Israel,2,Directo
C:\Users\joeyk\OneDrive\Desktop\CNN\Creación_de_Dataset_híbrido\Face-Recognition Proyect\Dataset_aumentado\Leonardo DiCaprio\Leonardo_DiCaprio_96_proc_aug02.jpg,Leonardo DiCaprio,7,Directo
C:\Users\joeyk\OneDrive\Desktop\CNN\Creación_de_Dataset_híbrido\Face-Recognition Proyect\Dataset_aumentado\Natalie Portman\Natalie_Portman_62_proc_aug02.jpg,Natalie Portman,8,Directo
C:\Users\joeyk\OneDrive\Desktop\CNN\Creación_de_Dataset_híbrido\Face-Recognition Proyect\Dataset_aumentado\Natalie Portman\Natalie_Portman_77_proc.jpg,Natalie Portman,8,Directo
C:\Users\joeyk\OneDrive\Desktop\CNN\Creación_de_Dataset_híbrido\Face-Recognition Proyect\Dataset_aumentado\Joey\Joey_193_proc_aug03.jpg,Joey,4,Directo
C:\Users\joeyk\OneDrive\Desktop\CNN\Creación_de_Dataset_híbrido\Face-Recognition Proyect\Dataset_aumentado\Israel\Israel_313_proc_aug01.jpg,Israel,2,Directo
C:\Users\joeyk\OneDrive\Desktop\CNN\Creación_de_Dataset_híbrido\Face-Recognition Proyect\Dataset_aumentado\Jennifer Lawrence\JenniferLawrence_41_proc_aug01.jpg,Jennifer Lawrence,3,Directo
C:\Users\joeyk\OneDrive\Desktop\CNN\Creación_de_Dataset_híbrido\Face-Recognition Proyect\Dataset_aumentado\Natalie Portman\Natalie_Portman_48_proc.jpg,Natalie Portman,8,Directo
C:\Users\joeyk\OneDrive\Desktop\CNN\Creación_de_Dataset_híbrido\Face-Recognition Proyect\Dataset_aumentado\Israel\Israel_184_proc_aug03.jpg,Israel,2,Directo
C:\Users\joeyk\OneDrive\Desktop\CNN\Creación_de_Dataset_híbrido\Face-Recognition Proyect\Dataset_aumentado\Jennifer Lawrence\JenniferLawrence_50_proc.jpg,Jennifer Lawrence,3,Directo
C:\Users\joeyk\OneDrive\Desktop\CNN\Creación_de_Dataset_híbrido\Face-Recognition Proyect\Dataset_aumentado\Jennifer Lawrence\JenniferLawrence_55_proc_aug01.jpg,Jennifer Lawrence,3,Directo
C:\Users\joeyk\OneDrive\Desktop\CNN\Creación_de_Dataset_híbrido\Face-Recognition Proyect\Dataset_aumentado\Natalie Portman\Natalie_Portman_86_proc_aug01.jpg,Natalie Portman,8,Directo
C:\Users\joeyk\OneDrive\Desktop\CNN\Creación_de_Dataset_híbrido\Face-Recognition Proyect\Dataset_aumentado\Joey\Joey_234_proc.jpg,Joey,4,Directo
C:\Users\joeyk\OneDrive\Desktop\CNN\Creación_de_Dataset_híbrido\Face-Recognition Proyect\Dataset_aumentado\Jennifer Lawrence\JenniferLawrence_59_proc_aug01.jpg,Jennifer Lawrence,3,Directo
C:\Users\joeyk\OneDrive\Desktop\CNN\Creación_de_Dataset_híbrido\Face-Recognition Proyect\Dataset_aumentado\Leonardo DiCaprio\Leonardo_DiCaprio_30_proc.jpg,Leonardo DiCaprio,7,Directo
C:\Users\joeyk\OneDrive\Desktop\CNN\Creación_de_Dataset_híbrido\Face-Recognition Proyect\Dataset_aumentado\Nicole Kidman\Nicole_Kidman_84_proc.jpg,Nicole Kidman,9,Directo
C:\Users\joeyk\OneDrive\Desktop\CNN\Creación_de_Dataset_híbrido\Face-Recognition Proyect\Dataset_aumentado\Israel\Israel_306_proc_aug02.jpg,Israel,2,Directo
C:\Users\joeyk\OneDrive\Desktop\CNN\Creación_de_Dataset_híbrido\Face-Recognition Proyect\Dataset_aumentado\Angelina Jolie\Angelina_Jolie_84_proc.jpg,Angelina Jolie,0,Directo
C:\Users\joeyk\OneDrive\Desktop\CNN\Creación_de_Dataset_híbrido\Face-Recognition Proyect\Dataset_aumentado\Joey\Joey_43_proc_aug02.jpg,Joey,4,Directo
C:\Users\joeyk\OneDrive\Desktop\CNN\Creación_de_Dataset_híbrido\Face-Recognition Proyect\Dataset_aumentado\Joey\Joey_46_proc.jpg,Joey,4,Directo
C:\Users\joeyk\OneDrive\Desktop\CNN\Creación_de_Dataset_híbrido\Face-Recognition Proyect\Dataset_aumentado\Joey\Joey_271_proc_aug01.jpg,Joey,4,Directo
C:\Users\joeyk\OneDrive\Desktop\CNN\Creación_de_Dataset_híbrido\Face-Recognition Proyect\Dataset_aumentado\Nicole Kidman\Nicole_Kidman_54_proc.jpg,Nicole Kidman,9,Directo
C:\Users\joeyk\OneDrive\Desktop\CNN\Creación_de_Dataset_híbrido\Face-Recognition Proyect\Dataset_aumentado\Nicole Kidman\Nicole_Kidman_87_proc.jpg,Nicole Kidman,9,Directo
C:\Users\joeyk\OneDrive\Desktop\CNN\Creación_de_Dataset_híbrido\Face-Recognition Proyect\Dataset_aumentado\Nicole Kidman\Nicole_Kidman_15_proc_aug03.jpg,Nicole Kidman,9,Directo
C:\Users\joeyk\OneDrive\Desktop\CNN\Creación_de_Dataset_híbrido\Face-Recognition Proyect\Dataset_aumentado\Joey\Joey_146_proc_aug03.jpg,Joey,4,Directo
C:\Users\joeyk\OneDrive\Desktop\CNN\Creación_de_Dataset_híbrido\Face-Recognition Proyect\Dataset_aumentado\Joey\Joey_175_proc.jpg,Joey,4,Directo
C:\Users\joeyk\OneDrive\Desktop\CNN\Creación_de_Dataset_híbrido\Face-Recognition Proyect\Dataset_aumentado\Angelina Jolie\Angelina_Jolie_93_proc_aug01.jpg,Angelina Jolie,0,Directo
C:\Users\joeyk\OneDrive\Desktop\CNN\Creación_de_Dataset_híbrido\Face-Recognition Proyect\Dataset_aumentado\Israel\Israel_6_proc_aug03.jpg,Israel,2,Directo
C:\Users\joeyk\OneDrive\Desktop\CNN\Creación_de_Dataset_híbrido\Face-Recognition Proyect\Dataset_aumentado\Israel\Israel_117_proc_aug02.jpg,Israel,2,Directo
C:\Users\joeyk\OneDrive\Desktop\CNN\Creación_de_Dataset_híbrido\Face-Recognition Proyect\Dataset_aumentado\Jennifer Lawrence\JenniferLawrence_9_proc_aug01.jpg,Jennifer Lawrence,3,Directo
C:\Users\joeyk\OneDrive\Desktop\CNN\Creación_de_Dataset_híbrido\Face-Recognition Proyect\Dataset_aumentado\Israel\Israel_46_proc_aug01.jpg,Israel,2,Directo
C:\Users\joeyk\OneDrive\Desktop\CNN\Creación_de_Dataset_híbrido\Face-Recognition Proyect\Dataset_aumentado\Joey\Joey_49_proc_aug03.jpg,Joey,4,Directo
C:\Users\joeyk\OneDrive\Desktop\CNN\Creación_de_Dataset_híbrido\Face-Recognition Proyect\Dataset_aumentado\Kevin\Kevin_44_proc.jpg,Kevin,6,Directo
C:\Users\joeyk\OneDrive\Desktop\CNN\Creación_de_Dataset_híbrido\Face-Recognition Proyect\Dataset_aumentado\Israel\Israel_163_proc_aug02.jpg,Israel,2,Directo
C:\Users\joeyk\OneDrive\Desktop\CNN\Creación_de_Dataset_híbrido\Face-Recognition Proyect\Dataset_aumentado\Kevin\Kevin_35_proc.jpg,Kevin,6,Directo
C:\Users\joeyk\OneDrive\Desktop\CNN\Creación_de_Dataset_híbrido\Face-Recognition Proyect\Dataset_aumentado\Israel\Israel_230_proc_aug02.jpg,Israel,2,Directo
C:\Users\joeyk\OneDrive\Desktop\CNN\Creación_de_Dataset_híbrido\Face-Recognition Proyect\Dataset_aumentado\Israel\Israel_292_proc_aug01.jpg,Israel,2,Directo
C:\Users\joeyk\OneDrive\Desktop\CNN\Creación_de_Dataset_híbrido\Face-Recognition Proyect\Dataset_aumentado\Kevin\Kevin_76_proc_aug03.jpg,Kevin,6,Directo
C:\Users\joeyk\OneDrive\Desktop\CNN\Creación_de_Dataset_híbrido\Face-Recognition Proyect\Dataset_aumentado\Joey\Joey_125_proc_aug01.jpg,Joey,4,Directo
C:\Users\joeyk\OneDrive\Desktop\CNN\Creación_de_Dataset_híbrido\Face-Recognition Proyect\Dataset_aumentado\Kevin\Kevin_59_proc_aug02.jpg,Kevin,6,Directo
C:\Users\joeyk\OneDrive\Desktop\CNN\Creación_de_Dataset_híbrido\Face-Recognition Proyect\Dataset_aumentado\Israel\Israel_253_proc_aug02.jpg,Israel,2,Directo
C:\Users\joeyk\OneDrive\Desktop\CNN\Creación_de_Dataset_híbrido\Face-Recognition Proyect\Dataset_aumentado\Joey\Joey_218_proc_aug03.jpg,Joey,4,Directo
C:\Users\joeyk\OneDrive\Desktop\CNN\Creación_de_Dataset_híbrido\Face-Recognition Proyect\Dataset_aumentado\Kevin\Kevin_40_proc_aug01.jpg,Kevin,6,Directo
C:\Users\joeyk\OneDrive\Desktop\CNN\Creación_de_Dataset_híbrido\Face-Recognition Proyect\Dataset_aumentado\Israel\Israel_51_proc.jpg,Israel,2,Directo
C:\Users\joeyk\OneDrive\Desktop\CNN\Creación_de_Dataset_híbrido\Face-Recognition Proyect\Dataset_aumentado\Joey\Joey_161_proc_aug03.jpg,Joey,4,Directo
C:\Users\joeyk\OneDrive\Desktop\CNN\Creación_de_Dataset_híbrido\Face-Recognition Proyect\Dataset_aumentado\Israel\Israel_188_proc_aug01.jpg,Israel,2,Directo
C:\Users\joeyk\OneDrive\Desktop\CNN\Creación_de_Dataset_híbrido\Face-Recognition Proyect\Dataset_aumentado\Angelina Jolie\Angelina_Jolie_14_proc_aug03.jpg,Angelina Jolie,0,Directo
C:\Users\joeyk\OneDrive\Desktop\CNN\Creación_de_Dataset_híbrido\Face-Recognition Proyect\Dataset_aumentado\Israel\Israel_44_proc_aug01.jpg,Israel,2,Directo
C:\Users\joeyk\OneDrive\Desktop\CNN\Creación_de_Dataset_híbrido\Face-Recognition Proyect\Dataset_aumentado\Nicole Kidman\Nicole_Kidman_23_proc.jpg,Nicole Kidman,9,Directo
C:\Users\joeyk\OneDrive\Desktop\CNN\Creación_de_Dataset_híbrido\Face-Recognition Proyect\Dataset_aumentado\Israel\Israel_77_proc_aug03.jpg,Israel,2,Directo
C:\Users\joeyk\OneDrive\Desktop\CNN\Creación_de_Dataset_híbrido\Face-Recognition Proyect\Dataset_aumentado\Joey\Joey_59_proc_aug01.jpg,Joey,4,Directo
C:\Users\joeyk\OneDrive\Desktop\CNN\Creación_de_Dataset_híbrido\Face-Recognition Proyect\Dataset_aumentado\Jennifer Lawrence\JenniferLawrence_91_proc_aug03.jpg,Jennifer Lawrence,3,Directo
C:\Users\joeyk\OneDrive\Desktop\CNN\Creación_de_Dataset_híbrido\Face-Recognition Proyect\Dataset_aumentado\Natalie Portman\Natalie_Portman_74_proc_aug03.jpg,Natalie Portman,8,Directo
C:\Users\joeyk\OneDrive\Desktop\CNN\Creación_de_Dataset_híbrido\Face-Recognition Proyect\Dataset_aumentado\Israel\Israel_252_proc_aug02.jpg,Israel,2,Directo
C:\Users\joeyk\OneDrive\Desktop\CNN\Creación_de_Dataset_híbrido\Face-Recognition Proyect\Dataset_aumentado\Kevin\Kevin_92_proc_aug01.jpg,Kevin,6,Directo
C:\Users\joeyk\OneDrive\Desktop\CNN\Creación_de_Dataset_híbrido\Face-Recognition Proyect\Dataset_aumentado\Kevin\Kevin_171_proc.jpg,Kevin,6,Directo
C:\Users\joeyk\OneDrive\Desktop\CNN\Creación_de_Dataset_híbrido\Face-Recognition Proyect\Dataset_aumentado\Johnny Depp\Johnny_Depp_51_proc.jpg,Johnny Depp,5,Directo
C:\Users\joeyk\OneDrive\Desktop\CNN\Creación_de_Dataset_híbrido\Face-Recognition Proyect\Dataset_aumentado\Nicole Kidman\Nicole_Kidman_79_proc_aug03.jpg,Nicole Kidman,9,Directo
C:\Users\joeyk\OneDrive\Desktop\CNN\Creación_de_Dataset_híbrido\Face-Recognition Proyect\Dataset_aumentado\Joey\Joey_196_proc.jpg,Joey,4,Directo
C:\Users\joeyk\OneDrive\Desktop\CNN\Creación_de_Dataset_híbrido\Face-Recognition Proyect\Dataset_aumentado\Angelina Jolie\Angelina_Jolie_99_proc_aug01.jpg,Angelina Jolie,0,Directo
C:\Users\joeyk\OneDrive\Desktop\CNN\Creación_de_Dataset_híbrido\Face-Recognition Proyect\Dataset_aumentado\Joey\Joey_236_proc.jpg,Joey,4,Directo
C:\Users\joeyk\OneDrive\Desktop\CNN\Creación_de_Dataset_híbrido\Face-Recognition Proyect\Dataset_aumentado\Brad Pitt\BradPitt_6_proc_aug01.jpg,Brad Pitt,1,Directo
C:\Users\joeyk\OneDrive\Desktop\CNN\Creación_de_Dataset_híbrido\Face-Recognition Proyect\Dataset_aumentado\Leonardo DiCaprio\Leonardo_DiCaprio_28_proc_aug02.jpg,Leonardo DiCaprio,7,Directo
C:\Users\joeyk\OneDrive\Desktop\CNN\Creación_de_Dataset_híbrido\Face-Recognition Proyect\Dataset_aumentado\Israel\Israel_177_proc.jpg,Israel,2,Directo
C:\Users\joeyk\OneDrive\Desktop\CNN\Creación_de_Dataset_híbrido\Face-Recognition Proyect\Dataset_aumentado\Natalie Portman\Natalie_Portman_60_proc_aug01.jpg,Natalie Portman,8,Directo
C:\Users\joeyk\OneDrive\Desktop\CNN\Creación_de_Dataset_híbrido\Face-Recognition Proyect\Dataset_aumentado\Angelina Jolie\Angelina_Jolie_55_proc.jpg,Angelina Jolie,0,Directo
C:\Users\joeyk\OneDrive\Desktop\CNN\Creación_de_Dataset_híbrido\Face-Recognition Proyect\Dataset_aumentado\Leonardo DiCaprio\Leonardo_DiCaprio_83_proc_aug03.jpg,Leonardo DiCaprio,7,Directo
C:\Users\joeyk\OneDrive\Desktop\CNN\Creación_de_Dataset_híbrido\Face-Recognition Proyect\Dataset_aumentado\Jennifer Lawrence\JenniferLawrence_73_proc_aug01.jpg,Jennifer Lawrence,3,Directo
C:\Users\joeyk\OneDrive\Desktop\CNN\Creación_de_Dataset_híbrido\Face-Recognition Proyect\Dataset_aumentado\Johnny Depp\Johnny_Depp_97_proc.jpg,Johnny Depp,5,Directo
C:\Users\joeyk\OneDrive\Desktop\CNN\Creación_de_Dataset_híbrido\Face-Recognition Proyect\Dataset_aumentado\Angelina Jolie\Angelina_Jolie_50_proc_aug03.jpg,Angelina Jolie,0,Directo
C:\Users\joeyk\OneDrive\Desktop\CNN\Creación_de_Dataset_híbrido\Face-Recognition Proyect\Dataset_aumentado\Brad Pitt\BradPitt_99_proc_aug02.jpg,Brad Pitt,1,Directo
C:\Users\joeyk\OneDrive\Desktop\CNN\Creación_de_Dataset_híbrido\Face-Recognition Proyect\Dataset_aumentado\Israel\Israel_11_proc.jpg,Israel,2,Directo
C:\Users\joeyk\OneDrive\Desktop\CNN\Creación_de_Dataset_híbrido\Face-Recognition Proyect\Dataset_aumentado\Israel\Israel_124_proc_aug01.jpg,Israel,2,Directo
C:\Users\joeyk\OneDrive\Desktop\CNN\Creación_de_Dataset_híbrido\Face-Recognition Proyect\Dataset_aumentado\Israel\Israel_172_proc_aug03.jpg,Israel,2,Directo
C:\Users\joeyk\OneDrive\Desktop\CNN\Creación_de_Dataset_híbrido\Face-Recognition Proyect\Dataset_aumentado\Leonardo DiCaprio\Leonardo_DiCaprio_96_proc_aug01.jpg,Leonardo DiCaprio,7,Directo
C:\Users\joeyk\OneDrive\Desktop\CNN\Creación_de_Dataset_híbrido\Face-Recognition Proyect\Dataset_aumentado\Joey\Joey_213_proc_aug02.jpg,Joey,4,Directo
C:\Users\joeyk\OneDrive\Desktop\CNN\Creación_de_Dataset_híbrido\Face-Recognition Proyect\Dataset_aumentado\Kevin\Kevin_15_proc_aug02.jpg,Kevin,6,Directo
C:\Users\joeyk\OneDrive\Desktop\CNN\Creación_de_Dataset_híbrido\Face-Recognition Proyect\Dataset_aumentado\Israel\Israel_307_proc.jpg,Israel,2,Directo
C:\Users\joeyk\OneDrive\Desktop\CNN\Creación_de_Dataset_híbrido\Face-Recognition Proyect\Dataset_aumentado\Jennifer Lawrence\JenniferLawrence_63_proc_aug01.jpg,Jennifer Lawrence,3,Directo
C:\Users\joeyk\OneDrive\Desktop\CNN\Creación_de_Dataset_híbrido\Face-Recognition Proyect\Dataset_aumentado\Joey\Joey_235_proc_aug02.jpg,Joey,4,Directo
C:\Users\joeyk\OneDrive\Desktop\CNN\Creación_de_Dataset_híbrido\Face-Recognition Proyect\Dataset_aumentado\Jennifer Lawrence\JenniferLawrence_33_proc_aug01.jpg,Jennifer Lawrence,3,Directo
C:\Users\joeyk\OneDrive\Desktop\CNN\Creación_de_Dataset_híbrido\Face-Recognition Proyect\Dataset_aumentado\Joey\Joey_283_proc_aug02.jpg,Joey,4,Directo
C:\Users\joeyk\OneDrive\Desktop\CNN\Creación_de_Dataset_híbrido\Face-Recognition Proyect\Dataset_aumentado\Johnny Depp\Johnny_Depp_73_proc_aug02.jpg,Johnny Depp,5,Directo
C:\Users\joeyk\OneDrive\Desktop\CNN\Creación_de_Dataset_híbrido\Face-Recognition Proyect\Dataset_aumentado\Joey\Joey_145_proc.jpg,Joey,4,Directo
C:\Users\joeyk\OneDrive\Desktop\CNN\Creación_de_Dataset_híbrido\Face-Recognition Proyect\Dataset_aumentado\Kevin\Kevin_79_proc_aug03.jpg,Kevin,6,Directo
C:\Users\joeyk\OneDrive\Desktop\CNN\Creación_de_Dataset_híbrido\Face-Recognition Proyect\Dataset_aumentado\Angelina Jolie\Angelina_Jolie_39_proc_aug01.jpg,Angelina Jolie,0,Directo
C:\Users\joeyk\OneDrive\Desktop\CNN\Creación_de_Dataset_híbrido\Face-Recognition Proyect\Dataset_aumentado\Angelina Jolie\Angelina_Jolie_18_proc_aug02.jpg,Angelina Jolie,0,Directo
C:\Users\joeyk\OneDrive\Desktop\CNN\Creación_de_Dataset_híbrido\Face-Recognition Proyect\Dataset_aumentado\Israel\Israel_237_proc.jpg,Israel,2,Directo
C:\Users\joeyk\OneDrive\Desktop\CNN\Creación_de_Dataset_híbrido\Face-Recognition Proyect\Dataset_aumentado\Brad Pitt\BradPitt_2_proc_aug01.jpg,Brad Pitt,1,Directo
C:\Users\joeyk\OneDrive\Desktop\CNN\Creación_de_Dataset_híbrido\Face-Recognition Proyect\Dataset_aumentado\Joey\Joey_3_proc_aug02.jpg,Joey,4,Directo
C:\Users\joeyk\OneDrive\Desktop\CNN\Creación_de_Dataset_híbrido\Face-Recognition Proyect\Dataset_aumentado\Kevin\Kevin_199_proc.jpg,Kevin,6,Directo
C:\Users\joeyk\OneDrive\Desktop\CNN\Creación_de_Dataset_híbrido\Face-Recognition Proyect\Dataset_aumentado\Joey\Joey_193_proc.jpg,Joey,4,Directo
C:\Users\joeyk\OneDrive\Desktop\CNN\Creación_de_Dataset_híbrido\Face-Recognition Proyect\Dataset_aumentado\Israel\Israel_241_proc_aug03.jpg,Israel,2,Directo
C:\Users\joeyk\OneDrive\Desktop\CNN\Creación_de_Dataset_híbrido\Face-Recognition Proyect\Dataset_aumentado\Brad Pitt\BradPitt_38_proc_aug01.jpg,Brad Pitt,1,Directo
C:\Users\joeyk\OneDrive\Desktop\CNN\Creación_de_Dataset_híbrido\Face-Recognition Proyect\Dataset_aumentado\Israel\Israel_226_proc.jpg,Israel,2,Directo
C:\Users\joeyk\OneDrive\Desktop\CNN\Creación_de_Dataset_híbrido\Face-Recognition Proyect\Dataset_aumentado\Johnny Depp\Johnny_Depp_98_proc.jpg,Johnny Depp,5,Directo
C:\Users\joeyk\OneDrive\Desktop\CNN\Creación_de_Dataset_híbrido\Face-Recognition Proyect\Dataset_aumentado\Israel\Israel_81_proc.jpg,Israel,2,Directo
C:\Users\joeyk\OneDrive\Desktop\CNN\Creación_de_Dataset_híbrido\Face-Recognition Proyect\Dataset_aumentado\Joey\Joey_276_proc.jpg,Joey,4,Directo
C:\Users\joeyk\OneDrive\Desktop\CNN\Creación_de_Dataset_híbrido\Face-Recognition Proyect\Dataset_aumentado\Johnny Depp\Johnny_Depp_12_proc_aug02.jpg,Johnny Depp,5,Directo
C:\Users\joeyk\OneDrive\Desktop\CNN\Creación_de_Dataset_híbrido\Face-Recognition Proyect\Dataset_aumentado\Johnny Depp\Johnny_Depp_54_proc.jpg,Johnny Depp,5,Directo
C:\Users\joeyk\OneDrive\Desktop\CNN\Creación_de_Dataset_híbrido\Face-Recognition Proyect\Dataset_aumentado\Brad Pitt\BradPitt_23_proc.jpg,Brad Pitt,1,Directo
C:\Users\joeyk\OneDrive\Desktop\CNN\Creación_de_Dataset_híbrido\Face-Recognition Proyect\Dataset_aumentado\Jennifer Lawrence\JenniferLawrence_6_proc_aug02.jpg,Jennifer Lawrence,3,Directo
C:\Users\joeyk\OneDrive\Desktop\CNN\Creación_de_Dataset_híbrido\Face-Recognition Proyect\Dataset_aumentado\Jennifer Lawrence\JenniferLawrence_15_proc_aug02.jpg,Jennifer Lawrence,3,Directo
C:\Users\joeyk\OneDrive\Desktop\CNN\Creación_de_Dataset_híbrido\Face-Recognition Proyect\Dataset_aumentado\Natalie Portman\Natalie_Portman_96_proc.jpg,Natalie Portman,8,Directo
C:\Users\joeyk\OneDrive\Desktop\CNN\Creación_de_Dataset_híbrido\Face-Recognition Proyect\Dataset_aumentado\Jennifer Lawrence\JenniferLawrence_7_proc_aug02.jpg,Jennifer Lawrence,3,Directo
C:\Users\joeyk\OneDrive\Desktop\CNN\Creación_de_Dataset_híbrido\Face-Recognition Proyect\Dataset_aumentado\Jennifer Lawrence\JenniferLawrence_96_proc_aug01.jpg,Jennifer Lawrence,3,Directo
C:\Users\joeyk\OneDrive\Desktop\CNN\Creación_de_Dataset_híbrido\Face-Recognition Proyect\Dataset_aumentado\Jennifer Lawrence\JenniferLawrence_24_proc_aug01.jpg,Jennifer Lawrence,3,Directo
C:\Users\joeyk\OneDrive\Desktop\CNN\Creación_de_Dataset_híbrido\Face-Recognition Proyect\Dataset_aumentado\Kevin\Kevin_161_proc.jpg,Kevin,6,Directo
C:\Users\joeyk\OneDrive\Desktop\CNN\Creación_de_Dataset_híbrido\Face-Recognition Proyect\Dataset_aumentado\Leonardo DiCaprio\Leonardo_DiCaprio_27_proc_aug02.jpg,Leonardo DiCaprio,7,Directo
C:\Users\joeyk\OneDrive\Desktop\CNN\Creación_de_Dataset_híbrido\Face-Recognition Proyect\Dataset_aumentado\Israel\Israel_133_proc_aug02.jpg,Israel,2,Directo
C:\Users\joeyk\OneDrive\Desktop\CNN\Creación_de_Dataset_híbrido\Face-Recognition Proyect\Dataset_aumentado\Israel\Israel_247_proc_aug01.jpg,Israel,2,Directo
C:\Users\joeyk\OneDrive\Desktop\CNN\Creación_de_Dataset_híbrido\Face-Recognition Proyect\Dataset_aumentado\Nicole Kidman\Nicole_Kidman_54_proc_aug03.jpg,Nicole Kidman,9,Directo
C:\Users\joeyk\OneDrive\Desktop\CNN\Creación_de_Dataset_híbrido\Face-Recognition Proyect\Dataset_aumentado\Natalie Portman\Natalie_Portman_43_proc_aug02.jpg,Natalie Portman,8,Directo
C:\Users\joeyk\OneDrive\Desktop\CNN\Creación_de_Dataset_híbrido\Face-Recognition Proyect\Dataset_aumentado\Kevin\Kevin_18_proc_aug02.jpg,Kevin,6,Directo
C:\Users\joeyk\OneDrive\Desktop\CNN\Creación_de_Dataset_híbrido\Face-Recognition Proyect\Dataset_aumentado\Joey\Joey_187_proc_aug01.jpg,Joey,4,Directo
C:\Users\joeyk\OneDrive\Desktop\CNN\Creación_de_Dataset_híbrido\Face-Recognition Proyect\Dataset_aumentado\Brad Pitt\BradPitt_32_proc_aug02.jpg,Brad Pitt,1,Directo
C:\Users\joeyk\OneDrive\Desktop\CNN\Creación_de_Dataset_híbrido\Face-Recognition Proyect\Dataset_aumentado\Angelina Jolie\Angelina_Jolie_67_proc_aug02.jpg,Angelina Jolie,0,Directo
C:\Users\joeyk\OneDrive\Desktop\CNN\Creación_de_Dataset_híbrido\Face-Recognition Proyect\Dataset_aumentado\Joey\Joey_121_proc.jpg,Joey,4,Directo
C:\Users\joeyk\OneDrive\Desktop\CNN\Creación_de_Dataset_híbrido\Face-Recognition Proyect\Dataset_aumentado\Angelina Jolie\Angelina_Jolie_4_proc_aug01.jpg,Angelina Jolie,0,Directo
C:\Users\joeyk\OneDrive\Desktop\CNN\Creación_de_Dataset_híbrido\Face-Recognition Proyect\Dataset_aumentado\Leonardo DiCaprio\Leonardo_DiCaprio_13_proc_aug02.jpg,Leonardo DiCaprio,7,Directo
C:\Users\joeyk\OneDrive\Desktop\CNN\Creación_de_Dataset_híbrido\Face-Recognition Proyect\Dataset_aumentado\Leonardo DiCaprio\Leonardo_DiCaprio_12_proc.jpg,Leonardo DiCaprio,7,Directo
C:\Users\joeyk\OneDrive\Desktop\CNN\Creación_de_Dataset_híbrido\Face-Recognition Proyect\Dataset_aumentado\Jennifer Lawrence\JenniferLawrence_27_proc_aug03.jpg,Jennifer Lawrence,3,Directo
C:\Users\joeyk\OneDrive\Desktop\CNN\Creación_de_Dataset_híbrido\Face-Recognition Proyect\Dataset_aumentado\Kevin\Kevin_69_proc_aug01.jpg,Kevin,6,Directo
C:\Users\joeyk\OneDrive\Desktop\CNN\Creación_de_Dataset_híbrido\Face-Recognition Proyect\Dataset_aumentado\Brad Pitt\BradPitt_21_proc_aug03.jpg,Brad Pitt,1,Directo
C:\Users\joeyk\OneDrive\Desktop\CNN\Creación_de_Dataset_híbrido\Face-Recognition Proyect\Dataset_aumentado\Joey\Joey_52_proc.jpg,Joey,4,Directo
C:\Users\joeyk\OneDrive\Desktop\CNN\Creación_de_Dataset_híbrido\Face-Recognition Proyect\Dataset_aumentado\Israel\Israel_332_proc.jpg,Israel,2,Directo
C:\Users\joeyk\OneDrive\Desktop\CNN\Creación_de_Dataset_híbrido\Face-Recognition Proyect\Dataset_aumentado\Angelina Jolie\Angelina_Jolie_18_proc.jpg,Angelina Jolie,0,Directo
C:\Users\joeyk\OneDrive\Desktop\CNN\Creación_de_Dataset_híbrido\Face-Recognition Proyect\Dataset_aumentado\Israel\Israel_334_proc_aug02.jpg,Israel,2,Directo
C:\Users\joeyk\OneDrive\Desktop\CNN\Creación_de_Dataset_híbrido\Face-Recognition Proyect\Dataset_aumentado\Jennifer Lawrence\JenniferLawrence_88_proc_aug01.jpg,Jennifer Lawrence,3,Directo
C:\Users\joeyk\OneDrive\Desktop\CNN\Creación_de_Dataset_híbrido\Face-Recognition Proyect\Dataset_aumentado\Angelina Jolie\Angelina_Jolie_51_proc_aug01.jpg,Angelina Jolie,0,Directo
C:\Users\joeyk\OneDrive\Desktop\CNN\Creación_de_Dataset_híbrido\Face-Recognition Proyect\Dataset_aumentado\Kevin\Kevin_14_proc_aug02.jpg,Kevin,6,Directo
C:\Users\joeyk\OneDrive\Desktop\CNN\Creación_de_Dataset_híbrido\Face-Recognition Proyect\Dataset_aumentado\Israel\Israel_322_proc_aug02.jpg,Israel,2,Directo
C:\Users\joeyk\OneDrive\Desktop\CNN\Creación_de_Dataset_híbrido\Face-Recognition Proyect\Dataset_aumentado\Johnny Depp\Johnny_Depp_51_proc_aug03.jpg,Johnny Depp,5,Directo
C:\Users\joeyk\OneDrive\Desktop\CNN\Creación_de_Dataset_híbrido\Face-Recognition Proyect\Dataset_aumentado\Joey\Joey_185_proc_aug01.jpg,Joey,4,Directo
C:\Users\joeyk\OneDrive\Desktop\CNN\Creación_de_Dataset_híbrido\Face-Recognition Proyect\Dataset_aumentado\Joey\Joey_231_proc.jpg,Joey,4,Directo
C:\Users\joeyk\OneDrive\Desktop\CNN\Creación_de_Dataset_híbrido\Face-Recognition Proyect\Dataset_aumentado\Angelina Jolie\Angelina_Jolie_29_proc.jpg,Angelina Jolie,0,Directo
C:\Users\joeyk\OneDrive\Desktop\CNN\Creación_de_Dataset_híbrido\Face-Recognition Proyect\Dataset_aumentado\Joey\Joey_221_proc_aug01.jpg,Joey,4,Directo
C:\Users\joeyk\OneDrive\Desktop\CNN\Creación_de_Dataset_híbrido\Face-Recognition Proyect\Dataset_aumentado\Natalie Portman\Natalie_Portman_50_proc_aug03.jpg,Natalie Portman,8,Directo
C:\Users\joeyk\OneDrive\Desktop\CNN\Creación_de_Dataset_híbrido\Face-Recognition Proyect\Dataset_aumentado\Jennifer Lawrence\JenniferLawrence_14_proc_aug01.jpg,Jennifer Lawrence,3,Directo
C:\Users\joeyk\OneDrive\Desktop\CNN\Creación_de_Dataset_híbrido\Face-Recognition Proyect\Dataset_aumentado\Natalie Portman\Natalie_Portman_12_proc_aug02.jpg,Natalie Portman,8,Directo
C:\Users\joeyk\OneDrive\Desktop\CNN\Creación_de_Dataset_híbrido\Face-Recognition Proyect\Dataset_aumentado\Israel\Israel_17_proc.jpg,Israel,2,Directo
C:\Users\joeyk\OneDrive\Desktop\CNN\Creación_de_Dataset_híbrido\Face-Recognition Proyect\Dataset_aumentado\Leonardo DiCaprio\Leonardo_DiCaprio_78_proc_aug01.jpg,Leonardo DiCaprio,7,Directo
C:\Users\joeyk\OneDrive\Desktop\CNN\Creación_de_Dataset_híbrido\Face-Recognition Proyect\Dataset_aumentado\Angelina Jolie\Angelina_Jolie_31_proc_aug03.jpg,Angelina Jolie,0,Directo
C:\Users\joeyk\OneDrive\Desktop\CNN\Creación_de_Dataset_híbrido\Face-Recognition Proyect\Dataset_aumentado\Joey\Joey_21_proc.jpg,Joey,4,Directo
C:\Users\joeyk\OneDrive\Desktop\CNN\Creación_de_Dataset_híbrido\Face-Recognition Proyect\Dataset_aumentado\Joey\Joey_93_proc_aug02.jpg,Joey,4,Directo
C:\Users\joeyk\OneDrive\Desktop\CNN\Creación_de_Dataset_híbrido\Face-Recognition Proyect\Dataset_aumentado\Nicole Kidman\Nicole_Kidman_59_proc_aug01.jpg,Nicole Kidman,9,Directo
C:\Users\joeyk\OneDrive\Desktop\CNN\Creación_de_Dataset_híbrido\Face-Recognition Proyect\Dataset_aumentado\Kevin\Kevin_188_proc_aug02.jpg,Kevin,6,Directo
C:\Users\joeyk\OneDrive\Desktop\CNN\Creación_de_Dataset_híbrido\Face-Recognition Proyect\Dataset_aumentado\Joey\Joey_128_proc.jpg,Joey,4,Directo
C:\Users\joeyk\OneDrive\Desktop\CNN\Creación_de_Dataset_híbrido\Face-Recognition Proyect\Dataset_aumentado\Leonardo DiCaprio\Leonardo_DiCaprio_91_proc_aug02.jpg,Leonardo DiCaprio,7,Directo
C:\Users\joeyk\OneDrive\Desktop\CNN\Creación_de_Dataset_híbrido\Face-Recognition Proyect\Dataset_aumentado\Israel\Israel_298_proc_aug01.jpg,Israel,2,Directo
C:\Users\joeyk\OneDrive\Desktop\CNN\Creación_de_Dataset_híbrido\Face-Recognition Proyect\Dataset_aumentado\Kevin\Kevin_15_proc_aug01.jpg,Kevin,6,Directo
C:\Users\joeyk\OneDrive\Desktop\CNN\Creación_de_Dataset_híbrido\Face-Recognition Proyect\Dataset_aumentado\Brad Pitt\BradPitt_24_proc.jpg,Brad Pitt,1,Directo
C:\Users\joeyk\OneDrive\Desktop\CNN\Creación_de_Dataset_híbrido\Face-Recognition Proyect\Dataset_aumentado\Joey\Joey_115_proc_aug01.jpg,Joey,4,Directo
C:\Users\joeyk\OneDrive\Desktop\CNN\Creación_de_Dataset_híbrido\Face-Recognition Proyect\Dataset_aumentado\Joey\Joey_245_proc_aug03.jpg,Joey,4,Directo
C:\Users\joeyk\OneDrive\Desktop\CNN\Creación_de_Dataset_híbrido\Face-Recognition Proyect\Dataset_aumentado\Kevin\Kevin_209_proc_aug01.jpg,Kevin,6,Directo
C:\Users\joeyk\OneDrive\Desktop\CNN\Creación_de_Dataset_híbrido\Face-Recognition Proyect\Dataset_aumentado\Israel\Israel_86_proc_aug01.jpg,Israel,2,Directo
C:\Users\joeyk\OneDrive\Desktop\CNN\Creación_de_Dataset_híbrido\Face-Recognition Proyect\Dataset_aumentado\Israel\Israel_208_proc_aug01.jpg,Israel,2,Directo
C:\Users\joeyk\OneDrive\Desktop\CNN\Creación_de_Dataset_híbrido\Face-Recognition Proyect\Dataset_aumentado\Leonardo DiCaprio\Leonardo_DiCaprio_20_proc_aug03.jpg,Leonardo DiCaprio,7,Directo
C:\Users\joeyk\OneDrive\Desktop\CNN\Creación_de_Dataset_híbrido\Face-Recognition Proyect\Dataset_aumentado\Kevin\Kevin_18_proc_aug01.jpg,Kevin,6,Directo
C:\Users\joeyk\OneDrive\Desktop\CNN\Creación_de_Dataset_híbrido\Face-Recognition Proyect\Dataset_aumentado\Israel\Israel_185_proc.jpg,Israel,2,Directo
C:\Users\joeyk\OneDrive\Desktop\CNN\Creación_de_Dataset_híbrido\Face-Recognition Proyect\Dataset_aumentado\Kevin\Kevin_212_proc_aug03.jpg,Kevin,6,Directo
C:\Users\joeyk\OneDrive\Desktop\CNN\Creación_de_Dataset_híbrido\Face-Recognition Proyect\Dataset_aumentado\Joey\Joey_144_proc_aug03.jpg,Joey,4,Directo
C:\Users\joeyk\OneDrive\Desktop\CNN\Creación_de_Dataset_híbrido\Face-Recognition Proyect\Dataset_aumentado\Angelina Jolie\Angelina_Jolie_27_proc.jpg,Angelina Jolie,0,Directo
C:\Users\joeyk\OneDrive\Desktop\CNN\Creación_de_Dataset_híbrido\Face-Recognition Proyect\Dataset_aumentado\Brad Pitt\BradPitt_16_proc_aug03.jpg,Brad Pitt,1,Directo
C:\Users\joeyk\OneDrive\Desktop\CNN\Creación_de_Dataset_híbrido\Face-Recognition Proyect\Dataset_aumentado\Joey\Joey_221_proc_aug02.jpg,Joey,4,Directo
C:\Users\joeyk\OneDrive\Desktop\CNN\Creación_de_Dataset_híbrido\Face-Recognition Proyect\Dataset_aumentado\Brad Pitt\BradPitt_39_proc_aug03.jpg,Brad Pitt,1,Directo
C:\Users\joeyk\OneDrive\Desktop\CNN\Creación_de_Dataset_híbrido\Face-Recognition Proyect\Dataset_aumentado\Jennifer Lawrence\JenniferLawrence_11_proc_aug01.jpg,Jennifer Lawrence,3,Directo
C:\Users\joeyk\OneDrive\Desktop\CNN\Creación_de_Dataset_híbrido\Face-Recognition Proyect\Dataset_aumentado\Kevin\Kevin_171_proc_aug02.jpg,Kevin,6,Directo
C:\Users\joeyk\OneDrive\Desktop\CNN\Creación_de_Dataset_híbrido\Face-Recognition Proyect\Dataset_aumentado\Joey\Joey_122_proc_aug03.jpg,Joey,4,Directo
C:\Users\joeyk\OneDrive\Desktop\CNN\Creación_de_Dataset_híbrido\Face-Recognition Proyect\Dataset_aumentado\Kevin\Kevin_35_proc_aug03.jpg,Kevin,6,Directo
C:\Users\joeyk\OneDrive\Desktop\CNN\Creación_de_Dataset_híbrido\Face-Recognition Proyect\Dataset_aumentado\Kevin\Kevin_98_proc_aug01.jpg,Kevin,6,Directo
C:\Users\joeyk\OneDrive\Desktop\CNN\Creación_de_Dataset_híbrido\Face-Recognition Proyect\Dataset_aumentado\Brad Pitt\BradPitt_62_proc_aug03.jpg,Brad Pitt,1,Directo
C:\Users\joeyk\OneDrive\Desktop\CNN\Creación_de_Dataset_híbrido\Face-Recognition Proyect\Dataset_aumentado\Joey\Joey_57_proc.jpg,Joey,4,Directo
C:\Users\joeyk\OneDrive\Desktop\CNN\Creación_de_Dataset_híbrido\Face-Recognition Proyect\Dataset_aumentado\Kevin\Kevin_164_proc.jpg,Kevin,6,Directo
C:\Users\joeyk\OneDrive\Desktop\CNN\Creación_de_Dataset_híbrido\Face-Recognition Proyect\Dataset_aumentado\Israel\Israel_152_proc_aug01.jpg,Israel,2,Directo
C:\Users\joeyk\OneDrive\Desktop\CNN\Creación_de_Dataset_híbrido\Face-Recognition Proyect\Dataset_aumentado\Israel\Israel_332_proc_aug02.jpg,Israel,2,Directo
C:\Users\joeyk\OneDrive\Desktop\CNN\Creación_de_Dataset_híbrido\Face-Recognition Proyect\Dataset_aumentado\Johnny Depp\Johnny_Depp_25_proc.jpg,Johnny Depp,5,Directo
C:\Users\joeyk\OneDrive\Desktop\CNN\Creación_de_Dataset_híbrido\Face-Recognition Proyect\Dataset_aumentado\Joey\Joey_193_proc_aug01.jpg,Joey,4,Directo
C:\Users\joeyk\OneDrive\Desktop\CNN\Creación_de_Dataset_híbrido\Face-Recognition Proyect\Dataset_aumentado\Joey\Joey_254_proc.jpg,Joey,4,Directo
C:\Users\joeyk\OneDrive\Desktop\CNN\Creación_de_Dataset_híbrido\Face-Recognition Proyect\Dataset_aumentado\Joey\Joey_92_proc_aug01.jpg,Joey,4,Directo
C:\Users\joeyk\OneDrive\Desktop\CNN\Creación_de_Dataset_híbrido\Face-Recognition Proyect\Dataset_aumentado\Nicole Kidman\Nicole_Kidman_61_proc_aug01.jpg,Nicole Kidman,9,Directo
C:\Users\joeyk\OneDrive\Desktop\CNN\Creación_de_Dataset_híbrido\Face-Recognition Proyect\Dataset_aumentado\Jennifer Lawrence\JenniferLawrence_14_proc_aug03.jpg,Jennifer Lawrence,3,Directo
C:\Users\joeyk\OneDrive\Desktop\CNN\Creación_de_Dataset_híbrido\Face-Recognition Proyect\Dataset_aumentado\Jennifer Lawrence\JenniferLawrence_93_proc_aug02.jpg,Jennifer Lawrence,3,Directo
C:\Users\joeyk\OneDrive\Desktop\CNN\Creación_de_Dataset_híbrido\Face-Recognition Proyect\Dataset_aumentado\Joey\Joey_15_proc_aug01.jpg,Joey,4,Directo
C:\Users\joeyk\OneDrive\Desktop\CNN\Creación_de_Dataset_híbrido\Face-Recognition Proyect\Dataset_aumentado\Joey\Joey_203_proc_aug03.jpg,Joey,4,Directo
C:\Users\joeyk\OneDrive\Desktop\CNN\Creación_de_Dataset_híbrido\Face-Recognition Proyect\Dataset_aumentado\Israel\Israel_335_proc_aug03.jpg,Israel,2,Directo
C:\Users\joeyk\OneDrive\Desktop\CNN\Creación_de_Dataset_híbrido\Face-Recognition Proyect\Dataset_aumentado\Joey\Joey_117_proc_aug02.jpg,Joey,4,Directo
C:\Users\joeyk\OneDrive\Desktop\CNN\Creación_de_Dataset_híbrido\Face-Recognition Proyect\Dataset_aumentado\Israel\Israel_81_proc_aug03.jpg,Israel,2,Directo
C:\Users\joeyk\OneDrive\Desktop\CNN\Creación_de_Dataset_híbrido\Face-Recognition Proyect\Dataset_aumentado\Israel\Israel_222_proc_aug01.jpg,Israel,2,Directo
C:\Users\joeyk\OneDrive\Desktop\CNN\Creación_de_Dataset_híbrido\Face-Recognition Proyect\Dataset_aumentado\Israel\Israel_46_proc.jpg,Israel,2,Directo
C:\Users\joeyk\OneDrive\Desktop\CNN\Creación_de_Dataset_híbrido\Face-Recognition Proyect\Dataset_aumentado\Joey\Joey_156_proc_aug01.jpg,Joey,4,Directo
C:\Users\joeyk\OneDrive\Desktop\CNN\Creación_de_Dataset_híbrido\Face-Recognition Proyect\Dataset_aumentado\Jennifer Lawrence\JenniferLawrence_29_proc_aug01.jpg,Jennifer Lawrence,3,Directo
C:\Users\joeyk\OneDrive\Desktop\CNN\Creación_de_Dataset_híbrido\Face-Recognition Proyect\Dataset_aumentado\Kevin\Kevin_94_proc_aug03.jpg,Kevin,6,Directo
C:\Users\joeyk\OneDrive\Desktop\CNN\Creación_de_Dataset_híbrido\Face-Recognition Proyect\Dataset_aumentado\Kevin\Kevin_189_proc_aug01.jpg,Kevin,6,Directo
C:\Users\joeyk\OneDrive\Desktop\CNN\Creación_de_Dataset_híbrido\Face-Recognition Proyect\Dataset_aumentado\Brad Pitt\BradPitt_85_proc.jpg,Brad Pitt,1,Directo
C:\Users\joeyk\OneDrive\Desktop\CNN\Creación_de_Dataset_híbrido\Face-Recognition Proyect\Dataset_aumentado\Kevin\Kevin_60_proc.jpg,Kevin,6,Directo
C:\Users\joeyk\OneDrive\Desktop\CNN\Creación_de_Dataset_híbrido\Face-Recognition Proyect\Dataset_aumentado\Israel\Israel_311_proc_aug01.jpg,Israel,2,Directo
C:\Users\joeyk\OneDrive\Desktop\CNN\Creación_de_Dataset_híbrido\Face-Recognition Proyect\Dataset_aumentado\Kevin\Kevin_171_proc_aug01.jpg,Kevin,6,Directo
C:\Users\joeyk\OneDrive\Desktop\CNN\Creación_de_Dataset_híbrido\Face-Recognition Proyect\Dataset_aumentado\Leonardo DiCaprio\Leonardo_DiCaprio_23_proc_aug01.jpg,Leonardo DiCaprio,7,Directo
C:\Users\joeyk\OneDrive\Desktop\CNN\Creación_de_Dataset_híbrido\Face-Recognition Proyect\Dataset_aumentado\Johnny Depp\Johnny_Depp_26_proc_aug02.jpg,Johnny Depp,5,Directo
C:\Users\joeyk\OneDrive\Desktop\CNN\Creación_de_Dataset_híbrido\Face-Recognition Proyect\Dataset_aumentado\Kevin\Kevin_189_proc.jpg,Kevin,6,Directo
C:\Users\joeyk\OneDrive\Desktop\CNN\Creación_de_Dataset_híbrido\Face-Recognition Proyect\Dataset_aumentado\Natalie Portman\Natalie_Portman_30_proc.jpg,Natalie Portman,8,Directo
C:\Users\joeyk\OneDrive\Desktop\CNN\Creación_de_Dataset_híbrido\Face-Recognition Proyect\Dataset_aumentado\Israel\Israel_193_proc.jpg,Israel,2,Directo
C:\Users\joeyk\OneDrive\Desktop\CNN\Creación_de_Dataset_híbrido\Face-Recognition Proyect\Dataset_aumentado\Joey\Joey_277_proc_aug02.jpg,Joey,4,Directo
C:\Users\joeyk\OneDrive\Desktop\CNN\Creación_de_Dataset_híbrido\Face-Recognition Proyect\Dataset_aumentado\Brad Pitt\BradPitt_38_proc.jpg,Brad Pitt,1,Directo
C:\Users\joeyk\OneDrive\Desktop\CNN\Creación_de_Dataset_híbrido\Face-Recognition Proyect\Dataset_aumentado\Leonardo DiCaprio\Leonardo_DiCaprio_29_proc_aug02.jpg,Leonardo DiCaprio,7,Directo
C:\Users\joeyk\OneDrive\Desktop\CNN\Creación_de_Dataset_híbrido\Face-Recognition Proyect\Dataset_aumentado\Angelina Jolie\Angelina_Jolie_27_proc_aug02.jpg,Angelina Jolie,0,Directo
C:\Users\joeyk\OneDrive\Desktop\CNN\Creación_de_Dataset_híbrido\Face-Recognition Proyect\Dataset_aumentado\Israel\Israel_104_proc_aug03.jpg,Israel,2,Directo
C:\Users\joeyk\OneDrive\Desktop\CNN\Creación_de_Dataset_híbrido\Face-Recognition Proyect\Dataset_aumentado\Natalie Portman\Natalie_Portman_78_proc_aug02.jpg,Natalie Portman,8,Directo
C:\Users\joeyk\OneDrive\Desktop\CNN\Creación_de_Dataset_híbrido\Face-Recognition Proyect\Dataset_aumentado\Israel\Israel_57_proc.jpg,Israel,2,Directo
C:\Users\joeyk\OneDrive\Desktop\CNN\Creación_de_Dataset_híbrido\Face-Recognition Proyect\Dataset_aumentado\Johnny Depp\Johnny_Depp_98_proc_aug01.jpg,Johnny Depp,5,Directo
C:\Users\joeyk\OneDrive\Desktop\CNN\Creación_de_Dataset_híbrido\Face-Recognition Proyect\Dataset_aumentado\Israel\Israel_15_proc_aug03.jpg,Israel,2,Directo
C:\Users\joeyk\OneDrive\Desktop\CNN\Creación_de_Dataset_híbrido\Face-Recognition Proyect\Dataset_aumentado\Angelina Jolie\Angelina_Jolie_19_proc_aug02.jpg,Angelina Jolie,0,Directo
C:\Users\joeyk\OneDrive\Desktop\CNN\Creación_de_Dataset_híbrido\Face-Recognition Proyect\Dataset_aumentado\Joey\Joey_73_proc_aug02.jpg,Joey,4,Directo
C:\Users\joeyk\OneDrive\Desktop\CNN\Creación_de_Dataset_híbrido\Face-Recognition Proyect\Dataset_aumentado\Kevin\Kevin_14_proc.jpg,Kevin,6,Directo
C:\Users\joeyk\OneDrive\Desktop\CNN\Creación_de_Dataset_híbrido\Face-Recognition Proyect\Dataset_aumentado\Joey\Joey_274_proc_aug01.jpg,Joey,4,Directo
C:\Users\joeyk\OneDrive\Desktop\CNN\Creación_de_Dataset_híbrido\Face-Recognition Proyect\Dataset_aumentado\Nicole Kidman\Nicole_Kidman_56_proc_aug03.jpg,Nicole Kidman,9,Directo
C:\Users\joeyk\OneDrive\Desktop\CNN\Creación_de_Dataset_híbrido\Face-Recognition Proyect\Dataset_aumentado\Nicole Kidman\Nicole_Kidman_10_proc.jpg,Nicole Kidman,9,Directo
C:\Users\joeyk\OneDrive\Desktop\CNN\Creación_de_Dataset_híbrido\Face-Recognition Proyect\Dataset_aumentado\Israel\Israel_14_proc_aug01.jpg,Israel,2,Directo
C:\Users\joeyk\OneDrive\Desktop\CNN\Creación_de_Dataset_híbrido\Face-Recognition Proyect\Dataset_aumentado\Joey\Joey_196_proc_aug01.jpg,Joey,4,Directo
C:\Users\joeyk\OneDrive\Desktop\CNN\Creación_de_Dataset_híbrido\Face-Recognition Proyect\Dataset_aumentado\Israel\Israel_104_proc.jpg,Israel,2,Directo
C:\Users\joeyk\OneDrive\Desktop\CNN\Creación_de_Dataset_híbrido\Face-Recognition Proyect\Dataset_aumentado\Jennifer Lawrence\JenniferLawrence_3_proc_aug03.jpg,Jennifer Lawrence,3,Directo
C:\Users\joeyk\OneDrive\Desktop\CNN\Creación_de_Dataset_híbrido\Face-Recognition Proyect\Dataset_aumentado\Israel\Israel_15_proc.jpg,Israel,2,Directo
C:\Users\joeyk\OneDrive\Desktop\CNN\Creación_de_Dataset_híbrido\Face-Recognition Proyect\Dataset_aumentado\Angelina Jolie\Angelina_Jolie_10_proc_aug03.jpg,Angelina Jolie,0,Directo
C:\Users\joeyk\OneDrive\Desktop\CNN\Creación_de_Dataset_híbrido\Face-Recognition Proyect\Dataset_aumentado\Kevin\Kevin_5_proc_aug02.jpg,Kevin,6,Directo
C:\Users\joeyk\OneDrive\Desktop\CNN\Creación_de_Dataset_híbrido\Face-Recognition Proyect\Dataset_aumentado\Israel\Israel_333_proc_aug01.jpg,Israel,2,Directo
C:\Users\joeyk\OneDrive\Desktop\CNN\Creación_de_Dataset_híbrido\Face-Recognition Proyect\Dataset_aumentado\Kevin\Kevin_175_proc_aug03.jpg,Kevin,6,Directo
C:\Users\joeyk\OneDrive\Desktop\CNN\Creación_de_Dataset_híbrido\Face-Recognition Proyect\Dataset_aumentado\Israel\Israel_188_proc_aug03.jpg,Israel,2,Directo
C:\Users\joeyk\OneDrive\Desktop\CNN\Creación_de_Dataset_híbrido\Face-Recognition Proyect\Dataset_aumentado\Israel\Israel_53_proc.jpg,Israel,2,Directo
C:\Users\joeyk\OneDrive\Desktop\CNN\Creación_de_Dataset_híbrido\Face-Recognition Proyect\Dataset_aumentado\Brad Pitt\BradPitt_47_proc_aug02.jpg,Brad Pitt,1,Directo
C:\Users\joeyk\OneDrive\Desktop\CNN\Creación_de_Dataset_híbrido\Face-Recognition Proyect\Dataset_aumentado\Johnny Depp\Johnny_Depp_90_proc_aug01.jpg,Johnny Depp,5,Directo
C:\Users\joeyk\OneDrive\Desktop\CNN\Creación_de_Dataset_híbrido\Face-Recognition Proyect\Dataset_aumentado\Jennifer Lawrence\JenniferLawrence_16_proc_aug01.jpg,Jennifer Lawrence,3,Directo
C:\Users\joeyk\OneDrive\Desktop\CNN\Creación_de_Dataset_híbrido\Face-Recognition Proyect\Dataset_aumentado\Brad Pitt\BradPitt_5_proc_aug03.jpg,Brad Pitt,1,Directo
C:\Users\joeyk\OneDrive\Desktop\CNN\Creación_de_Dataset_híbrido\Face-Recognition Proyect\Dataset_aumentado\Kevin\Kevin_135_proc.jpg,Kevin,6,Directo
C:\Users\joeyk\OneDrive\Desktop\CNN\Creación_de_Dataset_híbrido\Face-Recognition Proyect\Dataset_aumentado\Natalie Portman\Natalie_Portman_91_proc_aug03.jpg,Natalie Portman,8,Directo
C:\Users\joeyk\OneDrive\Desktop\CNN\Creación_de_Dataset_híbrido\Face-Recognition Proyect\Dataset_aumentado\Joey\Joey_271_proc_aug03.jpg,Joey,4,Directo
C:\Users\joeyk\OneDrive\Desktop\CNN\Creación_de_Dataset_híbrido\Face-Recognition Proyect\Dataset_aumentado\Jennifer Lawrence\JenniferLawrence_76_proc.jpg,Jennifer Lawrence,3,Directo
C:\Users\joeyk\OneDrive\Desktop\CNN\Creación_de_Dataset_híbrido\Face-Recognition Proyect\Dataset_aumentado\Johnny Depp\Johnny_Depp_86_proc.jpg,Johnny Depp,5,Directo
C:\Users\joeyk\OneDrive\Desktop\CNN\Creación_de_Dataset_híbrido\Face-Recognition Proyect\Dataset_aumentado\Natalie Portman\Natalie_Portman_77_proc_aug02.jpg,Natalie Portman,8,Directo
C:\Users\joeyk\OneDrive\Desktop\CNN\Creación_de_Dataset_híbrido\Face-Recognition Proyect\Dataset_aumentado\Israel\Israel_337_proc_aug02.jpg,Israel,2,Directo
C:\Users\joeyk\OneDrive\Desktop\CNN\Creación_de_Dataset_híbrido\Face-Recognition Proyect\Dataset_aumentado\Israel\Israel_209_proc_aug03.jpg,Israel,2,Directo
C:\Users\joeyk\OneDrive\Desktop\CNN\Creación_de_Dataset_híbrido\Face-Recognition Proyect\Dataset_aumentado\Johnny Depp\Johnny_Depp_49_proc_aug02.jpg,Johnny Depp,5,Directo
C:\Users\joeyk\OneDrive\Desktop\CNN\Creación_de_Dataset_híbrido\Face-Recognition Proyect\Dataset_aumentado\Joey\Joey_207_proc_aug01.jpg,Joey,4,Directo
C:\Users\joeyk\OneDrive\Desktop\CNN\Creación_de_Dataset_híbrido\Face-Recognition Proyect\Dataset_aumentado\Israel\Israel_338_proc.jpg,Israel,2,Directo
C:\Users\joeyk\OneDrive\Desktop\CNN\Creación_de_Dataset_híbrido\Face-Recognition Proyect\Dataset_aumentado\Israel\Israel_52_proc.jpg,Israel,2,Directo
C:\Users\joeyk\OneDrive\Desktop\CNN\Creación_de_Dataset_híbrido\Face-Recognition Proyect\Dataset_aumentado\Kevin\Kevin_37_proc_aug01.jpg,Kevin,6,Directo
C:\Users\joeyk\OneDrive\Desktop\CNN\Creación_de_Dataset_híbrido\Face-Recognition Proyect\Dataset_aumentado\Angelina Jolie\Angelina_Jolie_57_proc_aug01.jpg,Angelina Jolie,0,Directo
C:\Users\joeyk\OneDrive\Desktop\CNN\Creación_de_Dataset_híbrido\Face-Recognition Proyect\Dataset_aumentado\Leonardo DiCaprio\Leonardo_DiCaprio_94_proc.jpg,Leonardo DiCaprio,7,Directo
C:\Users\joeyk\OneDrive\Desktop\CNN\Creación_de_Dataset_híbrido\Face-Recognition Proyect\Dataset_aumentado\Natalie Portman\Natalie_Portman_91_proc.jpg,Natalie Portman,8,Directo
C:\Users\joeyk\OneDrive\Desktop\CNN\Creación_de_Dataset_híbrido\Face-Recognition Proyect\Dataset_aumentado\Israel\Israel_165_proc_aug01.jpg,Israel,2,Directo
C:\Users\joeyk\OneDrive\Desktop\CNN\Creación_de_Dataset_híbrido\Face-Recognition Proyect\Dataset_aumentado\Johnny Depp\Johnny_Depp_23_proc_aug03.jpg,Johnny Depp,5,Directo
C:\Users\joeyk\OneDrive\Desktop\CNN\Creación_de_Dataset_híbrido\Face-Recognition Proyect\Dataset_aumentado\Joey\Joey_151_proc_aug03.jpg,Joey,4,Directo
C:\Users\joeyk\OneDrive\Desktop\CNN\Creación_de_Dataset_híbrido\Face-Recognition Proyect\Dataset_aumentado\Kevin\Kevin_184_proc_aug02.jpg,Kevin,6,Directo
C:\Users\joeyk\OneDrive\Desktop\CNN\Creación_de_Dataset_híbrido\Face-Recognition Proyect\Dataset_aumentado\Kevin\Kevin_199_proc_aug01.jpg,Kevin,6,Directo
C:\Users\joeyk\OneDrive\Desktop\CNN\Creación_de_Dataset_híbrido\Face-Recognition Proyect\Dataset_aumentado\Israel\Israel_257_proc_aug02.jpg,Israel,2,Directo
C:\Users\joeyk\OneDrive\Desktop\CNN\Creación_de_Dataset_híbrido\Face-Recognition Proyect\Dataset_aumentado\Brad Pitt\BradPitt_99_proc_aug01.jpg,Brad Pitt,1,Directo
C:\Users\joeyk\OneDrive\Desktop\CNN\Creación_de_Dataset_híbrido\Face-Recognition Proyect\Dataset_aumentado\Israel\Israel_209_proc_aug01.jpg,Israel,2,Directo
C:\Users\joeyk\OneDrive\Desktop\CNN\Creación_de_Dataset_híbrido\Face-Recognition Proyect\Dataset_aumentado\Natalie Portman\Natalie_Portman_10_proc_aug01.jpg,Natalie Portman,8,Directo
C:\Users\joeyk\OneDrive\Desktop\CNN\Creación_de_Dataset_híbrido\Face-Recognition Proyect\Dataset_aumentado\Joey\Joey_108_proc_aug01.jpg,Joey,4,Directo
C:\Users\joeyk\OneDrive\Desktop\CNN\Creación_de_Dataset_híbrido\Face-Recognition Proyect\Dataset_aumentado\Kevin\Kevin_116_proc_aug02.jpg,Kevin,6,Directo
C:\Users\joeyk\OneDrive\Desktop\CNN\Creación_de_Dataset_híbrido\Face-Recognition Proyect\Dataset_aumentado\Israel\Israel_196_proc_aug01.jpg,Israel,2,Directo
C:\Users\joeyk\OneDrive\Desktop\CNN\Creación_de_Dataset_híbrido\Face-Recognition Proyect\Dataset_aumentado\Leonardo DiCaprio\Leonardo_DiCaprio_92_proc_aug01.jpg,Leonardo DiCaprio,7,Directo
C:\Users\joeyk\OneDrive\Desktop\CNN\Creación_de_Dataset_híbrido\Face-Recognition Proyect\Dataset_aumentado\Kevin\Kevin_118_proc_aug02.jpg,Kevin,6,Directo
C:\Users\joeyk\OneDrive\Desktop\CNN\Creación_de_Dataset_híbrido\Face-Recognition Proyect\Dataset_aumentado\Joey\Joey_19_proc_aug01.jpg,Joey,4,Directo
C:\Users\joeyk\OneDrive\Desktop\CNN\Creación_de_Dataset_híbrido\Face-Recognition Proyect\Dataset_aumentado\Natalie Portman\Natalie_Portman_21_proc_aug01.jpg,Natalie Portman,8,Directo
C:\Users\joeyk\OneDrive\Desktop\CNN\Creación_de_Dataset_híbrido\Face-Recognition Proyect\Dataset_aumentado\Joey\Joey_203_proc_aug01.jpg,Joey,4,Directo
C:\Users\joeyk\OneDrive\Desktop\CNN\Creación_de_Dataset_híbrido\Face-Recognition Proyect\Dataset_aumentado\Israel\Israel_167_proc_aug01.jpg,Israel,2,Directo
C:\Users\joeyk\OneDrive\Desktop\CNN\Creación_de_Dataset_híbrido\Face-Recognition Proyect\Dataset_aumentado\Israel\Israel_119_proc.jpg,Israel,2,Directo
C:\Users\joeyk\OneDrive\Desktop\CNN\Creación_de_Dataset_híbrido\Face-Recognition Proyect\Dataset_aumentado\Brad Pitt\BradPitt_30_proc_aug03.jpg,Brad Pitt,1,Directo
C:\Users\joeyk\OneDrive\Desktop\CNN\Creación_de_Dataset_híbrido\Face-Recognition Proyect\Dataset_aumentado\Leonardo DiCaprio\Leonardo_DiCaprio_81_proc_aug03.jpg,Leonardo DiCaprio,7,Directo
C:\Users\joeyk\OneDrive\Desktop\CNN\Creación_de_Dataset_híbrido\Face-Recognition Proyect\Dataset_aumentado\Joey\Joey_207_proc_aug02.jpg,Joey,4,Directo
C:\Users\joeyk\OneDrive\Desktop\CNN\Creación_de_Dataset_híbrido\Face-Recognition Proyect\Dataset_aumentado\Kevin\Kevin_105_proc_aug03.jpg,Kevin,6,Directo
C:\Users\joeyk\OneDrive\Desktop\CNN\Creación_de_Dataset_híbrido\Face-Recognition Proyect\Dataset_aumentado\Angelina Jolie\Angelina_Jolie_66_proc_aug01.jpg,Angelina Jolie,0,Directo
C:\Users\joeyk\OneDrive\Desktop\CNN\Creación_de_Dataset_híbrido\Face-Recognition Proyect\Dataset_aumentado\Nicole Kidman\Nicole_Kidman_87_proc_aug03.jpg,Nicole Kidman,9,Directo
C:\Users\joeyk\OneDrive\Desktop\CNN\Creación_de_Dataset_híbrido\Face-Recognition Proyect\Dataset_aumentado\Israel\Israel_51_proc_aug01.jpg,Israel,2,Directo
C:\Users\joeyk\OneDrive\Desktop\CNN\Creación_de_Dataset_híbrido\Face-Recognition Proyect\Dataset_aumentado\Kevin\Kevin_209_proc_aug03.jpg,Kevin,6,Directo
C:\Users\joeyk\OneDrive\Desktop\CNN\Creación_de_Dataset_híbrido\Face-Recognition Proyect\Dataset_aumentado\Israel\Israel_318_proc_aug03.jpg,Israel,2,Directo
C:\Users\joeyk\OneDrive\Desktop\CNN\Creación_de_Dataset_híbrido\Face-Recognition Proyect\Dataset_aumentado\Joey\Joey_43_proc_aug01.jpg,Joey,4,Directo
C:\Users\joeyk\OneDrive\Desktop\CNN\Creación_de_Dataset_híbrido\Face-Recognition Proyect\Dataset_aumentado\Jennifer Lawrence\JenniferLawrence_40_proc_aug02.jpg,Jennifer Lawrence,3,Directo
C:\Users\joeyk\OneDrive\Desktop\CNN\Creación_de_Dataset_híbrido\Face-Recognition Proyect\Dataset_aumentado\Angelina Jolie\Angelina_Jolie_20_proc.jpg,Angelina Jolie,0,Directo
C:\Users\joeyk\OneDrive\Desktop\CNN\Creación_de_Dataset_híbrido\Face-Recognition Proyect\Dataset_aumentado\Israel\Israel_319_proc.jpg,Israel,2,Directo
C:\Users\joeyk\OneDrive\Desktop\CNN\Creación_de_Dataset_híbrido\Face-Recognition Proyect\Dataset_aumentado\Jennifer Lawrence\JenniferLawrence_5_proc_aug03.jpg,Jennifer Lawrence,3,Directo
C:\Users\joeyk\OneDrive\Desktop\CNN\Creación_de_Dataset_híbrido\Face-Recognition Proyect\Dataset_aumentado\Natalie Portman\Natalie_Portman_30_proc_aug01.jpg,Natalie Portman,8,Directo
C:\Users\joeyk\OneDrive\Desktop\CNN\Creación_de_Dataset_híbrido\Face-Recognition Proyect\Dataset_aumentado\Angelina Jolie\Angelina_Jolie_42_proc.jpg,Angelina Jolie,0,Directo
C:\Users\joeyk\OneDrive\Desktop\CNN\Creación_de_Dataset_híbrido\Face-Recognition Proyect\Dataset_aumentado\Kevin\Kevin_14_proc_aug01.jpg,Kevin,6,Directo
C:\Users\joeyk\OneDrive\Desktop\CNN\Creación_de_Dataset_híbrido\Face-Recognition Proyect\Dataset_aumentado\Nicole Kidman\Nicole_Kidman_89_proc_aug02.jpg,Nicole Kidman,9,Directo
C:\Users\joeyk\OneDrive\Desktop\CNN\Creación_de_Dataset_híbrido\Face-Recognition Proyect\Dataset_aumentado\Joey\Joey_132_proc_aug03.jpg,Joey,4,Directo
C:\Users\joeyk\OneDrive\Desktop\CNN\Creación_de_Dataset_híbrido\Face-Recognition Proyect\Dataset_aumentado\Israel\Israel_20_proc_aug03.jpg,Israel,2,Directo
C:\Users\joeyk\OneDrive\Desktop\CNN\Creación_de_Dataset_híbrido\Face-Recognition Proyect\Dataset_aumentado\Nicole Kidman\Nicole_Kidman_92_proc_aug03.jpg,Nicole Kidman,9,Directo
C:\Users\joeyk\OneDrive\Desktop\CNN\Creación_de_Dataset_híbrido\Face-Recognition Proyect\Dataset_aumentado\Johnny Depp\Johnny_Depp_56_proc_aug03.jpg,Johnny Depp,5,Directo
C:\Users\joeyk\OneDrive\Desktop\CNN\Creación_de_Dataset_híbrido\Face-Recognition Proyect\Dataset_aumentado\Brad Pitt\BradPitt_72_proc_aug02.jpg,Brad Pitt,1,Directo
C:\Users\joeyk\OneDrive\Desktop\CNN\Creación_de_Dataset_híbrido\Face-Recognition Proyect\Dataset_aumentado\Angelina Jolie\Angelina_Jolie_54_proc_aug02.jpg,Angelina Jolie,0,Directo
C:\Users\joeyk\OneDrive\Desktop\CNN\Creación_de_Dataset_híbrido\Face-Recognition Proyect\Dataset_aumentado\Johnny Depp\Johnny_Depp_11_proc_aug01.jpg,Johnny Depp,5,Directo
C:\Users\joeyk\OneDrive\Desktop\CNN\Creación_de_Dataset_híbrido\Face-Recognition Proyect\Dataset_aumentado\Leonardo DiCaprio\Leonardo_DiCaprio_19_proc_aug03.jpg,Leonardo DiCaprio,7,Directo
C:\Users\joeyk\OneDrive\Desktop\CNN\Creación_de_Dataset_híbrido\Face-Recognition Proyect\Dataset_aumentado\Leonardo DiCaprio\Leonardo_DiCaprio_14_proc_aug03.jpg,Leonardo DiCaprio,7,Directo
C:\Users\joeyk\OneDrive\Desktop\CNN\Creación_de_Dataset_híbrido\Face-Recognition Proyect\Dataset_aumentado\Israel\Israel_289_proc.jpg,Israel,2,Directo
C:\Users\joeyk\OneDrive\Desktop\CNN\Creación_de_Dataset_híbrido\Face-Recognition Proyect\Dataset_aumentado\Kevin\Kevin_187_proc.jpg,Kevin,6,Directo
C:\Users\joeyk\OneDrive\Desktop\CNN\Creación_de_Dataset_híbrido\Face-Recognition Proyect\Dataset_aumentado\Israel\Israel_287_proc.jpg,Israel,2,Directo
C:\Users\joeyk\OneDrive\Desktop\CNN\Creación_de_Dataset_híbrido\Face-Recognition Proyect\Dataset_aumentado\Johnny Depp\Johnny_Depp_17_proc.jpg,Johnny Depp,5,Directo
C:\Users\joeyk\OneDrive\Desktop\CNN\Creación_de_Dataset_híbrido\Face-Recognition Proyect\Dataset_aumentado\Joey\Joey_63_proc_aug03.jpg,Joey,4,Directo
C:\Users\joeyk\OneDrive\Desktop\CNN\Creación_de_Dataset_híbrido\Face-Recognition Proyect\Dataset_aumentado\Joey\Joey_51_proc.jpg,Joey,4,Directo
C:\Users\joeyk\OneDrive\Desktop\CNN\Creación_de_Dataset_híbrido\Face-Recognition Proyect\Dataset_aumentado\Johnny Depp\Johnny_Depp_99_proc_aug02.jpg,Johnny Depp,5,Directo
C:\Users\joeyk\OneDrive\Desktop\CNN\Creación_de_Dataset_híbrido\Face-Recognition Proyect\Dataset_aumentado\Jennifer Lawrence\JenniferLawrence_39_proc_aug02.jpg,Jennifer Lawrence,3,Directo
C:\Users\joeyk\OneDrive\Desktop\CNN\Creación_de_Dataset_híbrido\Face-Recognition Proyect\Dataset_aumentado\Israel\Israel_27_proc_aug02.jpg,Israel,2,Directo
C:\Users\joeyk\OneDrive\Desktop\CNN\Creación_de_Dataset_híbrido\Face-Recognition Proyect\Dataset_aumentado\Joey\Joey_166_proc_aug02.jpg,Joey,4,Directo
C:\Users\joeyk\OneDrive\Desktop\CNN\Creación_de_Dataset_híbrido\Face-Recognition Proyect\Dataset_aumentado\Natalie Portman\Natalie_Portman_53_proc_aug02.jpg,Natalie Portman,8,Directo
C:\Users\joeyk\OneDrive\Desktop\CNN\Creación_de_Dataset_híbrido\Face-Recognition Proyect\Dataset_aumentado\Natalie Portman\Natalie_Portman_23_proc.jpg,Natalie Portman,8,Directo
C:\Users\joeyk\OneDrive\Desktop\CNN\Creación_de_Dataset_híbrido\Face-Recognition Proyect\Dataset_aumentado\Johnny Depp\Johnny_Depp_37_proc_aug02.jpg,Johnny Depp,5,Directo
C:\Users\joeyk\OneDrive\Desktop\CNN\Creación_de_Dataset_híbrido\Face-Recognition Proyect\Dataset_aumentado\Brad Pitt\BradPitt_59_proc_aug03.jpg,Brad Pitt,1,Directo
C:\Users\joeyk\OneDrive\Desktop\CNN\Creación_de_Dataset_híbrido\Face-Recognition Proyect\Dataset_aumentado\Joey\Joey_187_proc_aug02.jpg,Joey,4,Directo
C:\Users\joeyk\OneDrive\Desktop\CNN\Creación_de_Dataset_híbrido\Face-Recognition Proyect\Dataset_aumentado\Kevin\Kevin_87_proc_aug02.jpg,Kevin,6,Directo
C:\Users\joeyk\OneDrive\Desktop\CNN\Creación_de_Dataset_híbrido\Face-Recognition Proyect\Dataset_aumentado\Israel\Israel_257_proc.jpg,Israel,2,Directo
C:\Users\joeyk\OneDrive\Desktop\CNN\Creación_de_Dataset_híbrido\Face-Recognition Proyect\Dataset_aumentado\Jennifer Lawrence\JenniferLawrence_9_proc.jpg,Jennifer Lawrence,3,Directo
C:\Users\joeyk\OneDrive\Desktop\CNN\Creación_de_Dataset_híbrido\Face-Recognition Proyect\Dataset_aumentado\Brad Pitt\BradPitt_59_proc_aug02.jpg,Brad Pitt,1,Directo
C:\Users\joeyk\OneDrive\Desktop\CNN\Creación_de_Dataset_híbrido\Face-Recognition Proyect\Dataset_aumentado\Angelina Jolie\Angelina_Jolie_71_proc_aug03.jpg,Angelina Jolie,0,Directo
C:\Users\joeyk\OneDrive\Desktop\CNN\Creación_de_Dataset_híbrido\Face-Recognition Proyect\Dataset_aumentado\Israel\Israel_169_proc_aug01.jpg,Israel,2,Directo
C:\Users\joeyk\OneDrive\Desktop\CNN\Creación_de_Dataset_híbrido\Face-Recognition Proyect\Dataset_aumentado\Johnny Depp\Johnny_Depp_45_proc_aug01.jpg,Johnny Depp,5,Directo
C:\Users\joeyk\OneDrive\Desktop\CNN\Creación_de_Dataset_híbrido\Face-Recognition Proyect\Dataset_aumentado\Israel\Israel_143_proc.jpg,Israel,2,Directo
C:\Users\joeyk\OneDrive\Desktop\CNN\Creación_de_Dataset_híbrido\Face-Recognition Proyect\Dataset_aumentado\Joey\Joey_219_proc_aug03.jpg,Joey,4,Directo
C:\Users\joeyk\OneDrive\Desktop\CNN\Creación_de_Dataset_híbrido\Face-Recognition Proyect\Dataset_aumentado\Johnny Depp\Johnny_Depp_90_proc_aug03.jpg,Johnny Depp,5,Directo
C:\Users\joeyk\OneDrive\Desktop\CNN\Creación_de_Dataset_híbrido\Face-Recognition Proyect\Dataset_aumentado\Kevin\Kevin_92_proc.jpg,Kevin,6,Directo
C:\Users\joeyk\OneDrive\Desktop\CNN\Creación_de_Dataset_híbrido\Face-Recognition Proyect\Dataset_aumentado\Israel\Israel_101_proc_aug01.jpg,Israel,2,Directo
C:\Users\joeyk\OneDrive\Desktop\CNN\Creación_de_Dataset_híbrido\Face-Recognition Proyect\Dataset_aumentado\Israel\Israel_203_proc.jpg,Israel,2,Directo
C:\Users\joeyk\OneDrive\Desktop\CNN\Creación_de_Dataset_híbrido\Face-Recognition Proyect\Dataset_aumentado\Joey\Joey_124_proc_aug03.jpg,Joey,4,Directo
C:\Users\joeyk\OneDrive\Desktop\CNN\Creación_de_Dataset_híbrido\Face-Recognition Proyect\Dataset_aumentado\Kevin\Kevin_1_proc_aug02.jpg,Kevin,6,Directo
C:\Users\joeyk\OneDrive\Desktop\CNN\Creación_de_Dataset_híbrido\Face-Recognition Proyect\Dataset_aumentado\Joey\Joey_136_proc_aug01.jpg,Joey,4,Directo
C:\Users\joeyk\OneDrive\Desktop\CNN\Creación_de_Dataset_híbrido\Face-Recognition Proyect\Dataset_aumentado\Brad Pitt\BradPitt_79_proc_aug03.jpg,Brad Pitt,1,Directo
C:\Users\joeyk\OneDrive\Desktop\CNN\Creación_de_Dataset_híbrido\Face-Recognition Proyect\Dataset_aumentado\Israel\Israel_41_proc_aug02.jpg,Israel,2,Directo
C:\Users\joeyk\OneDrive\Desktop\CNN\Creación_de_Dataset_híbrido\Face-Recognition Proyect\Dataset_aumentado\Israel\Israel_97_proc.jpg,Israel,2,Directo
C:\Users\joeyk\OneDrive\Desktop\CNN\Creación_de_Dataset_híbrido\Face-Recognition Proyect\Dataset_aumentado\Natalie Portman\Natalie_Portman_84_proc_aug02.jpg,Natalie Portman,8,Directo
C:\Users\joeyk\OneDrive\Desktop\CNN\Creación_de_Dataset_híbrido\Face-Recognition Proyect\Dataset_aumentado\Joey\Joey_227_proc_aug02.jpg,Joey,4,Directo
C:\Users\joeyk\OneDrive\Desktop\CNN\Creación_de_Dataset_híbrido\Face-Recognition Proyect\Dataset_aumentado\Israel\Israel_281_proc_aug02.jpg,Israel,2,Directo
C:\Users\joeyk\OneDrive\Desktop\CNN\Creación_de_Dataset_híbrido\Face-Recognition Proyect\Dataset_aumentado\Joey\Joey_230_proc_aug02.jpg,Joey,4,Directo
C:\Users\joeyk\OneDrive\Desktop\CNN\Creación_de_Dataset_híbrido\Face-Recognition Proyect\Dataset_aumentado\Israel\Israel_309_proc_aug03.jpg,Israel,2,Directo
C:\Users\joeyk\OneDrive\Desktop\CNN\Creación_de_Dataset_híbrido\Face-Recognition Proyect\Dataset_aumentado\Israel\Israel_201_proc.jpg,Israel,2,Directo
C:\Users\joeyk\OneDrive\Desktop\CNN\Creación_de_Dataset_híbrido\Face-Recognition Proyect\Dataset_aumentado\Joey\Joey_135_proc_aug02.jpg,Joey,4,Directo
C:\Users\joeyk\OneDrive\Desktop\CNN\Creación_de_Dataset_híbrido\Face-Recognition Proyect\Dataset_aumentado\Natalie Portman\Natalie_Portman_19_proc.jpg,Natalie Portman,8,Directo
C:\Users\joeyk\OneDrive\Desktop\CNN\Creación_de_Dataset_híbrido\Face-Recognition Proyect\Dataset_aumentado\Israel\Israel_110_proc_aug02.jpg,Israel,2,Directo
C:\Users\joeyk\OneDrive\Desktop\CNN\Creación_de_Dataset_híbrido\Face-Recognition Proyect\Dataset_aumentado\Johnny Depp\Johnny_Depp_57_proc_aug02.jpg,Johnny Depp,5,Directo
C:\Users\joeyk\OneDrive\Desktop\CNN\Creación_de_Dataset_híbrido\Face-Recognition Proyect\Dataset_aumentado\Joey\Joey_115_proc_aug03.jpg,Joey,4,Directo
C:\Users\joeyk\OneDrive\Desktop\CNN\Creación_de_Dataset_híbrido\Face-Recognition Proyect\Dataset_aumentado\Israel\Israel_87_proc_aug02.jpg,Israel,2,Directo
C:\Users\joeyk\OneDrive\Desktop\CNN\Creación_de_Dataset_híbrido\Face-Recognition Proyect\Dataset_aumentado\Leonardo DiCaprio\Leonardo_DiCaprio_2_proc_aug01.jpg,Leonardo DiCaprio,7,Directo
C:\Users\joeyk\OneDrive\Desktop\CNN\Creación_de_Dataset_híbrido\Face-Recognition Proyect\Dataset_aumentado\Kevin\Kevin_123_proc_aug01.jpg,Kevin,6,Directo
C:\Users\joeyk\OneDrive\Desktop\CNN\Creación_de_Dataset_híbrido\Face-Recognition Proyect\Dataset_aumentado\Natalie Portman\Natalie_Portman_36_proc_aug03.jpg,Natalie Portman,8,Directo
C:\Users\joeyk\OneDrive\Desktop\CNN\Creación_de_Dataset_híbrido\Face-Recognition Proyect\Dataset_aumentado\Angelina Jolie\Angelina_Jolie_83_proc.jpg,Angelina Jolie,0,Directo
C:\Users\joeyk\OneDrive\Desktop\CNN\Creación_de_Dataset_híbrido\Face-Recognition Proyect\Dataset_aumentado\Nicole Kidman\Nicole_Kidman_98_proc_aug03.jpg,Nicole Kidman,9,Directo
C:\Users\joeyk\OneDrive\Desktop\CNN\Creación_de_Dataset_híbrido\Face-Recognition Proyect\Dataset_aumentado\Israel\Israel_280_proc_aug03.jpg,Israel,2,Directo
C:\Users\joeyk\OneDrive\Desktop\CNN\Creación_de_Dataset_híbrido\Face-Recognition Proyect\Dataset_aumentado\Kevin\Kevin_207_proc_aug02.jpg,Kevin,6,Directo
C:\Users\joeyk\OneDrive\Desktop\CNN\Creación_de_Dataset_híbrido\Face-Recognition Proyect\Dataset_aumentado\Nicole Kidman\Nicole_Kidman_1_proc_aug03.jpg,Nicole Kidman,9,Directo
C:\Users\joeyk\OneDrive\Desktop\CNN\Creación_de_Dataset_híbrido\Face-Recognition Proyect\Dataset_aumentado\Nicole Kidman\Nicole_Kidman_99_proc_aug01.jpg,Nicole Kidman,9,Directo
C:\Users\joeyk\OneDrive\Desktop\CNN\Creación_de_Dataset_híbrido\Face-Recognition Proyect\Dataset_aumentado\Jennifer Lawrence\JenniferLawrence_63_proc_aug03.jpg,Jennifer Lawrence,3,Directo
C:\Users\joeyk\OneDrive\Desktop\CNN\Creación_de_Dataset_híbrido\Face-Recognition Proyect\Dataset_aumentado\Natalie Portman\Natalie_Portman_77_proc_aug01.jpg,Natalie Portman,8,Directo
C:\Users\joeyk\OneDrive\Desktop\CNN\Creación_de_Dataset_híbrido\Face-Recognition Proyect\Dataset_aumentado\Johnny Depp\Johnny_Depp_5_proc_aug03.jpg,Johnny Depp,5,Directo
C:\Users\joeyk\OneDrive\Desktop\CNN\Creación_de_Dataset_híbrido\Face-Recognition Proyect\Dataset_aumentado\Joey\Joey_77_proc.jpg,Joey,4,Directo
C:\Users\joeyk\OneDrive\Desktop\CNN\Creación_de_Dataset_híbrido\Face-Recognition Proyect\Dataset_aumentado\Natalie Portman\Natalie_Portman_70_proc.jpg,Natalie Portman,8,Directo
C:\Users\joeyk\OneDrive\Desktop\CNN\Creación_de_Dataset_híbrido\Face-Recognition Proyect\Dataset_aumentado\Israel\Israel_289_proc_aug02.jpg,Israel,2,Directo
C:\Users\joeyk\OneDrive\Desktop\CNN\Creación_de_Dataset_híbrido\Face-Recognition Proyect\Dataset_aumentado\Israel\Israel_263_proc.jpg,Israel,2,Directo
C:\Users\joeyk\OneDrive\Desktop\CNN\Creación_de_Dataset_híbrido\Face-Recognition Proyect\Dataset_aumentado\Kevin\Kevin_3_proc_aug03.jpg,Kevin,6,Directo
C:\Users\joeyk\OneDrive\Desktop\CNN\Creación_de_Dataset_híbrido\Face-Recognition Proyect\Dataset_aumentado\Joey\Joey_71_proc_aug03.jpg,Joey,4,Directo
C:\Users\joeyk\OneDrive\Desktop\CNN\Creación_de_Dataset_híbrido\Face-Recognition Proyect\Dataset_aumentado\Israel\Israel_271_proc.jpg,Israel,2,Directo
C:\Users\joeyk\OneDrive\Desktop\CNN\Creación_de_Dataset_híbrido\Face-Recognition Proyect\Dataset_aumentado\Joey\Joey_70_proc_aug01.jpg,Joey,4,Directo
C:\Users\joeyk\OneDrive\Desktop\CNN\Creación_de_Dataset_híbrido\Face-Recognition Proyect\Dataset_aumentado\Natalie Portman\Natalie_Portman_45_proc.jpg,Natalie Portman,8,Directo
C:\Users\joeyk\OneDrive\Desktop\CNN\Creación_de_Dataset_híbrido\Face-Recognition Proyect\Dataset_aumentado\Joey\Joey_33_proc_aug02.jpg,Joey,4,Directo
C:\Users\joeyk\OneDrive\Desktop\CNN\Creación_de_Dataset_híbrido\Face-Recognition Proyect\Dataset_aumentado\Natalie Portman\Natalie_Portman_85_proc_aug03.jpg,Natalie Portman,8,Directo
C:\Users\joeyk\OneDrive\Desktop\CNN\Creación_de_Dataset_híbrido\Face-Recognition Proyect\Dataset_aumentado\Nicole Kidman\Nicole_Kidman_29_proc_aug03.jpg,Nicole Kidman,9,Directo
C:\Users\joeyk\OneDrive\Desktop\CNN\Creación_de_Dataset_híbrido\Face-Recognition Proyect\Dataset_aumentado\Kevin\Kevin_91_proc_aug02.jpg,Kevin,6,Directo
C:\Users\joeyk\OneDrive\Desktop\CNN\Creación_de_Dataset_híbrido\Face-Recognition Proyect\Dataset_aumentado\Kevin\Kevin_70_proc_aug03.jpg,Kevin,6,Directo
C:\Users\joeyk\OneDrive\Desktop\CNN\Creación_de_Dataset_híbrido\Face-Recognition Proyect\Dataset_aumentado\Israel\Israel_182_proc_aug03.jpg,Israel,2,Directo
C:\Users\joeyk\OneDrive\Desktop\CNN\Creación_de_Dataset_híbrido\Face-Recognition Proyect\Dataset_aumentado\Leonardo DiCaprio\Leonardo_DiCaprio_27_proc_aug01.jpg,Leonardo DiCaprio,7,Directo
C:\Users\joeyk\OneDrive\Desktop\CNN\Creación_de_Dataset_híbrido\Face-Recognition Proyect\Dataset_aumentado\Israel\Israel_89_proc_aug03.jpg,Israel,2,Directo
C:\Users\joeyk\OneDrive\Desktop\CNN\Creación_de_Dataset_híbrido\Face-Recognition Proyect\Dataset_aumentado\Israel\Israel_266_proc_aug01.jpg,Israel,2,Directo
C:\Users\joeyk\OneDrive\Desktop\CNN\Creación_de_Dataset_híbrido\Face-Recognition Proyect\Dataset_aumentado\Israel\Israel_261_proc_aug02.jpg,Israel,2,Directo
C:\Users\joeyk\OneDrive\Desktop\CNN\Creación_de_Dataset_híbrido\Face-Recognition Proyect\Dataset_aumentado\Nicole Kidman\Nicole_Kidman_51_proc_aug02.jpg,Nicole Kidman,9,Directo
C:\Users\joeyk\OneDrive\Desktop\CNN\Creación_de_Dataset_híbrido\Face-Recognition Proyect\Dataset_aumentado\Israel\Israel_259_proc_aug02.jpg,Israel,2,Directo
C:\Users\joeyk\OneDrive\Desktop\CNN\Creación_de_Dataset_híbrido\Face-Recognition Proyect\Dataset_aumentado\Israel\Israel_21_proc_aug01.jpg,Israel,2,Directo
C:\Users\joeyk\OneDrive\Desktop\CNN\Creación_de_Dataset_híbrido\Face-Recognition Proyect\Dataset_aumentado\Israel\Israel_176_proc_aug03.jpg,Israel,2,Directo
C:\Users\joeyk\OneDrive\Desktop\CNN\Creación_de_Dataset_híbrido\Face-Recognition Proyect\Dataset_aumentado\Leonardo DiCaprio\Leonardo_DiCaprio_80_proc_aug02.jpg,Leonardo DiCaprio,7,Directo
C:\Users\joeyk\OneDrive\Desktop\CNN\Creación_de_Dataset_híbrido\Face-Recognition Proyect\Dataset_aumentado\Joey\Joey_4_proc_aug02.jpg,Joey,4,Directo
C:\Users\joeyk\OneDrive\Desktop\CNN\Creación_de_Dataset_híbrido\Face-Recognition Proyect\Dataset_aumentado\Israel\Israel_35_proc_aug02.jpg,Israel,2,Directo
C:\Users\joeyk\OneDrive\Desktop\CNN\Creación_de_Dataset_híbrido\Face-Recognition Proyect\Dataset_aumentado\Kevin\Kevin_58_proc_aug03.jpg,Kevin,6,Directo
C:\Users\joeyk\OneDrive\Desktop\CNN\Creación_de_Dataset_híbrido\Face-Recognition Proyect\Dataset_aumentado\Johnny Depp\Johnny_Depp_21_proc_aug02.jpg,Johnny Depp,5,Directo
C:\Users\joeyk\OneDrive\Desktop\CNN\Creación_de_Dataset_híbrido\Face-Recognition Proyect\Dataset_aumentado\Kevin\Kevin_62_proc.jpg,Kevin,6,Directo
C:\Users\joeyk\OneDrive\Desktop\CNN\Creación_de_Dataset_híbrido\Face-Recognition Proyect\Dataset_aumentado\Kevin\Kevin_3_proc.jpg,Kevin,6,Directo
C:\Users\joeyk\OneDrive\Desktop\CNN\Creación_de_Dataset_híbrido\Face-Recognition Proyect\Dataset_aumentado\Kevin\Kevin_158_proc_aug02.jpg,Kevin,6,Directo
C:\Users\joeyk\OneDrive\Desktop\CNN\Creación_de_Dataset_híbrido\Face-Recognition Proyect\Dataset_aumentado\Johnny Depp\Johnny_Depp_5_proc.jpg,Johnny Depp,5,Directo
C:\Users\joeyk\OneDrive\Desktop\CNN\Creación_de_Dataset_híbrido\Face-Recognition Proyect\Dataset_aumentado\Nicole Kidman\Nicole_Kidman_47_proc_aug01.jpg,Nicole Kidman,9,Directo
C:\Users\joeyk\OneDrive\Desktop\CNN\Creación_de_Dataset_híbrido\Face-Recognition Proyect\Dataset_aumentado\Nicole Kidman\Nicole_Kidman_33_proc_aug03.jpg,Nicole Kidman,9,Directo
C:\Users\joeyk\OneDrive\Desktop\CNN\Creación_de_Dataset_híbrido\Face-Recognition Proyect\Dataset_aumentado\Israel\Israel_236_proc_aug02.jpg,Israel,2,Directo
C:\Users\joeyk\OneDrive\Desktop\CNN\Creación_de_Dataset_híbrido\Face-Recognition Proyect\Dataset_aumentado\Joey\Joey_291_proc_aug03.jpg,Joey,4,Directo
C:\Users\joeyk\OneDrive\Desktop\CNN\Creación_de_Dataset_híbrido\Face-Recognition Proyect\Dataset_aumentado\Joey\Joey_24_proc_aug02.jpg,Joey,4,Directo
C:\Users\joeyk\OneDrive\Desktop\CNN\Creación_de_Dataset_híbrido\Face-Recognition Proyect\Dataset_aumentado\Israel\Israel_293_proc_aug01.jpg,Israel,2,Directo
C:\Users\joeyk\OneDrive\Desktop\CNN\Creación_de_Dataset_híbrido\Face-Recognition Proyect\Dataset_aumentado\Israel\Israel_161_proc_aug01.jpg,Israel,2,Directo
C:\Users\joeyk\OneDrive\Desktop\CNN\Creación_de_Dataset_híbrido\Face-Recognition Proyect\Dataset_aumentado\Nicole Kidman\Nicole_Kidman_76_proc_aug03.jpg,Nicole Kidman,9,Directo
C:\Users\joeyk\OneDrive\Desktop\CNN\Creación_de_Dataset_híbrido\Face-Recognition Proyect\Dataset_aumentado\Joey\Joey_252_proc.jpg,Joey,4,Directo
C:\Users\joeyk\OneDrive\Desktop\CNN\Creación_de_Dataset_híbrido\Face-Recognition Proyect\Dataset_aumentado\Joey\Joey_117_proc_aug03.jpg,Joey,4,Directo
C:\Users\joeyk\OneDrive\Desktop\CNN\Creación_de_Dataset_híbrido\Face-Recognition Proyect\Dataset_aumentado\Nicole Kidman\Nicole_Kidman_43_proc_aug02.jpg,Nicole Kidman,9,Directo
C:\Users\joeyk\OneDrive\Desktop\CNN\Creación_de_Dataset_híbrido\Face-Recognition Proyect\Dataset_aumentado\Israel\Israel_85_proc_aug03.jpg,Israel,2,Directo
C:\Users\joeyk\OneDrive\Desktop\CNN\Creación_de_Dataset_híbrido\Face-Recognition Proyect\Dataset_aumentado\Joey\Joey_212_proc_aug01.jpg,Joey,4,Directo
C:\Users\joeyk\OneDrive\Desktop\CNN\Creación_de_Dataset_híbrido\Face-Recognition Proyect\Dataset_aumentado\Israel\Israel_326_proc_aug01.jpg,Israel,2,Directo
C:\Users\joeyk\OneDrive\Desktop\CNN\Creación_de_Dataset_híbrido\Face-Recognition Proyect\Dataset_aumentado\Joey\Joey_155_proc.jpg,Joey,4,Directo
C:\Users\joeyk\OneDrive\Desktop\CNN\Creación_de_Dataset_híbrido\Face-Recognition Proyect\Dataset_aumentado\Israel\Israel_272_proc_aug01.jpg,Israel,2,Directo
C:\Users\joeyk\OneDrive\Desktop\CNN\Creación_de_Dataset_híbrido\Face-Recognition Proyect\Dataset_aumentado\Kevin\Kevin_12_proc_aug02.jpg,Kevin,6,Directo
C:\Users\joeyk\OneDrive\Desktop\CNN\Creación_de_Dataset_híbrido\Face-Recognition Proyect\Dataset_aumentado\Angelina Jolie\Angelina_Jolie_27_proc_aug03.jpg,Angelina Jolie,0,Directo
C:\Users\joeyk\OneDrive\Desktop\CNN\Creación_de_Dataset_híbrido\Face-Recognition Proyect\Dataset_aumentado\Kevin\Kevin_190_proc_aug02.jpg,Kevin,6,Directo
C:\Users\joeyk\OneDrive\Desktop\CNN\Creación_de_Dataset_híbrido\Face-Recognition Proyect\Dataset_aumentado\Leonardo DiCaprio\Leonardo_DiCaprio_94_proc_aug01.jpg,Leonardo DiCaprio,7,Directo
C:\Users\joeyk\OneDrive\Desktop\CNN\Creación_de_Dataset_híbrido\Face-Recognition Proyect\Dataset_aumentado\Joey\Joey_254_proc_aug03.jpg,Joey,4,Directo
C:\Users\joeyk\OneDrive\Desktop\CNN\Creación_de_Dataset_híbrido\Face-Recognition Proyect\Dataset_aumentado\Joey\Joey_64_proc.jpg,Joey,4,Directo
C:\Users\joeyk\OneDrive\Desktop\CNN\Creación_de_Dataset_híbrido\Face-Recognition Proyect\Dataset_aumentado\Leonardo DiCaprio\Leonardo_DiCaprio_71_proc_aug01.jpg,Leonardo DiCaprio,7,Directo
C:\Users\joeyk\OneDrive\Desktop\CNN\Creación_de_Dataset_híbrido\Face-Recognition Proyect\Dataset_aumentado\Joey\Joey_69_proc_aug03.jpg,Joey,4,Directo
C:\Users\joeyk\OneDrive\Desktop\CNN\Creación_de_Dataset_híbrido\Face-Recognition Proyect\Dataset_aumentado\Jennifer Lawrence\JenniferLawrence_21_proc.jpg,Jennifer Lawrence,3,Directo
C:\Users\joeyk\OneDrive\Desktop\CNN\Creación_de_Dataset_híbrido\Face-Recognition Proyect\Dataset_aumentado\Leonardo DiCaprio\Leonardo_DiCaprio_80_proc.jpg,Leonardo DiCaprio,7,Directo
C:\Users\joeyk\OneDrive\Desktop\CNN\Creación_de_Dataset_híbrido\Face-Recognition Proyect\Dataset_aumentado\Kevin\Kevin_6_proc.jpg,Kevin,6,Directo
C:\Users\joeyk\OneDrive\Desktop\CNN\Creación_de_Dataset_híbrido\Face-Recognition Proyect\Dataset_aumentado\Jennifer Lawrence\JenniferLawrence_47_proc_aug03.jpg,Jennifer Lawrence,3,Directo
C:\Users\joeyk\OneDrive\Desktop\CNN\Creación_de_Dataset_híbrido\Face-Recognition Proyect\Dataset_aumentado\Israel\Israel_153_proc.jpg,Israel,2,Directo
C:\Users\joeyk\OneDrive\Desktop\CNN\Creación_de_Dataset_híbrido\Face-Recognition Proyect\Dataset_aumentado\Jennifer Lawrence\JenniferLawrence_72_proc_aug03.jpg,Jennifer Lawrence,3,Directo
C:\Users\joeyk\OneDrive\Desktop\CNN\Creación_de_Dataset_híbrido\Face-Recognition Proyect\Dataset_aumentado\Israel\Israel_161_proc.jpg,Israel,2,Directo
C:\Users\joeyk\OneDrive\Desktop\CNN\Creación_de_Dataset_híbrido\Face-Recognition Proyect\Dataset_aumentado\Nicole Kidman\Nicole_Kidman_59_proc.jpg,Nicole Kidman,9,Directo
C:\Users\joeyk\OneDrive\Desktop\CNN\Creación_de_Dataset_híbrido\Face-Recognition Proyect\Dataset_aumentado\Natalie Portman\Natalie_Portman_18_proc_aug03.jpg,Natalie Portman,8,Directo
C:\Users\joeyk\OneDrive\Desktop\CNN\Creación_de_Dataset_híbrido\Face-Recognition Proyect\Dataset_aumentado\Israel\Israel_122_proc_aug01.jpg,Israel,2,Directo
C:\Users\joeyk\OneDrive\Desktop\CNN\Creación_de_Dataset_híbrido\Face-Recognition Proyect\Dataset_aumentado\Brad Pitt\BradPitt_42_proc_aug02.jpg,Brad Pitt,1,Directo
C:\Users\joeyk\OneDrive\Desktop\CNN\Creación_de_Dataset_híbrido\Face-Recognition Proyect\Dataset_aumentado\Kevin\Kevin_23_proc_aug01.jpg,Kevin,6,Directo
C:\Users\joeyk\OneDrive\Desktop\CNN\Creación_de_Dataset_híbrido\Face-Recognition Proyect\Dataset_aumentado\Joey\Joey_73_proc_aug01.jpg,Joey,4,Directo
C:\Users\joeyk\OneDrive\Desktop\CNN\Creación_de_Dataset_híbrido\Face-Recognition Proyect\Dataset_aumentado\Angelina Jolie\Angelina_Jolie_50_proc_aug01.jpg,Angelina Jolie,0,Directo
C:\Users\joeyk\OneDrive\Desktop\CNN\Creación_de_Dataset_híbrido\Face-Recognition Proyect\Dataset_aumentado\Israel\Israel_101_proc.jpg,Israel,2,Directo
C:\Users\joeyk\OneDrive\Desktop\CNN\Creación_de_Dataset_híbrido\Face-Recognition Proyect\Dataset_aumentado\Johnny Depp\Johnny_Depp_37_proc.jpg,Johnny Depp,5,Directo
C:\Users\joeyk\OneDrive\Desktop\CNN\Creación_de_Dataset_híbrido\Face-Recognition Proyect\Dataset_aumentado\Israel\Israel_9_proc_aug01.jpg,Israel,2,Directo
C:\Users\joeyk\OneDrive\Desktop\CNN\Creación_de_Dataset_híbrido\Face-Recognition Proyect\Dataset_aumentado\Jennifer Lawrence\JenniferLawrence_22_proc_aug01.jpg,Jennifer Lawrence,3,Directo
C:\Users\joeyk\OneDrive\Desktop\CNN\Creación_de_Dataset_híbrido\Face-Recognition Proyect\Dataset_aumentado\Nicole Kidman\Nicole_Kidman_54_proc_aug02.jpg,Nicole Kidman,9,Directo
C:\Users\joeyk\OneDrive\Desktop\CNN\Creación_de_Dataset_híbrido\Face-Recognition Proyect\Dataset_aumentado\Joey\Joey_158_proc_aug02.jpg,Joey,4,Directo
C:\Users\joeyk\OneDrive\Desktop\CNN\Creación_de_Dataset_híbrido\Face-Recognition Proyect\Dataset_aumentado\Kevin\Kevin_168_proc_aug01.jpg,Kevin,6,Directo
C:\Users\joeyk\OneDrive\Desktop\CNN\Creación_de_Dataset_híbrido\Face-Recognition Proyect\Dataset_aumentado\Johnny Depp\Johnny_Depp_8_proc.jpg,Johnny Depp,5,Directo
C:\Users\joeyk\OneDrive\Desktop\CNN\Creación_de_Dataset_híbrido\Face-Recognition Proyect\Dataset_aumentado\Joey\Joey_148_proc_aug03.jpg,Joey,4,Directo
C:\Users\joeyk\OneDrive\Desktop\CNN\Creación_de_Dataset_híbrido\Face-Recognition Proyect\Dataset_aumentado\Israel\Israel_23_proc_aug02.jpg,Israel,2,Directo
C:\Users\joeyk\OneDrive\Desktop\CNN\Creación_de_Dataset_híbrido\Face-Recognition Proyect\Dataset_aumentado\Joey\Joey_70_proc_aug03.jpg,Joey,4,Directo
C:\Users\joeyk\OneDrive\Desktop\CNN\Creación_de_Dataset_híbrido\Face-Recognition Proyect\Dataset_aumentado\Kevin\Kevin_200_proc.jpg,Kevin,6,Directo
C:\Users\joeyk\OneDrive\Desktop\CNN\Creación_de_Dataset_híbrido\Face-Recognition Proyect\Dataset_aumentado\Angelina Jolie\Angelina_Jolie_44_proc_aug02.jpg,Angelina Jolie,0,Directo
C:\Users\joeyk\OneDrive\Desktop\CNN\Creación_de_Dataset_híbrido\Face-Recognition Proyect\Dataset_aumentado\Kevin\Kevin_3_proc_aug02.jpg,Kevin,6,Directo
C:\Users\joeyk\OneDrive\Desktop\CNN\Creación_de_Dataset_híbrido\Face-Recognition Proyect\Dataset_aumentado\Nicole Kidman\Nicole_Kidman_33_proc.jpg,Nicole Kidman,9,Directo
C:\Users\joeyk\OneDrive\Desktop\CNN\Creación_de_Dataset_híbrido\Face-Recognition Proyect\Dataset_aumentado\Joey\Joey_26_proc_aug01.jpg,Joey,4,Directo
C:\Users\joeyk\OneDrive\Desktop\CNN\Creación_de_Dataset_híbrido\Face-Recognition Proyect\Dataset_aumentado\Joey\Joey_52_proc_aug01.jpg,Joey,4,Directo
C:\Users\joeyk\OneDrive\Desktop\CNN\Creación_de_Dataset_híbrido\Face-Recognition Proyect\Dataset_aumentado\Natalie Portman\Natalie_Portman_38_proc.jpg,Natalie Portman,8,Directo
C:\Users\joeyk\OneDrive\Desktop\CNN\Creación_de_Dataset_híbrido\Face-Recognition Proyect\Dataset_aumentado\Kevin\Kevin_88_proc_aug02.jpg,Kevin,6,Directo
C:\Users\joeyk\OneDrive\Desktop\CNN\Creación_de_Dataset_híbrido\Face-Recognition Proyect\Dataset_aumentado\Natalie Portman\Natalie_Portman_85_proc.jpg,Natalie Portman,8,Directo
C:\Users\joeyk\OneDrive\Desktop\CNN\Creación_de_Dataset_híbrido\Face-Recognition Proyect\Dataset_aumentado\Israel\Israel_304_proc_aug03.jpg,Israel,2,Directo
C:\Users\joeyk\OneDrive\Desktop\CNN\Creación_de_Dataset_híbrido\Face-Recognition Proyect\Dataset_aumentado\Joey\Joey_67_proc_aug03.jpg,Joey,4,Directo
C:\Users\joeyk\OneDrive\Desktop\CNN\Creación_de_Dataset_híbrido\Face-Recognition Proyect\Dataset_aumentado\Natalie Portman\Natalie_Portman_75_proc_aug03.jpg,Natalie Portman,8,Directo
C:\Users\joeyk\OneDrive\Desktop\CNN\Creación_de_Dataset_híbrido\Face-Recognition Proyect\Dataset_aumentado\Natalie Portman\Natalie_Portman_17_proc_aug01.jpg,Natalie Portman,8,Directo
C:\Users\joeyk\OneDrive\Desktop\CNN\Creación_de_Dataset_híbrido\Face-Recognition Proyect\Dataset_aumentado\Johnny Depp\Johnny_Depp_8_proc_aug01.jpg,Johnny Depp,5,Directo
C:\Users\joeyk\OneDrive\Desktop\CNN\Creación_de_Dataset_híbrido\Face-Recognition Proyect\Dataset_aumentado\Kevin\Kevin_65_proc_aug02.jpg,Kevin,6,Directo
C:\Users\joeyk\OneDrive\Desktop\CNN\Creación_de_Dataset_híbrido\Face-Recognition Proyect\Dataset_aumentado\Kevin\Kevin_119_proc_aug02.jpg,Kevin,6,Directo
C:\Users\joeyk\OneDrive\Desktop\CNN\Creación_de_Dataset_híbrido\Face-Recognition Proyect\Dataset_aumentado\Kevin\Kevin_139_proc_aug03.jpg,Kevin,6,Directo
C:\Users\joeyk\OneDrive\Desktop\CNN\Creación_de_Dataset_híbrido\Face-Recognition Proyect\Dataset_aumentado\Israel\Israel_322_proc.jpg,Israel,2,Directo
C:\Users\joeyk\OneDrive\Desktop\CNN\Creación_de_Dataset_híbrido\Face-Recognition Proyect\Dataset_aumentado\Joey\Joey_128_proc_aug02.jpg,Joey,4,Directo
C:\Users\joeyk\OneDrive\Desktop\CNN\Creación_de_Dataset_híbrido\Face-Recognition Proyect\Dataset_aumentado\Nicole Kidman\Nicole_Kidman_11_proc_aug01.jpg,Nicole Kidman,9,Directo
C:\Users\joeyk\OneDrive\Desktop\CNN\Creación_de_Dataset_híbrido\Face-Recognition Proyect\Dataset_aumentado\Nicole Kidman\Nicole_Kidman_36_proc_aug02.jpg,Nicole Kidman,9,Directo
C:\Users\joeyk\OneDrive\Desktop\CNN\Creación_de_Dataset_híbrido\Face-Recognition Proyect\Dataset_aumentado\Johnny Depp\Johnny_Depp_73_proc_aug03.jpg,Johnny Depp,5,Directo
C:\Users\joeyk\OneDrive\Desktop\CNN\Creación_de_Dataset_híbrido\Face-Recognition Proyect\Dataset_aumentado\Israel\Israel_290_proc.jpg,Israel,2,Directo
C:\Users\joeyk\OneDrive\Desktop\CNN\Creación_de_Dataset_híbrido\Face-Recognition Proyect\Dataset_aumentado\Jennifer Lawrence\JenniferLawrence_44_proc.jpg,Jennifer Lawrence,3,Directo
C:\Users\joeyk\OneDrive\Desktop\CNN\Creación_de_Dataset_híbrido\Face-Recognition Proyect\Dataset_aumentado\Angelina Jolie\Angelina_Jolie_48_proc.jpg,Angelina Jolie,0,Directo
C:\Users\joeyk\OneDrive\Desktop\CNN\Creación_de_Dataset_híbrido\Face-Recognition Proyect\Dataset_aumentado\Joey\Joey_190_proc_aug01.jpg,Joey,4,Directo
C:\Users\joeyk\OneDrive\Desktop\CNN\Creación_de_Dataset_híbrido\Face-Recognition Proyect\Dataset_aumentado\Israel\Israel_102_proc_aug03.jpg,Israel,2,Directo
C:\Users\joeyk\OneDrive\Desktop\CNN\Creación_de_Dataset_híbrido\Face-Recognition Proyect\Dataset_aumentado\Joey\Joey_163_proc_aug01.jpg,Joey,4,Directo
C:\Users\joeyk\OneDrive\Desktop\CNN\Creación_de_Dataset_híbrido\Face-Recognition Proyect\Dataset_aumentado\Kevin\Kevin_44_proc_aug02.jpg,Kevin,6,Directo
C:\Users\joeyk\OneDrive\Desktop\CNN\Creación_de_Dataset_híbrido\Face-Recognition Proyect\Dataset_aumentado\Joey\Joey_260_proc_aug02.jpg,Joey,4,Directo
C:\Users\joeyk\OneDrive\Desktop\CNN\Creación_de_Dataset_híbrido\Face-Recognition Proyect\Dataset_aumentado\Joey\Joey_291_proc.jpg,Joey,4,Directo
C:\Users\joeyk\OneDrive\Desktop\CNN\Creación_de_Dataset_híbrido\Face-Recognition Proyect\Dataset_aumentado\Joey\Joey_83_proc_aug03.jpg,Joey,4,Directo
C:\Users\joeyk\OneDrive\Desktop\CNN\Creación_de_Dataset_híbrido\Face-Recognition Proyect\Dataset_aumentado\Joey\Joey_168_proc_aug01.jpg,Joey,4,Directo
C:\Users\joeyk\OneDrive\Desktop\CNN\Creación_de_Dataset_híbrido\Face-Recognition Proyect\Dataset_aumentado\Nicole Kidman\Nicole_Kidman_50_proc.jpg,Nicole Kidman,9,Directo
C:\Users\joeyk\OneDrive\Desktop\CNN\Creación_de_Dataset_híbrido\Face-Recognition Proyect\Dataset_aumentado\Joey\Joey_188_proc_aug03.jpg,Joey,4,Directo
C:\Users\joeyk\OneDrive\Desktop\CNN\Creación_de_Dataset_híbrido\Face-Recognition Proyect\Dataset_aumentado\Israel\Israel_102_proc_aug01.jpg,Israel,2,Directo
C:\Users\joeyk\OneDrive\Desktop\CNN\Creación_de_Dataset_híbrido\Face-Recognition Proyect\Dataset_aumentado\Kevin\Kevin_40_proc.jpg,Kevin,6,Directo
C:\Users\joeyk\OneDrive\Desktop\CNN\Creación_de_Dataset_híbrido\Face-Recognition Proyect\Dataset_aumentado\Joey\Joey_55_proc_aug01.jpg,Joey,4,Directo
C:\Users\joeyk\OneDrive\Desktop\CNN\Creación_de_Dataset_híbrido\Face-Recognition Proyect\Dataset_aumentado\Jennifer Lawrence\JenniferLawrence_17_proc_aug01.jpg,Jennifer Lawrence,3,Directo
C:\Users\joeyk\OneDrive\Desktop\CNN\Creación_de_Dataset_híbrido\Face-Recognition Proyect\Dataset_aumentado\Israel\Israel_278_proc_aug01.jpg,Israel,2,Directo
C:\Users\joeyk\OneDrive\Desktop\CNN\Creación_de_Dataset_híbrido\Face-Recognition Proyect\Dataset_aumentado\Israel\Israel_253_proc.jpg,Israel,2,Directo
C:\Users\joeyk\OneDrive\Desktop\CNN\Creación_de_Dataset_híbrido\Face-Recognition Proyect\Dataset_aumentado\Joey\Joey_210_proc_aug03.jpg,Joey,4,Directo
C:\Users\joeyk\OneDrive\Desktop\CNN\Creación_de_Dataset_híbrido\Face-Recognition Proyect\Dataset_aumentado\Nicole Kidman\Nicole_Kidman_63_proc_aug01.jpg,Nicole Kidman,9,Directo
C:\Users\joeyk\OneDrive\Desktop\CNN\Creación_de_Dataset_híbrido\Face-Recognition Proyect\Dataset_aumentado\Israel\Israel_188_proc.jpg,Israel,2,Directo
C:\Users\joeyk\OneDrive\Desktop\CNN\Creación_de_Dataset_híbrido\Face-Recognition Proyect\Dataset_aumentado\Natalie Portman\Natalie_Portman_3_proc.jpg,Natalie Portman,8,Directo
C:\Users\joeyk\OneDrive\Desktop\CNN\Creación_de_Dataset_híbrido\Face-Recognition Proyect\Dataset_aumentado\Joey\Joey_15_proc_aug03.jpg,Joey,4,Directo
C:\Users\joeyk\OneDrive\Desktop\CNN\Creación_de_Dataset_híbrido\Face-Recognition Proyect\Dataset_aumentado\Israel\Israel_184_proc_aug02.jpg,Israel,2,Directo
C:\Users\joeyk\OneDrive\Desktop\CNN\Creación_de_Dataset_híbrido\Face-Recognition Proyect\Dataset_aumentado\Joey\Joey_29_proc_aug03.jpg,Joey,4,Directo
C:\Users\joeyk\OneDrive\Desktop\CNN\Creación_de_Dataset_híbrido\Face-Recognition Proyect\Dataset_aumentado\Joey\Joey_155_proc_aug03.jpg,Joey,4,Directo
C:\Users\joeyk\OneDrive\Desktop\CNN\Creación_de_Dataset_híbrido\Face-Recognition Proyect\Dataset_aumentado\Joey\Joey_67_proc.jpg,Joey,4,Directo
C:\Users\joeyk\OneDrive\Desktop\CNN\Creación_de_Dataset_híbrido\Face-Recognition Proyect\Dataset_aumentado\Kevin\Kevin_85_proc_aug01.jpg,Kevin,6,Directo
C:\Users\joeyk\OneDrive\Desktop\CNN\Creación_de_Dataset_híbrido\Face-Recognition Proyect\Dataset_aumentado\Israel\Israel_116_proc.jpg,Israel,2,Directo
C:\Users\joeyk\OneDrive\Desktop\CNN\Creación_de_Dataset_híbrido\Face-Recognition Proyect\Dataset_aumentado\Kevin\Kevin_147_proc_aug02.jpg,Kevin,6,Directo
C:\Users\joeyk\OneDrive\Desktop\CNN\Creación_de_Dataset_híbrido\Face-Recognition Proyect\Dataset_aumentado\Israel\Israel_41_proc_aug01.jpg,Israel,2,Directo
C:\Users\joeyk\OneDrive\Desktop\CNN\Creación_de_Dataset_híbrido\Face-Recognition Proyect\Dataset_aumentado\Angelina Jolie\Angelina_Jolie_30_proc_aug03.jpg,Angelina Jolie,0,Directo
C:\Users\joeyk\OneDrive\Desktop\CNN\Creación_de_Dataset_híbrido\Face-Recognition Proyect\Dataset_aumentado\Kevin\Kevin_63_proc_aug01.jpg,Kevin,6,Directo
C:\Users\joeyk\OneDrive\Desktop\CNN\Creación_de_Dataset_híbrido\Face-Recognition Proyect\Dataset_aumentado\Angelina Jolie\Angelina_Jolie_47_proc.jpg,Angelina Jolie,0,Directo
C:\Users\joeyk\OneDrive\Desktop\CNN\Creación_de_Dataset_híbrido\Face-Recognition Proyect\Dataset_aumentado\Joey\Joey_259_proc.jpg,Joey,4,Directo
C:\Users\joeyk\OneDrive\Desktop\CNN\Creación_de_Dataset_híbrido\Face-Recognition Proyect\Dataset_aumentado\Jennifer Lawrence\JenniferLawrence_91_proc.jpg,Jennifer Lawrence,3,Directo
C:\Users\joeyk\OneDrive\Desktop\CNN\Creación_de_Dataset_híbrido\Face-Recognition Proyect\Dataset_aumentado\Joey\Joey_83_proc_aug01.jpg,Joey,4,Directo
C:\Users\joeyk\OneDrive\Desktop\CNN\Creación_de_Dataset_híbrido\Face-Recognition Proyect\Dataset_aumentado\Leonardo DiCaprio\Leonardo_DiCaprio_25_proc.jpg,Leonardo DiCaprio,7,Directo
C:\Users\joeyk\OneDrive\Desktop\CNN\Creación_de_Dataset_híbrido\Face-Recognition Proyect\Dataset_aumentado\Israel\Israel_127_proc_aug03.jpg,Israel,2,Directo
C:\Users\joeyk\OneDrive\Desktop\CNN\Creación_de_Dataset_híbrido\Face-Recognition Proyect\Dataset_aumentado\Nicole Kidman\Nicole_Kidman_28_proc_aug03.jpg,Nicole Kidman,9,Directo
C:\Users\joeyk\OneDrive\Desktop\CNN\Creación_de_Dataset_híbrido\Face-Recognition Proyect\Dataset_aumentado\Kevin\Kevin_68_proc.jpg,Kevin,6,Directo
C:\Users\joeyk\OneDrive\Desktop\CNN\Creación_de_Dataset_híbrido\Face-Recognition Proyect\Dataset_aumentado\Jennifer Lawrence\JenniferLawrence_62_proc_aug01.jpg,Jennifer Lawrence,3,Directo
C:\Users\joeyk\OneDrive\Desktop\CNN\Creación_de_Dataset_híbrido\Face-Recognition Proyect\Dataset_aumentado\Joey\Joey_162_proc.jpg,Joey,4,Directo
C:\Users\joeyk\OneDrive\Desktop\CNN\Creación_de_Dataset_híbrido\Face-Recognition Proyect\Dataset_aumentado\Natalie Portman\Natalie_Portman_32_proc_aug01.jpg,Natalie Portman,8,Directo
C:\Users\joeyk\OneDrive\Desktop\CNN\Creación_de_Dataset_híbrido\Face-Recognition Proyect\Dataset_aumentado\Kevin\Kevin_18_proc_aug03.jpg,Kevin,6,Directo
C:\Users\joeyk\OneDrive\Desktop\CNN\Creación_de_Dataset_híbrido\Face-Recognition Proyect\Dataset_aumentado\Jennifer Lawrence\JenniferLawrence_93_proc.jpg,Jennifer Lawrence,3,Directo
C:\Users\joeyk\OneDrive\Desktop\CNN\Creación_de_Dataset_híbrido\Face-Recognition Proyect\Dataset_aumentado\Jennifer Lawrence\JenniferLawrence_56_proc_aug01.jpg,Jennifer Lawrence,3,Directo
C:\Users\joeyk\OneDrive\Desktop\CNN\Creación_de_Dataset_híbrido\Face-Recognition Proyect\Dataset_aumentado\Kevin\Kevin_128_proc.jpg,Kevin,6,Directo
C:\Users\joeyk\OneDrive\Desktop\CNN\Creación_de_Dataset_híbrido\Face-Recognition Proyect\Dataset_aumentado\Brad Pitt\BradPitt_29_proc_aug03.jpg,Brad Pitt,1,Directo
C:\Users\joeyk\OneDrive\Desktop\CNN\Creación_de_Dataset_híbrido\Face-Recognition Proyect\Dataset_aumentado\Brad Pitt\BradPitt_38_proc_aug02.jpg,Brad Pitt,1,Directo
C:\Users\joeyk\OneDrive\Desktop\CNN\Creación_de_Dataset_híbrido\Face-Recognition Proyect\Dataset_aumentado\Joey\Joey_127_proc_aug02.jpg,Joey,4,Directo
C:\Users\joeyk\OneDrive\Desktop\CNN\Creación_de_Dataset_híbrido\Face-Recognition Proyect\Dataset_aumentado\Johnny Depp\Johnny_Depp_72_proc_aug02.jpg,Johnny Depp,5,Directo
C:\Users\joeyk\OneDrive\Desktop\CNN\Creación_de_Dataset_híbrido\Face-Recognition Proyect\Dataset_aumentado\Nicole Kidman\Nicole_Kidman_69_proc_aug01.jpg,Nicole Kidman,9,Directo
C:\Users\joeyk\OneDrive\Desktop\CNN\Creación_de_Dataset_híbrido\Face-Recognition Proyect\Dataset_aumentado\Israel\Israel_296_proc_aug01.jpg,Israel,2,Directo
C:\Users\joeyk\OneDrive\Desktop\CNN\Creación_de_Dataset_híbrido\Face-Recognition Proyect\Dataset_aumentado\Leonardo DiCaprio\Leonardo_DiCaprio_16_proc_aug02.jpg,Leonardo DiCaprio,7,Directo
C:\Users\joeyk\OneDrive\Desktop\CNN\Creación_de_Dataset_híbrido\Face-Recognition Proyect\Dataset_aumentado\Kevin\Kevin_175_proc_aug02.jpg,Kevin,6,Directo
C:\Users\joeyk\OneDrive\Desktop\CNN\Creación_de_Dataset_híbrido\Face-Recognition Proyect\Dataset_aumentado\Joey\Joey_149_proc.jpg,Joey,4,Directo
C:\Users\joeyk\OneDrive\Desktop\CNN\Creación_de_Dataset_híbrido\Face-Recognition Proyect\Dataset_aumentado\Joey\Joey_96_proc_aug01.jpg,Joey,4,Directo
C:\Users\joeyk\OneDrive\Desktop\CNN\Creación_de_Dataset_híbrido\Face-Recognition Proyect\Dataset_aumentado\Jennifer Lawrence\JenniferLawrence_26_proc_aug02.jpg,Jennifer Lawrence,3,Directo
C:\Users\joeyk\OneDrive\Desktop\CNN\Creación_de_Dataset_híbrido\Face-Recognition Proyect\Dataset_aumentado\Brad Pitt\BradPitt_97_proc_aug01.jpg,Brad Pitt,1,Directo
C:\Users\joeyk\OneDrive\Desktop\CNN\Creación_de_Dataset_híbrido\Face-Recognition Proyect\Dataset_aumentado\Israel\Israel_182_proc_aug02.jpg,Israel,2,Directo
C:\Users\joeyk\OneDrive\Desktop\CNN\Creación_de_Dataset_híbrido\Face-Recognition Proyect\Dataset_aumentado\Joey\Joey_205_proc_aug02.jpg,Joey,4,Directo
C:\Users\joeyk\OneDrive\Desktop\CNN\Creación_de_Dataset_híbrido\Face-Recognition Proyect\Dataset_aumentado\Jennifer Lawrence\JenniferLawrence_90_proc.jpg,Jennifer Lawrence,3,Directo
C:\Users\joeyk\OneDrive\Desktop\CNN\Creación_de_Dataset_híbrido\Face-Recognition Proyect\Dataset_aumentado\Israel\Israel_192_proc_aug01.jpg,Israel,2,Directo
C:\Users\joeyk\OneDrive\Desktop\CNN\Creación_de_Dataset_híbrido\Face-Recognition Proyect\Dataset_aumentado\Joey\Joey_227_proc_aug01.jpg,Joey,4,Directo
C:\Users\joeyk\OneDrive\Desktop\CNN\Creación_de_Dataset_híbrido\Face-Recognition Proyect\Dataset_aumentado\Joey\Joey_200_proc_aug03.jpg,Joey,4,Directo
C:\Users\joeyk\OneDrive\Desktop\CNN\Creación_de_Dataset_híbrido\Face-Recognition Proyect\Dataset_aumentado\Angelina Jolie\Angelina_Jolie_44_proc_aug01.jpg,Angelina Jolie,0,Directo
C:\Users\joeyk\OneDrive\Desktop\CNN\Creación_de_Dataset_híbrido\Face-Recognition Proyect\Dataset_aumentado\Jennifer Lawrence\JenniferLawrence_16_proc.jpg,Jennifer Lawrence,3,Directo
C:\Users\joeyk\OneDrive\Desktop\CNN\Creación_de_Dataset_híbrido\Face-Recognition Proyect\Dataset_aumentado\Angelina Jolie\Angelina_Jolie_16_proc_aug01.jpg,Angelina Jolie,0,Directo
C:\Users\joeyk\OneDrive\Desktop\CNN\Creación_de_Dataset_híbrido\Face-Recognition Proyect\Dataset_aumentado\Kevin\Kevin_190_proc_aug01.jpg,Kevin,6,Directo
C:\Users\joeyk\OneDrive\Desktop\CNN\Creación_de_Dataset_híbrido\Face-Recognition Proyect\Dataset_aumentado\Jennifer Lawrence\JenniferLawrence_85_proc_aug03.jpg,Jennifer Lawrence,3,Directo
C:\Users\joeyk\OneDrive\Desktop\CNN\Creación_de_Dataset_híbrido\Face-Recognition Proyect\Dataset_aumentado\Kevin\Kevin_175_proc.jpg,Kevin,6,Directo
C:\Users\joeyk\OneDrive\Desktop\CNN\Creación_de_Dataset_híbrido\Face-Recognition Proyect\Dataset_aumentado\Jennifer Lawrence\JenniferLawrence_62_proc_aug02.jpg,Jennifer Lawrence,3,Directo
C:\Users\joeyk\OneDrive\Desktop\CNN\Creación_de_Dataset_híbrido\Face-Recognition Proyect\Dataset_aumentado\Kevin\Kevin_16_proc_aug03.jpg,Kevin,6,Directo
C:\Users\joeyk\OneDrive\Desktop\CNN\Creación_de_Dataset_híbrido\Face-Recognition Proyect\Dataset_aumentado\Israel\Israel_35_proc_aug03.jpg,Israel,2,Directo
C:\Users\joeyk\OneDrive\Desktop\CNN\Creación_de_Dataset_híbrido\Face-Recognition Proyect\Dataset_aumentado\Israel\Israel_196_proc.jpg,Israel,2,Directo
C:\Users\joeyk\OneDrive\Desktop\CNN\Creación_de_Dataset_híbrido\Face-Recognition Proyect\Dataset_aumentado\Nicole Kidman\Nicole_Kidman_33_proc_aug02.jpg,Nicole Kidman,9,Directo
C:\Users\joeyk\OneDrive\Desktop\CNN\Creación_de_Dataset_híbrido\Face-Recognition Proyect\Dataset_aumentado\Brad Pitt\BradPitt_49_proc.jpg,Brad Pitt,1,Directo
C:\Users\joeyk\OneDrive\Desktop\CNN\Creación_de_Dataset_híbrido\Face-Recognition Proyect\Dataset_aumentado\Angelina Jolie\Angelina_Jolie_23_proc_aug01.jpg,Angelina Jolie,0,Directo
C:\Users\joeyk\OneDrive\Desktop\CNN\Creación_de_Dataset_híbrido\Face-Recognition Proyect\Dataset_aumentado\Joey\Joey_130_proc_aug02.jpg,Joey,4,Directo
C:\Users\joeyk\OneDrive\Desktop\CNN\Creación_de_Dataset_híbrido\Face-Recognition Proyect\Dataset_aumentado\Israel\Israel_187_proc_aug02.jpg,Israel,2,Directo
C:\Users\joeyk\OneDrive\Desktop\CNN\Creación_de_Dataset_híbrido\Face-Recognition Proyect\Dataset_aumentado\Joey\Joey_100_proc_aug03.jpg,Joey,4,Directo
C:\Users\joeyk\OneDrive\Desktop\CNN\Creación_de_Dataset_híbrido\Face-Recognition Proyect\Dataset_aumentado\Johnny Depp\Johnny_Depp_51_proc_aug02.jpg,Johnny Depp,5,Directo
C:\Users\joeyk\OneDrive\Desktop\CNN\Creación_de_Dataset_híbrido\Face-Recognition Proyect\Dataset_aumentado\Johnny Depp\Johnny_Depp_98_proc_aug03.jpg,Johnny Depp,5,Directo
C:\Users\joeyk\OneDrive\Desktop\CNN\Creación_de_Dataset_híbrido\Face-Recognition Proyect\Dataset_aumentado\Joey\Joey_237_proc_aug03.jpg,Joey,4,Directo
C:\Users\joeyk\OneDrive\Desktop\CNN\Creación_de_Dataset_híbrido\Face-Recognition Proyect\Dataset_aumentado\Joey\Joey_294_proc_aug03.jpg,Joey,4,Directo
C:\Users\joeyk\OneDrive\Desktop\CNN\Creación_de_Dataset_híbrido\Face-Recognition Proyect\Dataset_aumentado\Israel\Israel_227_proc.jpg,Israel,2,Directo
C:\Users\joeyk\OneDrive\Desktop\CNN\Creación_de_Dataset_híbrido\Face-Recognition Proyect\Dataset_aumentado\Kevin\Kevin_136_proc_aug03.jpg,Kevin,6,Directo
C:\Users\joeyk\OneDrive\Desktop\CNN\Creación_de_Dataset_híbrido\Face-Recognition Proyect\Dataset_aumentado\Angelina Jolie\Angelina_Jolie_52_proc_aug03.jpg,Angelina Jolie,0,Directo
C:\Users\joeyk\OneDrive\Desktop\CNN\Creación_de_Dataset_híbrido\Face-Recognition Proyect\Dataset_aumentado\Natalie Portman\Natalie_Portman_60_proc_aug02.jpg,Natalie Portman,8,Directo
C:\Users\joeyk\OneDrive\Desktop\CNN\Creación_de_Dataset_híbrido\Face-Recognition Proyect\Dataset_aumentado\Joey\Joey_128_proc_aug01.jpg,Joey,4,Directo
C:\Users\joeyk\OneDrive\Desktop\CNN\Creación_de_Dataset_híbrido\Face-Recognition Proyect\Dataset_aumentado\Israel\Israel_173_proc_aug01.jpg,Israel,2,Directo
C:\Users\joeyk\OneDrive\Desktop\CNN\Creación_de_Dataset_híbrido\Face-Recognition Proyect\Dataset_aumentado\Israel\Israel_109_proc_aug02.jpg,Israel,2,Directo
C:\Users\joeyk\OneDrive\Desktop\CNN\Creación_de_Dataset_híbrido\Face-Recognition Proyect\Dataset_aumentado\Natalie Portman\Natalie_Portman_24_proc_aug01.jpg,Natalie Portman,8,Directo
C:\Users\joeyk\OneDrive\Desktop\CNN\Creación_de_Dataset_híbrido\Face-Recognition Proyect\Dataset_aumentado\Joey\Joey_242_proc_aug02.jpg,Joey,4,Directo
C:\Users\joeyk\OneDrive\Desktop\CNN\Creación_de_Dataset_híbrido\Face-Recognition Proyect\Dataset_aumentado\Jennifer Lawrence\JenniferLawrence_17_proc_aug02.jpg,Jennifer Lawrence,3,Directo
C:\Users\joeyk\OneDrive\Desktop\CNN\Creación_de_Dataset_híbrido\Face-Recognition Proyect\Dataset_aumentado\Brad Pitt\BradPitt_81_proc.jpg,Brad Pitt,1,Directo
C:\Users\joeyk\OneDrive\Desktop\CNN\Creación_de_Dataset_híbrido\Face-Recognition Proyect\Dataset_aumentado\Angelina Jolie\Angelina_Jolie_39_proc_aug02.jpg,Angelina Jolie,0,Directo
C:\Users\joeyk\OneDrive\Desktop\CNN\Creación_de_Dataset_híbrido\Face-Recognition Proyect\Dataset_aumentado\Leonardo DiCaprio\Leonardo_DiCaprio_31_proc_aug03.jpg,Leonardo DiCaprio,7,Directo
C:\Users\joeyk\OneDrive\Desktop\CNN\Creación_de_Dataset_híbrido\Face-Recognition Proyect\Dataset_aumentado\Israel\Israel_322_proc_aug03.jpg,Israel,2,Directo
C:\Users\joeyk\OneDrive\Desktop\CNN\Creación_de_Dataset_híbrido\Face-Recognition Proyect\Dataset_aumentado\Joey\Joey_204_proc_aug02.jpg,Joey,4,Directo
C:\Users\joeyk\OneDrive\Desktop\CNN\Creación_de_Dataset_híbrido\Face-Recognition Proyect\Dataset_aumentado\Joey\Joey_215_proc.jpg,Joey,4,Directo
C:\Users\joeyk\OneDrive\Desktop\CNN\Creación_de_Dataset_híbrido\Face-Recognition Proyect\Dataset_aumentado\Joey\Joey_290_proc.jpg,Joey,4,Directo
C:\Users\joeyk\OneDrive\Desktop\CNN\Creación_de_Dataset_híbrido\Face-Recognition Proyect\Dataset_aumentado\Joey\Joey_204_proc.jpg,Joey,4,Directo
C:\Users\joeyk\OneDrive\Desktop\CNN\Creación_de_Dataset_híbrido\Face-Recognition Proyect\Dataset_aumentado\Israel\Israel_148_proc.jpg,Israel,2,Directo
C:\Users\joeyk\OneDrive\Desktop\CNN\Creación_de_Dataset_híbrido\Face-Recognition Proyect\Dataset_aumentado\Leonardo DiCaprio\Leonardo_DiCaprio_6_proc_aug02.jpg,Leonardo DiCaprio,7,Directo
C:\Users\joeyk\OneDrive\Desktop\CNN\Creación_de_Dataset_híbrido\Face-Recognition Proyect\Dataset_aumentado\Israel\Israel_197_proc_aug01.jpg,Israel,2,Directo
C:\Users\joeyk\OneDrive\Desktop\CNN\Creación_de_Dataset_híbrido\Face-Recognition Proyect\Dataset_aumentado\Leonardo DiCaprio\Leonardo_DiCaprio_38_proc.jpg,Leonardo DiCaprio,7,Directo
C:\Users\joeyk\OneDrive\Desktop\CNN\Creación_de_Dataset_híbrido\Face-Recognition Proyect\Dataset_aumentado\Natalie Portman\Natalie_Portman_50_proc.jpg,Natalie Portman,8,Directo
C:\Users\joeyk\OneDrive\Desktop\CNN\Creación_de_Dataset_híbrido\Face-Recognition Proyect\Dataset_aumentado\Joey\Joey_26_proc_aug02.jpg,Joey,4,Directo
C:\Users\joeyk\OneDrive\Desktop\CNN\Creación_de_Dataset_híbrido\Face-Recognition Proyect\Dataset_aumentado\Israel\Israel_71_proc_aug01.jpg,Israel,2,Directo
C:\Users\joeyk\OneDrive\Desktop\CNN\Creación_de_Dataset_híbrido\Face-Recognition Proyect\Dataset_aumentado\Natalie Portman\Natalie_Portman_30_proc_aug03.jpg,Natalie Portman,8,Directo
C:\Users\joeyk\OneDrive\Desktop\CNN\Creación_de_Dataset_híbrido\Face-Recognition Proyect\Dataset_aumentado\Israel\Israel_148_proc_aug02.jpg,Israel,2,Directo
C:\Users\joeyk\OneDrive\Desktop\CNN\Creación_de_Dataset_híbrido\Face-Recognition Proyect\Dataset_aumentado\Israel\Israel_246_proc.jpg,Israel,2,Directo
C:\Users\joeyk\OneDrive\Desktop\CNN\Creación_de_Dataset_híbrido\Face-Recognition Proyect\Dataset_aumentado\Jennifer Lawrence\JenniferLawrence_72_proc.jpg,Jennifer Lawrence,3,Directo
C:\Users\joeyk\OneDrive\Desktop\CNN\Creación_de_Dataset_híbrido\Face-Recognition Proyect\Dataset_aumentado\Natalie Portman\Natalie_Portman_53_proc_aug03.jpg,Natalie Portman,8,Directo
C:\Users\joeyk\OneDrive\Desktop\CNN\Creación_de_Dataset_híbrido\Face-Recognition Proyect\Dataset_aumentado\Jennifer Lawrence\JenniferLawrence_78_proc_aug01.jpg,Jennifer Lawrence,3,Directo
C:\Users\joeyk\OneDrive\Desktop\CNN\Creación_de_Dataset_híbrido\Face-Recognition Proyect\Dataset_aumentado\Israel\Israel_26_proc.jpg,Israel,2,Directo
C:\Users\joeyk\OneDrive\Desktop\CNN\Creación_de_Dataset_híbrido\Face-Recognition Proyect\Dataset_aumentado\Angelina Jolie\Angelina_Jolie_24_proc_aug03.jpg,Angelina Jolie,0,Directo
C:\Users\joeyk\OneDrive\Desktop\CNN\Creación_de_Dataset_híbrido\Face-Recognition Proyect\Dataset_aumentado\Brad Pitt\BradPitt_52_proc.jpg,Brad Pitt,1,Directo
C:\Users\joeyk\OneDrive\Desktop\CNN\Creación_de_Dataset_híbrido\Face-Recognition Proyect\Dataset_aumentado\Israel\Israel_108_proc_aug01.jpg,Israel,2,Directo
C:\Users\joeyk\OneDrive\Desktop\CNN\Creación_de_Dataset_híbrido\Face-Recognition Proyect\Dataset_aumentado\Israel\Israel_152_proc_aug03.jpg,Israel,2,Directo
C:\Users\joeyk\OneDrive\Desktop\CNN\Creación_de_Dataset_híbrido\Face-Recognition Proyect\Dataset_aumentado\Joey\Joey_169_proc_aug01.jpg,Joey,4,Directo
C:\Users\joeyk\OneDrive\Desktop\CNN\Creación_de_Dataset_híbrido\Face-Recognition Proyect\Dataset_aumentado\Israel\Israel_14_proc_aug03.jpg,Israel,2,Directo
C:\Users\joeyk\OneDrive\Desktop\CNN\Creación_de_Dataset_híbrido\Face-Recognition Proyect\Dataset_aumentado\Brad Pitt\BradPitt_13_proc_aug01.jpg,Brad Pitt,1,Directo
C:\Users\joeyk\OneDrive\Desktop\CNN\Creación_de_Dataset_híbrido\Face-Recognition Proyect\Dataset_aumentado\Joey\Joey_244_proc_aug02.jpg,Joey,4,Directo
C:\Users\joeyk\OneDrive\Desktop\CNN\Creación_de_Dataset_híbrido\Face-Recognition Proyect\Dataset_aumentado\Natalie Portman\Natalie_Portman_91_proc_aug01.jpg,Natalie Portman,8,Directo
C:\Users\joeyk\OneDrive\Desktop\CNN\Creación_de_Dataset_híbrido\Face-Recognition Proyect\Dataset_aumentado\Kevin\Kevin_93_proc_aug02.jpg,Kevin,6,Directo
C:\Users\joeyk\OneDrive\Desktop\CNN\Creación_de_Dataset_híbrido\Face-Recognition Proyect\Dataset_aumentado\Brad Pitt\BradPitt_54_proc_aug02.jpg,Brad Pitt,1,Directo
C:\Users\joeyk\OneDrive\Desktop\CNN\Creación_de_Dataset_híbrido\Face-Recognition Proyect\Dataset_aumentado\Leonardo DiCaprio\Leonardo_DiCaprio_3_proc.jpg,Leonardo DiCaprio,7,Directo
C:\Users\joeyk\OneDrive\Desktop\CNN\Creación_de_Dataset_híbrido\Face-Recognition Proyect\Dataset_aumentado\Joey\Joey_290_proc_aug01.jpg,Joey,4,Directo
C:\Users\joeyk\OneDrive\Desktop\CNN\Creación_de_Dataset_híbrido\Face-Recognition Proyect\Dataset_aumentado\Jennifer Lawrence\JenniferLawrence_71_proc_aug01.jpg,Jennifer Lawrence,3,Directo
C:\Users\joeyk\OneDrive\Desktop\CNN\Creación_de_Dataset_híbrido\Face-Recognition Proyect\Dataset_aumentado\Kevin\Kevin_117_proc_aug03.jpg,Kevin,6,Directo
C:\Users\joeyk\OneDrive\Desktop\CNN\Creación_de_Dataset_híbrido\Face-Recognition Proyect\Dataset_aumentado\Israel\Israel_302_proc_aug03.jpg,Israel,2,Directo
C:\Users\joeyk\OneDrive\Desktop\CNN\Creación_de_Dataset_híbrido\Face-Recognition Proyect\Dataset_aumentado\Jennifer Lawrence\JenniferLawrence_23_proc_aug01.jpg,Jennifer Lawrence,3,Directo
C:\Users\joeyk\OneDrive\Desktop\CNN\Creación_de_Dataset_híbrido\Face-Recognition Proyect\Dataset_aumentado\Israel\Israel_174_proc_aug02.jpg,Israel,2,Directo
C:\Users\joeyk\OneDrive\Desktop\CNN\Creación_de_Dataset_híbrido\Face-Recognition Proyect\Dataset_aumentado\Kevin\Kevin_15_proc_aug03.jpg,Kevin,6,Directo
C:\Users\joeyk\OneDrive\Desktop\CNN\Creación_de_Dataset_híbrido\Face-Recognition Proyect\Dataset_aumentado\Israel\Israel_253_proc_aug03.jpg,Israel,2,Directo
C:\Users\joeyk\OneDrive\Desktop\CNN\Creación_de_Dataset_híbrido\Face-Recognition Proyect\Dataset_aumentado\Kevin\Kevin_27_proc_aug02.jpg,Kevin,6,Directo
C:\Users\joeyk\OneDrive\Desktop\CNN\Creación_de_Dataset_híbrido\Face-Recognition Proyect\Dataset_aumentado\Israel\Israel_149_proc.jpg,Israel,2,Directo
C:\Users\joeyk\OneDrive\Desktop\CNN\Creación_de_Dataset_híbrido\Face-Recognition Proyect\Dataset_aumentado\Natalie Portman\Natalie_Portman_90_proc_aug03.jpg,Natalie Portman,8,Directo
C:\Users\joeyk\OneDrive\Desktop\CNN\Creación_de_Dataset_híbrido\Face-Recognition Proyect\Dataset_aumentado\Joey\Joey_265_proc.jpg,Joey,4,Directo
C:\Users\joeyk\OneDrive\Desktop\CNN\Creación_de_Dataset_híbrido\Face-Recognition Proyect\Dataset_aumentado\Israel\Israel_217_proc_aug01.jpg,Israel,2,Directo
C:\Users\joeyk\OneDrive\Desktop\CNN\Creación_de_Dataset_híbrido\Face-Recognition Proyect\Dataset_aumentado\Israel\Israel_37_proc_aug03.jpg,Israel,2,Directo
C:\Users\joeyk\OneDrive\Desktop\CNN\Creación_de_Dataset_híbrido\Face-Recognition Proyect\Dataset_aumentado\Joey\Joey_238_proc_aug02.jpg,Joey,4,Directo
C:\Users\joeyk\OneDrive\Desktop\CNN\Creación_de_Dataset_híbrido\Face-Recognition Proyect\Dataset_aumentado\Joey\Joey_249_proc_aug03.jpg,Joey,4,Directo
C:\Users\joeyk\OneDrive\Desktop\CNN\Creación_de_Dataset_híbrido\Face-Recognition Proyect\Dataset_aumentado\Jennifer Lawrence\JenniferLawrence_14_proc_aug02.jpg,Jennifer Lawrence,3,Directo
C:\Users\joeyk\OneDrive\Desktop\CNN\Creación_de_Dataset_híbrido\Face-Recognition Proyect\Dataset_aumentado\Joey\Joey_109_proc.jpg,Joey,4,Directo
C:\Users\joeyk\OneDrive\Desktop\CNN\Creación_de_Dataset_híbrido\Face-Recognition Proyect\Dataset_aumentado\Israel\Israel_27_proc_aug03.jpg,Israel,2,Directo
C:\Users\joeyk\OneDrive\Desktop\CNN\Creación_de_Dataset_híbrido\Face-Recognition Proyect\Dataset_aumentado\Angelina Jolie\Angelina_Jolie_67_proc_aug01.jpg,Angelina Jolie,0,Directo
C:\Users\joeyk\OneDrive\Desktop\CNN\Creación_de_Dataset_híbrido\Face-Recognition Proyect\Dataset_aumentado\Kevin\Kevin_99_proc.jpg,Kevin,6,Directo
C:\Users\joeyk\OneDrive\Desktop\CNN\Creación_de_Dataset_híbrido\Face-Recognition Proyect\Dataset_aumentado\Brad Pitt\BradPitt_21_proc_aug02.jpg,Brad Pitt,1,Directo
C:\Users\joeyk\OneDrive\Desktop\CNN\Creación_de_Dataset_híbrido\Face-Recognition Proyect\Dataset_aumentado\Joey\Joey_281_proc_aug01.jpg,Joey,4,Directo
C:\Users\joeyk\OneDrive\Desktop\CNN\Creación_de_Dataset_híbrido\Face-Recognition Proyect\Dataset_aumentado\Israel\Israel_89_proc_aug02.jpg,Israel,2,Directo
C:\Users\joeyk\OneDrive\Desktop\CNN\Creación_de_Dataset_híbrido\Face-Recognition Proyect\Dataset_aumentado\Leonardo DiCaprio\Leonardo_DiCaprio_51_proc_aug02.jpg,Leonardo DiCaprio,7,Directo
C:\Users\joeyk\OneDrive\Desktop\CNN\Creación_de_Dataset_híbrido\Face-Recognition Proyect\Dataset_aumentado\Johnny Depp\Johnny_Depp_55_proc_aug01.jpg,Johnny Depp,5,Directo
C:\Users\joeyk\OneDrive\Desktop\CNN\Creación_de_Dataset_híbrido\Face-Recognition Proyect\Dataset_aumentado\Kevin\Kevin_199_proc_aug02.jpg,Kevin,6,Directo
C:\Users\joeyk\OneDrive\Desktop\CNN\Creación_de_Dataset_híbrido\Face-Recognition Proyect\Dataset_aumentado\Kevin\Kevin_33_proc.jpg,Kevin,6,Directo
C:\Users\joeyk\OneDrive\Desktop\CNN\Creación_de_Dataset_híbrido\Face-Recognition Proyect\Dataset_aumentado\Israel\Israel_252_proc_aug03.jpg,Israel,2,Directo
C:\Users\joeyk\OneDrive\Desktop\CNN\Creación_de_Dataset_híbrido\Face-Recognition Proyect\Dataset_aumentado\Joey\Joey_41_proc_aug02.jpg,Joey,4,Directo
C:\Users\joeyk\OneDrive\Desktop\CNN\Creación_de_Dataset_híbrido\Face-Recognition Proyect\Dataset_aumentado\Israel\Israel_70_proc_aug01.jpg,Israel,2,Directo
C:\Users\joeyk\OneDrive\Desktop\CNN\Creación_de_Dataset_híbrido\Face-Recognition Proyect\Dataset_aumentado\Johnny Depp\Johnny_Depp_44_proc_aug01.jpg,Johnny Depp,5,Directo
C:\Users\joeyk\OneDrive\Desktop\CNN\Creación_de_Dataset_híbrido\Face-Recognition Proyect\Dataset_aumentado\Israel\Israel_51_proc_aug02.jpg,Israel,2,Directo
C:\Users\joeyk\OneDrive\Desktop\CNN\Creación_de_Dataset_híbrido\Face-Recognition Proyect\Dataset_aumentado\Leonardo DiCaprio\Leonardo_DiCaprio_20_proc_aug01.jpg,Leonardo DiCaprio,7,Directo
C:\Users\joeyk\OneDrive\Desktop\CNN\Creación_de_Dataset_híbrido\Face-Recognition Proyect\Dataset_aumentado\Johnny Depp\Johnny_Depp_15_proc.jpg,Johnny Depp,5,Directo
C:\Users\joeyk\OneDrive\Desktop\CNN\Creación_de_Dataset_híbrido\Face-Recognition Proyect\Dataset_aumentado\Joey\Joey_153_proc_aug03.jpg,Joey,4,Directo
C:\Users\joeyk\OneDrive\Desktop\CNN\Creación_de_Dataset_híbrido\Face-Recognition Proyect\Dataset_aumentado\Angelina Jolie\Angelina_Jolie_53_proc.jpg,Angelina Jolie,0,Directo
C:\Users\joeyk\OneDrive\Desktop\CNN\Creación_de_Dataset_híbrido\Face-Recognition Proyect\Dataset_aumentado\Natalie Portman\Natalie_Portman_88_proc.jpg,Natalie Portman,8,Directo
C:\Users\joeyk\OneDrive\Desktop\CNN\Creación_de_Dataset_híbrido\Face-Recognition Proyect\Dataset_aumentado\Nicole Kidman\Nicole_Kidman_100_proc_aug02.jpg,Nicole Kidman,9,Directo
C:\Users\joeyk\OneDrive\Desktop\CNN\Creación_de_Dataset_híbrido\Face-Recognition Proyect\Dataset_aumentado\Natalie Portman\Natalie_Portman_49_proc_aug03.jpg,Natalie Portman,8,Directo
C:\Users\joeyk\OneDrive\Desktop\CNN\Creación_de_Dataset_híbrido\Face-Recognition Proyect\Dataset_aumentado\Joey\Joey_214_proc_aug03.jpg,Joey,4,Directo
C:\Users\joeyk\OneDrive\Desktop\CNN\Creación_de_Dataset_híbrido\Face-Recognition Proyect\Dataset_aumentado\Kevin\Kevin_51_proc_aug01.jpg,Kevin,6,Directo
C:\Users\joeyk\OneDrive\Desktop\CNN\Creación_de_Dataset_híbrido\Face-Recognition Proyect\Dataset_aumentado\Israel\Israel_249_proc_aug03.jpg,Israel,2,Directo
C:\Users\joeyk\OneDrive\Desktop\CNN\Creación_de_Dataset_híbrido\Face-Recognition Proyect\Dataset_aumentado\Johnny Depp\Johnny_Depp_17_proc_aug03.jpg,Johnny Depp,5,Directo
C:\Users\joeyk\OneDrive\Desktop\CNN\Creación_de_Dataset_híbrido\Face-Recognition Proyect\Dataset_aumentado\Israel\Israel_304_proc.jpg,Israel,2,Directo
C:\Users\joeyk\OneDrive\Desktop\CNN\Creación_de_Dataset_híbrido\Face-Recognition Proyect\Dataset_aumentado\Joey\Joey_289_proc_aug02.jpg,Joey,4,Directo
C:\Users\joeyk\OneDrive\Desktop\CNN\Creación_de_Dataset_híbrido\Face-Recognition Proyect\Dataset_aumentado\Natalie Portman\Natalie_Portman_78_proc_aug01.jpg,Natalie Portman,8,Directo
C:\Users\joeyk\OneDrive\Desktop\CNN\Creación_de_Dataset_híbrido\Face-Recognition Proyect\Dataset_aumentado\Johnny Depp\Johnny_Depp_32_proc_aug03.jpg,Johnny Depp,5,Directo
C:\Users\joeyk\OneDrive\Desktop\CNN\Creación_de_Dataset_híbrido\Face-Recognition Proyect\Dataset_aumentado\Angelina Jolie\Angelina_Jolie_16_proc_aug02.jpg,Angelina Jolie,0,Directo
C:\Users\joeyk\OneDrive\Desktop\CNN\Creación_de_Dataset_híbrido\Face-Recognition Proyect\Dataset_aumentado\Brad Pitt\BradPitt_62_proc.jpg,Brad Pitt,1,Directo
C:\Users\joeyk\OneDrive\Desktop\CNN\Creación_de_Dataset_híbrido\Face-Recognition Proyect\Dataset_aumentado\Angelina Jolie\Angelina_Jolie_81_proc.jpg,Angelina Jolie,0,Directo
C:\Users\joeyk\OneDrive\Desktop\CNN\Creación_de_Dataset_híbrido\Face-Recognition Proyect\Dataset_aumentado\Kevin\Kevin_212_proc.jpg,Kevin,6,Directo
C:\Users\joeyk\OneDrive\Desktop\CNN\Creación_de_Dataset_híbrido\Face-Recognition Proyect\Dataset_aumentado\Angelina Jolie\Angelina_Jolie_26_proc.jpg,Angelina Jolie,0,Directo
C:\Users\joeyk\OneDrive\Desktop\CNN\Creación_de_Dataset_híbrido\Face-Recognition Proyect\Dataset_aumentado\Joey\Joey_221_proc.jpg,Joey,4,Directo
C:\Users\joeyk\OneDrive\Desktop\CNN\Creación_de_Dataset_híbrido\Face-Recognition Proyect\Dataset_aumentado\Leonardo DiCaprio\Leonardo_DiCaprio_9_proc_aug03.jpg,Leonardo DiCaprio,7,Directo
C:\Users\joeyk\OneDrive\Desktop\CNN\Creación_de_Dataset_híbrido\Face-Recognition Proyect\Dataset_aumentado\Israel\Israel_52_proc_aug02.jpg,Israel,2,Directo
C:\Users\joeyk\OneDrive\Desktop\CNN\Creación_de_Dataset_híbrido\Face-Recognition Proyect\Dataset_aumentado\Leonardo DiCaprio\Leonardo_DiCaprio_33_proc_aug01.jpg,Leonardo DiCaprio,7,Directo
C:\Users\joeyk\OneDrive\Desktop\CNN\Creación_de_Dataset_híbrido\Face-Recognition Proyect\Dataset_aumentado\Kevin\Kevin_205_proc_aug03.jpg,Kevin,6,Directo
C:\Users\joeyk\OneDrive\Desktop\CNN\Creación_de_Dataset_híbrido\Face-Recognition Proyect\Dataset_aumentado\Joey\Joey_66_proc_aug01.jpg,Joey,4,Directo
C:\Users\joeyk\OneDrive\Desktop\CNN\Creación_de_Dataset_híbrido\Face-Recognition Proyect\Dataset_aumentado\Johnny Depp\Johnny_Depp_69_proc_aug02.jpg,Johnny Depp,5,Directo
C:\Users\joeyk\OneDrive\Desktop\CNN\Creación_de_Dataset_híbrido\Face-Recognition Proyect\Dataset_aumentado\Israel\Israel_331_proc_aug01.jpg,Israel,2,Directo
C:\Users\joeyk\OneDrive\Desktop\CNN\Creación_de_Dataset_híbrido\Face-Recognition Proyect\Dataset_aumentado\Nicole Kidman\Nicole_Kidman_78_proc_aug02.jpg,Nicole Kidman,9,Directo
C:\Users\joeyk\OneDrive\Desktop\CNN\Creación_de_Dataset_híbrido\Face-Recognition Proyect\Dataset_aumentado\Joey\Joey_180_proc_aug02.jpg,Joey,4,Directo
C:\Users\joeyk\OneDrive\Desktop\CNN\Creación_de_Dataset_híbrido\Face-Recognition Proyect\Dataset_aumentado\Joey\Joey_192_proc.jpg,Joey,4,Directo
C:\Users\joeyk\OneDrive\Desktop\CNN\Creación_de_Dataset_híbrido\Face-Recognition Proyect\Dataset_aumentado\Nicole Kidman\Nicole_Kidman_97_proc.jpg,Nicole Kidman,9,Directo
C:\Users\joeyk\OneDrive\Desktop\CNN\Creación_de_Dataset_híbrido\Face-Recognition Proyect\Dataset_aumentado\Johnny Depp\Johnny_Depp_32_proc_aug01.jpg,Johnny Depp,5,Directo
C:\Users\joeyk\OneDrive\Desktop\CNN\Creación_de_Dataset_híbrido\Face-Recognition Proyect\Dataset_aumentado\Joey\Joey_140_proc_aug02.jpg,Joey,4,Directo
C:\Users\joeyk\OneDrive\Desktop\CNN\Creación_de_Dataset_híbrido\Face-Recognition Proyect\Dataset_aumentado\Nicole Kidman\Nicole_Kidman_95_proc_aug03.jpg,Nicole Kidman,9,Directo
C:\Users\joeyk\OneDrive\Desktop\CNN\Creación_de_Dataset_híbrido\Face-Recognition Proyect\Dataset_aumentado\Joey\Joey_16_proc_aug01.jpg,Joey,4,Directo
C:\Users\joeyk\OneDrive\Desktop\CNN\Creación_de_Dataset_híbrido\Face-Recognition Proyect\Dataset_aumentado\Joey\Joey_156_proc.jpg,Joey,4,Directo
C:\Users\joeyk\OneDrive\Desktop\CNN\Creación_de_Dataset_híbrido\Face-Recognition Proyect\Dataset_aumentado\Israel\Israel_170_proc.jpg,Israel,2,Directo
C:\Users\joeyk\OneDrive\Desktop\CNN\Creación_de_Dataset_híbrido\Face-Recognition Proyect\Dataset_aumentado\Joey\Joey_116_proc.jpg,Joey,4,Directo
C:\Users\joeyk\OneDrive\Desktop\CNN\Creación_de_Dataset_híbrido\Face-Recognition Proyect\Dataset_aumentado\Brad Pitt\BradPitt_50_proc.jpg,Brad Pitt,1,Directo
C:\Users\joeyk\OneDrive\Desktop\CNN\Creación_de_Dataset_híbrido\Face-Recognition Proyect\Dataset_aumentado\Leonardo DiCaprio\Leonardo_DiCaprio_83_proc_aug01.jpg,Leonardo DiCaprio,7,Directo
C:\Users\joeyk\OneDrive\Desktop\CNN\Creación_de_Dataset_híbrido\Face-Recognition Proyect\Dataset_aumentado\Joey\Joey_42_proc.jpg,Joey,4,Directo
C:\Users\joeyk\OneDrive\Desktop\CNN\Creación_de_Dataset_híbrido\Face-Recognition Proyect\Dataset_aumentado\Johnny Depp\Johnny_Depp_1_proc_aug01.jpg,Johnny Depp,5,Directo
C:\Users\joeyk\OneDrive\Desktop\CNN\Creación_de_Dataset_híbrido\Face-Recognition Proyect\Dataset_aumentado\Israel\Israel_154_proc.jpg,Israel,2,Directo
C:\Users\joeyk\OneDrive\Desktop\CNN\Creación_de_Dataset_híbrido\Face-Recognition Proyect\Dataset_aumentado\Israel\Israel_34_proc_aug02.jpg,Israel,2,Directo
C:\Users\joeyk\OneDrive\Desktop\CNN\Creación_de_Dataset_híbrido\Face-Recognition Proyect\Dataset_aumentado\Leonardo DiCaprio\Leonardo_DiCaprio_25_proc_aug02.jpg,Leonardo DiCaprio,7,Directo
C:\Users\joeyk\OneDrive\Desktop\CNN\Creación_de_Dataset_híbrido\Face-Recognition Proyect\Dataset_aumentado\Natalie Portman\Natalie_Portman_46_proc_aug01.jpg,Natalie Portman,8,Directo
C:\Users\joeyk\OneDrive\Desktop\CNN\Creación_de_Dataset_híbrido\Face-Recognition Proyect\Dataset_aumentado\Nicole Kidman\Nicole_Kidman_27_proc_aug03.jpg,Nicole Kidman,9,Directo
C:\Users\joeyk\OneDrive\Desktop\CNN\Creación_de_Dataset_híbrido\Face-Recognition Proyect\Dataset_aumentado\Joey\Joey_155_proc_aug01.jpg,Joey,4,Directo
C:\Users\joeyk\OneDrive\Desktop\CNN\Creación_de_Dataset_híbrido\Face-Recognition Proyect\Dataset_aumentado\Israel\Israel_87_proc_aug01.jpg,Israel,2,Directo
C:\Users\joeyk\OneDrive\Desktop\CNN\Creación_de_Dataset_híbrido\Face-Recognition Proyect\Dataset_aumentado\Israel\Israel_266_proc_aug03.jpg,Israel,2,Directo
C:\Users\joeyk\OneDrive\Desktop\CNN\Creación_de_Dataset_híbrido\Face-Recognition Proyect\Dataset_aumentado\Kevin\Kevin_160_proc_aug01.jpg,Kevin,6,Directo
C:\Users\joeyk\OneDrive\Desktop\CNN\Creación_de_Dataset_híbrido\Face-Recognition Proyect\Dataset_aumentado\Israel\Israel_79_proc_aug01.jpg,Israel,2,Directo
C:\Users\joeyk\OneDrive\Desktop\CNN\Creación_de_Dataset_híbrido\Face-Recognition Proyect\Dataset_aumentado\Natalie Portman\Natalie_Portman_9_proc_aug02.jpg,Natalie Portman,8,Directo
C:\Users\joeyk\OneDrive\Desktop\CNN\Creación_de_Dataset_híbrido\Face-Recognition Proyect\Dataset_aumentado\Israel\Israel_86_proc_aug02.jpg,Israel,2,Directo
C:\Users\joeyk\OneDrive\Desktop\CNN\Creación_de_Dataset_híbrido\Face-Recognition Proyect\Dataset_aumentado\Israel\Israel_250_proc_aug01.jpg,Israel,2,Directo
C:\Users\joeyk\OneDrive\Desktop\CNN\Creación_de_Dataset_híbrido\Face-Recognition Proyect\Dataset_aumentado\Israel\Israel_335_proc_aug02.jpg,Israel,2,Directo
C:\Users\joeyk\OneDrive\Desktop\CNN\Creación_de_Dataset_híbrido\Face-Recognition Proyect\Dataset_aumentado\Joey\Joey_22_proc_aug02.jpg,Joey,4,Directo
C:\Users\joeyk\OneDrive\Desktop\CNN\Creación_de_Dataset_híbrido\Face-Recognition Proyect\Dataset_aumentado\Brad Pitt\BradPitt_96_proc.jpg,Brad Pitt,1,Directo
C:\Users\joeyk\OneDrive\Desktop\CNN\Creación_de_Dataset_híbrido\Face-Recognition Proyect\Dataset_aumentado\Natalie Portman\Natalie_Portman_78_proc_aug03.jpg,Natalie Portman,8,Directo
C:\Users\joeyk\OneDrive\Desktop\CNN\Creación_de_Dataset_híbrido\Face-Recognition Proyect\Dataset_aumentado\Angelina Jolie\Angelina_Jolie_31_proc_aug02.jpg,Angelina Jolie,0,Directo
C:\Users\joeyk\OneDrive\Desktop\CNN\Creación_de_Dataset_híbrido\Face-Recognition Proyect\Dataset_aumentado\Natalie Portman\Natalie_Portman_36_proc_aug01.jpg,Natalie Portman,8,Directo
C:\Users\joeyk\OneDrive\Desktop\CNN\Creación_de_Dataset_híbrido\Face-Recognition Proyect\Dataset_aumentado\Joey\Joey_224_proc.jpg,Joey,4,Directo
C:\Users\joeyk\OneDrive\Desktop\CNN\Creación_de_Dataset_híbrido\Face-Recognition Proyect\Dataset_aumentado\Nicole Kidman\Nicole_Kidman_43_proc.jpg,Nicole Kidman,9,Directo
C:\Users\joeyk\OneDrive\Desktop\CNN\Creación_de_Dataset_híbrido\Face-Recognition Proyect\Dataset_aumentado\Kevin\Kevin_211_proc.jpg,Kevin,6,Directo
C:\Users\joeyk\OneDrive\Desktop\CNN\Creación_de_Dataset_híbrido\Face-Recognition Proyect\Dataset_aumentado\Israel\Israel_139_proc_aug01.jpg,Israel,2,Directo
C:\Users\joeyk\OneDrive\Desktop\CNN\Creación_de_Dataset_híbrido\Face-Recognition Proyect\Dataset_aumentado\Joey\Joey_157_proc_aug03.jpg,Joey,4,Directo
C:\Users\joeyk\OneDrive\Desktop\CNN\Creación_de_Dataset_híbrido\Face-Recognition Proyect\Dataset_aumentado\Johnny Depp\Johnny_Depp_77_proc.jpg,Johnny Depp,5,Directo
C:\Users\joeyk\OneDrive\Desktop\CNN\Creación_de_Dataset_híbrido\Face-Recognition Proyect\Dataset_aumentado\Joey\Joey_42_proc_aug02.jpg,Joey,4,Directo
C:\Users\joeyk\OneDrive\Desktop\CNN\Creación_de_Dataset_híbrido\Face-Recognition Proyect\Dataset_aumentado\Kevin\Kevin_188_proc_aug03.jpg,Kevin,6,Directo
C:\Users\joeyk\OneDrive\Desktop\CNN\Creación_de_Dataset_híbrido\Face-Recognition Proyect\Dataset_aumentado\Nicole Kidman\Nicole_Kidman_9_proc_aug01.jpg,Nicole Kidman,9,Directo
C:\Users\joeyk\OneDrive\Desktop\CNN\Creación_de_Dataset_híbrido\Face-Recognition Proyect\Dataset_aumentado\Brad Pitt\BradPitt_29_proc_aug01.jpg,Brad Pitt,1,Directo
C:\Users\joeyk\OneDrive\Desktop\CNN\Creación_de_Dataset_híbrido\Face-Recognition Proyect\Dataset_aumentado\Israel\Israel_306_proc_aug03.jpg,Israel,2,Directo
C:\Users\joeyk\OneDrive\Desktop\CNN\Creación_de_Dataset_híbrido\Face-Recognition Proyect\Dataset_aumentado\Joey\Joey_183_proc_aug03.jpg,Joey,4,Directo
C:\Users\joeyk\OneDrive\Desktop\CNN\Creación_de_Dataset_híbrido\Face-Recognition Proyect\Dataset_aumentado\Johnny Depp\Johnny_Depp_72_proc_aug01.jpg,Johnny Depp,5,Directo
C:\Users\joeyk\OneDrive\Desktop\CNN\Creación_de_Dataset_híbrido\Face-Recognition Proyect\Dataset_aumentado\Joey\Joey_244_proc.jpg,Joey,4,Directo
C:\Users\joeyk\OneDrive\Desktop\CNN\Creación_de_Dataset_híbrido\Face-Recognition Proyect\Dataset_aumentado\Joey\Joey_169_proc_aug03.jpg,Joey,4,Directo
C:\Users\joeyk\OneDrive\Desktop\CNN\Creación_de_Dataset_híbrido\Face-Recognition Proyect\Dataset_aumentado\Leonardo DiCaprio\Leonardo_DiCaprio_24_proc.jpg,Leonardo DiCaprio,7,Directo
C:\Users\joeyk\OneDrive\Desktop\CNN\Creación_de_Dataset_híbrido\Face-Recognition Proyect\Dataset_aumentado\Johnny Depp\Johnny_Depp_44_proc_aug03.jpg,Johnny Depp,5,Directo
C:\Users\joeyk\OneDrive\Desktop\CNN\Creación_de_Dataset_híbrido\Face-Recognition Proyect\Dataset_aumentado\Israel\Israel_231_proc_aug02.jpg,Israel,2,Directo
C:\Users\joeyk\OneDrive\Desktop\CNN\Creación_de_Dataset_híbrido\Face-Recognition Proyect\Dataset_aumentado\Brad Pitt\BradPitt_50_proc_aug01.jpg,Brad Pitt,1,Directo
C:\Users\joeyk\OneDrive\Desktop\CNN\Creación_de_Dataset_híbrido\Face-Recognition Proyect\Dataset_aumentado\Brad Pitt\BradPitt_97_proc_aug02.jpg,Brad Pitt,1,Directo
C:\Users\joeyk\OneDrive\Desktop\CNN\Creación_de_Dataset_híbrido\Face-Recognition Proyect\Dataset_aumentado\Joey\Joey_17_proc_aug02.jpg,Joey,4,Directo
C:\Users\joeyk\OneDrive\Desktop\CNN\Creación_de_Dataset_híbrido\Face-Recognition Proyect\Dataset_aumentado\Kevin\Kevin_157_proc.jpg,Kevin,6,Directo
C:\Users\joeyk\OneDrive\Desktop\CNN\Creación_de_Dataset_híbrido\Face-Recognition Proyect\Dataset_aumentado\Jennifer Lawrence\JenniferLawrence_51_proc_aug01.jpg,Jennifer Lawrence,3,Directo
C:\Users\joeyk\OneDrive\Desktop\CNN\Creación_de_Dataset_híbrido\Face-Recognition Proyect\Dataset_aumentado\Kevin\Kevin_73_proc_aug02.jpg,Kevin,6,Directo
C:\Users\joeyk\OneDrive\Desktop\CNN\Creación_de_Dataset_híbrido\Face-Recognition Proyect\Dataset_aumentado\Natalie Portman\Natalie_Portman_16_proc_aug01.jpg,Natalie Portman,8,Directo
C:\Users\joeyk\OneDrive\Desktop\CNN\Creación_de_Dataset_híbrido\Face-Recognition Proyect\Dataset_aumentado\Joey\Joey_252_proc_aug01.jpg,Joey,4,Directo
C:\Users\joeyk\OneDrive\Desktop\CNN\Creación_de_Dataset_híbrido\Face-Recognition Proyect\Dataset_aumentado\Natalie Portman\Natalie_Portman_40_proc_aug03.jpg,Natalie Portman,8,Directo
C:\Users\joeyk\OneDrive\Desktop\CNN\Creación_de_Dataset_híbrido\Face-Recognition Proyect\Dataset_aumentado\Kevin\Kevin_166_proc.jpg,Kevin,6,Directo
C:\Users\joeyk\OneDrive\Desktop\CNN\Creación_de_Dataset_híbrido\Face-Recognition Proyect\Dataset_aumentado\Kevin\Kevin_87_proc.jpg,Kevin,6,Directo
C:\Users\joeyk\OneDrive\Desktop\CNN\Creación_de_Dataset_híbrido\Face-Recognition Proyect\Dataset_aumentado\Leonardo DiCaprio\Leonardo_DiCaprio_61_proc.jpg,Leonardo DiCaprio,7,Directo
C:\Users\joeyk\OneDrive\Desktop\CNN\Creación_de_Dataset_híbrido\Face-Recognition Proyect\Dataset_aumentado\Israel\Israel_83_proc_aug02.jpg,Israel,2,Directo
C:\Users\joeyk\OneDrive\Desktop\CNN\Creación_de_Dataset_híbrido\Face-Recognition Proyect\Dataset_aumentado\Nicole Kidman\Nicole_Kidman_10_proc_aug01.jpg,Nicole Kidman,9,Directo
C:\Users\joeyk\OneDrive\Desktop\CNN\Creación_de_Dataset_híbrido\Face-Recognition Proyect\Dataset_aumentado\Brad Pitt\BradPitt_5_proc_aug01.jpg,Brad Pitt,1,Directo
C:\Users\joeyk\OneDrive\Desktop\CNN\Creación_de_Dataset_híbrido\Face-Recognition Proyect\Dataset_aumentado\Leonardo DiCaprio\Leonardo_DiCaprio_70_proc.jpg,Leonardo DiCaprio,7,Directo
C:\Users\joeyk\OneDrive\Desktop\CNN\Creación_de_Dataset_híbrido\Face-Recognition Proyect\Dataset_aumentado\Israel\Israel_75_proc_aug03.jpg,Israel,2,Directo
C:\Users\joeyk\OneDrive\Desktop\CNN\Creación_de_Dataset_híbrido\Face-Recognition Proyect\Dataset_aumentado\Joey\Joey_42_proc_aug03.jpg,Joey,4,Directo
C:\Users\joeyk\OneDrive\Desktop\CNN\Creación_de_Dataset_híbrido\Face-Recognition Proyect\Dataset_aumentado\Kevin\Kevin_80_proc_aug03.jpg,Kevin,6,Directo
C:\Users\joeyk\OneDrive\Desktop\CNN\Creación_de_Dataset_híbrido\Face-Recognition Proyect\Dataset_aumentado\Joey\Joey_215_proc_aug02.jpg,Joey,4,Directo
C:\Users\joeyk\OneDrive\Desktop\CNN\Creación_de_Dataset_híbrido\Face-Recognition Proyect\Dataset_aumentado\Jennifer Lawrence\JenniferLawrence_44_proc_aug03.jpg,Jennifer Lawrence,3,Directo
C:\Users\joeyk\OneDrive\Desktop\CNN\Creación_de_Dataset_híbrido\Face-Recognition Proyect\Dataset_aumentado\Joey\Joey_73_proc.jpg,Joey,4,Directo
C:\Users\joeyk\OneDrive\Desktop\CNN\Creación_de_Dataset_híbrido\Face-Recognition Proyect\Dataset_aumentado\Natalie Portman\Natalie_Portman_65_proc_aug02.jpg,Natalie Portman,8,Directo
C:\Users\joeyk\OneDrive\Desktop\CNN\Creación_de_Dataset_híbrido\Face-Recognition Proyect\Dataset_aumentado\Jennifer Lawrence\JenniferLawrence_97_proc_aug02.jpg,Jennifer Lawrence,3,Directo
C:\Users\joeyk\OneDrive\Desktop\CNN\Creación_de_Dataset_híbrido\Face-Recognition Proyect\Dataset_aumentado\Angelina Jolie\Angelina_Jolie_96_proc_aug03.jpg,Angelina Jolie,0,Directo
C:\Users\joeyk\OneDrive\Desktop\CNN\Creación_de_Dataset_híbrido\Face-Recognition Proyect\Dataset_aumentado\Joey\Joey_264_proc_aug03.jpg,Joey,4,Directo
C:\Users\joeyk\OneDrive\Desktop\CNN\Creación_de_Dataset_híbrido\Face-Recognition Proyect\Dataset_aumentado\Nicole Kidman\Nicole_Kidman_36_proc_aug03.jpg,Nicole Kidman,9,Directo
C:\Users\joeyk\OneDrive\Desktop\CNN\Creación_de_Dataset_híbrido\Face-Recognition Proyect\Dataset_aumentado\Israel\Israel_230_proc_aug01.jpg,Israel,2,Directo
C:\Users\joeyk\OneDrive\Desktop\CNN\Creación_de_Dataset_híbrido\Face-Recognition Proyect\Dataset_aumentado\Natalie Portman\Natalie_Portman_84_proc.jpg,Natalie Portman,8,Directo
C:\Users\joeyk\OneDrive\Desktop\CNN\Creación_de_Dataset_híbrido\Face-Recognition Proyect\Dataset_aumentado\Kevin\Kevin_24_proc.jpg,Kevin,6,Directo
C:\Users\joeyk\OneDrive\Desktop\CNN\Creación_de_Dataset_híbrido\Face-Recognition Proyect\Dataset_aumentado\Israel\Israel_62_proc_aug03.jpg,Israel,2,Directo
C:\Users\joeyk\OneDrive\Desktop\CNN\Creación_de_Dataset_híbrido\Face-Recognition Proyect\Dataset_aumentado\Brad Pitt\BradPitt_33_proc_aug01.jpg,Brad Pitt,1,Directo
C:\Users\joeyk\OneDrive\Desktop\CNN\Creación_de_Dataset_híbrido\Face-Recognition Proyect\Dataset_aumentado\Israel\Israel_142_proc_aug02.jpg,Israel,2,Directo
C:\Users\joeyk\OneDrive\Desktop\CNN\Creación_de_Dataset_híbrido\Face-Recognition Proyect\Dataset_aumentado\Joey\Joey_232_proc_aug03.jpg,Joey,4,Directo
C:\Users\joeyk\OneDrive\Desktop\CNN\Creación_de_Dataset_híbrido\Face-Recognition Proyect\Dataset_aumentado\Jennifer Lawrence\JenniferLawrence_11_proc.jpg,Jennifer Lawrence,3,Directo
C:\Users\joeyk\OneDrive\Desktop\CNN\Creación_de_Dataset_híbrido\Face-Recognition Proyect\Dataset_aumentado\Kevin\Kevin_31_proc_aug02.jpg,Kevin,6,Directo
C:\Users\joeyk\OneDrive\Desktop\CNN\Creación_de_Dataset_híbrido\Face-Recognition Proyect\Dataset_aumentado\Israel\Israel_329_proc_aug01.jpg,Israel,2,Directo
C:\Users\joeyk\OneDrive\Desktop\CNN\Creación_de_Dataset_híbrido\Face-Recognition Proyect\Dataset_aumentado\Johnny Depp\Johnny_Depp_45_proc.jpg,Johnny Depp,5,Directo
C:\Users\joeyk\OneDrive\Desktop\CNN\Creación_de_Dataset_híbrido\Face-Recognition Proyect\Dataset_aumentado\Kevin\Kevin_23_proc.jpg,Kevin,6,Directo
C:\Users\joeyk\OneDrive\Desktop\CNN\Creación_de_Dataset_híbrido\Face-Recognition Proyect\Dataset_aumentado\Natalie Portman\Natalie_Portman_47_proc_aug03.jpg,Natalie Portman,8,Directo
C:\Users\joeyk\OneDrive\Desktop\CNN\Creación_de_Dataset_híbrido\Face-Recognition Proyect\Dataset_aumentado\Kevin\Kevin_4_proc_aug03.jpg,Kevin,6,Directo
C:\Users\joeyk\OneDrive\Desktop\CNN\Creación_de_Dataset_híbrido\Face-Recognition Proyect\Dataset_aumentado\Israel\Israel_27_proc_aug01.jpg,Israel,2,Directo
C:\Users\joeyk\OneDrive\Desktop\CNN\Creación_de_Dataset_híbrido\Face-Recognition Proyect\Dataset_aumentado\Leonardo DiCaprio\Leonardo_DiCaprio_23_proc_aug03.jpg,Leonardo DiCaprio,7,Directo
C:\Users\joeyk\OneDrive\Desktop\CNN\Creación_de_Dataset_híbrido\Face-Recognition Proyect\Dataset_aumentado\Israel\Israel_117_proc.jpg,Israel,2,Directo
C:\Users\joeyk\OneDrive\Desktop\CNN\Creación_de_Dataset_híbrido\Face-Recognition Proyect\Dataset_aumentado\Israel\Israel_26_proc_aug01.jpg,Israel,2,Directo
C:\Users\joeyk\OneDrive\Desktop\CNN\Creación_de_Dataset_híbrido\Face-Recognition Proyect\Dataset_aumentado\Joey\Joey_263_proc.jpg,Joey,4,Directo
C:\Users\joeyk\OneDrive\Desktop\CNN\Creación_de_Dataset_híbrido\Face-Recognition Proyect\Dataset_aumentado\Joey\Joey_166_proc.jpg,Joey,4,Directo
C:\Users\joeyk\OneDrive\Desktop\CNN\Creación_de_Dataset_híbrido\Face-Recognition Proyect\Dataset_aumentado\Angelina Jolie\Angelina_Jolie_89_proc_aug01.jpg,Angelina Jolie,0,Directo
C:\Users\joeyk\OneDrive\Desktop\CNN\Creación_de_Dataset_híbrido\Face-Recognition Proyect\Dataset_aumentado\Kevin\Kevin_160_proc_aug02.jpg,Kevin,6,Directo
C:\Users\joeyk\OneDrive\Desktop\CNN\Creación_de_Dataset_híbrido\Face-Recognition Proyect\Dataset_aumentado\Israel\Israel_327_proc_aug03.jpg,Israel,2,Directo
C:\Users\joeyk\OneDrive\Desktop\CNN\Creación_de_Dataset_híbrido\Face-Recognition Proyect\Dataset_aumentado\Johnny Depp\Johnny_Depp_62_proc_aug03.jpg,Johnny Depp,5,Directo
C:\Users\joeyk\OneDrive\Desktop\CNN\Creación_de_Dataset_híbrido\Face-Recognition Proyect\Dataset_aumentado\Israel\Israel_199_proc_aug01.jpg,Israel,2,Directo
C:\Users\joeyk\OneDrive\Desktop\CNN\Creación_de_Dataset_híbrido\Face-Recognition Proyect\Dataset_aumentado\Leonardo DiCaprio\Leonardo_DiCaprio_47_proc_aug03.jpg,Leonardo DiCaprio,7,Directo
C:\Users\joeyk\OneDrive\Desktop\CNN\Creación_de_Dataset_híbrido\Face-Recognition Proyect\Dataset_aumentado\Johnny Depp\Johnny_Depp_65_proc_aug01.jpg,Johnny Depp,5,Directo
C:\Users\joeyk\OneDrive\Desktop\CNN\Creación_de_Dataset_híbrido\Face-Recognition Proyect\Dataset_aumentado\Kevin\Kevin_133_proc_aug03.jpg,Kevin,6,Directo
C:\Users\joeyk\OneDrive\Desktop\CNN\Creación_de_Dataset_híbrido\Face-Recognition Proyect\Dataset_aumentado\Brad Pitt\BradPitt_91_proc_aug03.jpg,Brad Pitt,1,Directo
C:\Users\joeyk\OneDrive\Desktop\CNN\Creación_de_Dataset_híbrido\Face-Recognition Proyect\Dataset_aumentado\Joey\Joey_6_proc_aug03.jpg,Joey,4,Directo
C:\Users\joeyk\OneDrive\Desktop\CNN\Creación_de_Dataset_híbrido\Face-Recognition Proyect\Dataset_aumentado\Kevin\Kevin_147_proc_aug01.jpg,Kevin,6,Directo
C:\Users\joeyk\OneDrive\Desktop\CNN\Creación_de_Dataset_híbrido\Face-Recognition Proyect\Dataset_aumentado\Israel\Israel_135_proc_aug03.jpg,Israel,2,Directo
C:\Users\joeyk\OneDrive\Desktop\CNN\Creación_de_Dataset_híbrido\Face-Recognition Proyect\Dataset_aumentado\Joey\Joey_133_proc_aug03.jpg,Joey,4,Directo
C:\Users\joeyk\OneDrive\Desktop\CNN\Creación_de_Dataset_híbrido\Face-Recognition Proyect\Dataset_aumentado\Brad Pitt\BradPitt_97_proc_aug03.jpg,Brad Pitt,1,Directo
C:\Users\joeyk\OneDrive\Desktop\CNN\Creación_de_Dataset_híbrido\Face-Recognition Proyect\Dataset_aumentado\Leonardo DiCaprio\Leonardo_DiCaprio_72_proc_aug01.jpg,Leonardo DiCaprio,7,Directo
C:\Users\joeyk\OneDrive\Desktop\CNN\Creación_de_Dataset_híbrido\Face-Recognition Proyect\Dataset_aumentado\Israel\Israel_133_proc_aug03.jpg,Israel,2,Directo
C:\Users\joeyk\OneDrive\Desktop\CNN\Creación_de_Dataset_híbrido\Face-Recognition Proyect\Dataset_aumentado\Brad Pitt\BradPitt_13_proc_aug02.jpg,Brad Pitt,1,Directo
C:\Users\joeyk\OneDrive\Desktop\CNN\Creación_de_Dataset_híbrido\Face-Recognition Proyect\Dataset_aumentado\Israel\Israel_287_proc_aug03.jpg,Israel,2,Directo
C:\Users\joeyk\OneDrive\Desktop\CNN\Creación_de_Dataset_híbrido\Face-Recognition Proyect\Dataset_aumentado\Joey\Joey_137_proc_aug03.jpg,Joey,4,Directo
C:\Users\joeyk\OneDrive\Desktop\CNN\Creación_de_Dataset_híbrido\Face-Recognition Proyect\Dataset_aumentado\Kevin\Kevin_110_proc_aug02.jpg,Kevin,6,Directo
C:\Users\joeyk\OneDrive\Desktop\CNN\Creación_de_Dataset_híbrido\Face-Recognition Proyect\Dataset_aumentado\Israel\Israel_187_proc_aug01.jpg,Israel,2,Directo
C:\Users\joeyk\OneDrive\Desktop\CNN\Creación_de_Dataset_híbrido\Face-Recognition Proyect\Dataset_aumentado\Joey\Joey_64_proc_aug02.jpg,Joey,4,Directo
C:\Users\joeyk\OneDrive\Desktop\CNN\Creación_de_Dataset_híbrido\Face-Recognition Proyect\Dataset_aumentado\Israel\Israel_201_proc_aug02.jpg,Israel,2,Directo
C:\Users\joeyk\OneDrive\Desktop\CNN\Creación_de_Dataset_híbrido\Face-Recognition Proyect\Dataset_aumentado\Joey\Joey_21_proc_aug03.jpg,Joey,4,Directo
C:\Users\joeyk\OneDrive\Desktop\CNN\Creación_de_Dataset_híbrido\Face-Recognition Proyect\Dataset_aumentado\Nicole Kidman\Nicole_Kidman_52_proc_aug03.jpg,Nicole Kidman,9,Directo
C:\Users\joeyk\OneDrive\Desktop\CNN\Creación_de_Dataset_híbrido\Face-Recognition Proyect\Dataset_aumentado\Israel\Israel_112_proc_aug02.jpg,Israel,2,Directo
C:\Users\joeyk\OneDrive\Desktop\CNN\Creación_de_Dataset_híbrido\Face-Recognition Proyect\Dataset_aumentado\Kevin\Kevin_96_proc_aug02.jpg,Kevin,6,Directo
C:\Users\joeyk\OneDrive\Desktop\CNN\Creación_de_Dataset_híbrido\Face-Recognition Proyect\Dataset_aumentado\Israel\Israel_214_proc.jpg,Israel,2,Directo
C:\Users\joeyk\OneDrive\Desktop\CNN\Creación_de_Dataset_híbrido\Face-Recognition Proyect\Dataset_aumentado\Brad Pitt\BradPitt_85_proc_aug02.jpg,Brad Pitt,1,Directo
C:\Users\joeyk\OneDrive\Desktop\CNN\Creación_de_Dataset_híbrido\Face-Recognition Proyect\Dataset_aumentado\Joey\Joey_227_proc.jpg,Joey,4,Directo
C:\Users\joeyk\OneDrive\Desktop\CNN\Creación_de_Dataset_híbrido\Face-Recognition Proyect\Dataset_aumentado\Jennifer Lawrence\JenniferLawrence_25_proc_aug01.jpg,Jennifer Lawrence,3,Directo
C:\Users\joeyk\OneDrive\Desktop\CNN\Creación_de_Dataset_híbrido\Face-Recognition Proyect\Dataset_aumentado\Joey\Joey_22_proc.jpg,Joey,4,Directo
C:\Users\joeyk\OneDrive\Desktop\CNN\Creación_de_Dataset_híbrido\Face-Recognition Proyect\Dataset_aumentado\Joey\Joey_269_proc.jpg,Joey,4,Directo
C:\Users\joeyk\OneDrive\Desktop\CNN\Creación_de_Dataset_híbrido\Face-Recognition Proyect\Dataset_aumentado\Israel\Israel_318_proc_aug02.jpg,Israel,2,Directo
C:\Users\joeyk\OneDrive\Desktop\CNN\Creación_de_Dataset_híbrido\Face-Recognition Proyect\Dataset_aumentado\Kevin\Kevin_125_proc_aug01.jpg,Kevin,6,Directo
C:\Users\joeyk\OneDrive\Desktop\CNN\Creación_de_Dataset_híbrido\Face-Recognition Proyect\Dataset_aumentado\Angelina Jolie\Angelina_Jolie_96_proc_aug02.jpg,Angelina Jolie,0,Directo
C:\Users\joeyk\OneDrive\Desktop\CNN\Creación_de_Dataset_híbrido\Face-Recognition Proyect\Dataset_aumentado\Brad Pitt\BradPitt_69_proc.jpg,Brad Pitt,1,Directo
C:\Users\joeyk\OneDrive\Desktop\CNN\Creación_de_Dataset_híbrido\Face-Recognition Proyect\Dataset_aumentado\Israel\Israel_279_proc_aug02.jpg,Israel,2,Directo
C:\Users\joeyk\OneDrive\Desktop\CNN\Creación_de_Dataset_híbrido\Face-Recognition Proyect\Dataset_aumentado\Israel\Israel_259_proc_aug01.jpg,Israel,2,Directo
C:\Users\joeyk\OneDrive\Desktop\CNN\Creación_de_Dataset_híbrido\Face-Recognition Proyect\Dataset_aumentado\Nicole Kidman\Nicole_Kidman_4_proc.jpg,Nicole Kidman,9,Directo
C:\Users\joeyk\OneDrive\Desktop\CNN\Creación_de_Dataset_híbrido\Face-Recognition Proyect\Dataset_aumentado\Israel\Israel_161_proc_aug03.jpg,Israel,2,Directo
C:\Users\joeyk\OneDrive\Desktop\CNN\Creación_de_Dataset_híbrido\Face-Recognition Proyect\Dataset_aumentado\Jennifer Lawrence\JenniferLawrence_74_proc_aug02.jpg,Jennifer Lawrence,3,Directo
C:\Users\joeyk\OneDrive\Desktop\CNN\Creación_de_Dataset_híbrido\Face-Recognition Proyect\Dataset_aumentado\Jennifer Lawrence\JenniferLawrence_68_proc_aug03.jpg,Jennifer Lawrence,3,Directo
C:\Users\joeyk\OneDrive\Desktop\CNN\Creación_de_Dataset_híbrido\Face-Recognition Proyect\Dataset_aumentado\Joey\Joey_101_proc.jpg,Joey,4,Directo
C:\Users\joeyk\OneDrive\Desktop\CNN\Creación_de_Dataset_híbrido\Face-Recognition Proyect\Dataset_aumentado\Natalie Portman\Natalie_Portman_4_proc.jpg,Natalie Portman,8,Directo
C:\Users\joeyk\OneDrive\Desktop\CNN\Creación_de_Dataset_híbrido\Face-Recognition Proyect\Dataset_aumentado\Joey\Joey_77_proc_aug02.jpg,Joey,4,Directo
C:\Users\joeyk\OneDrive\Desktop\CNN\Creación_de_Dataset_híbrido\Face-Recognition Proyect\Dataset_aumentado\Brad Pitt\BradPitt_31_proc_aug02.jpg,Brad Pitt,1,Directo
C:\Users\joeyk\OneDrive\Desktop\CNN\Creación_de_Dataset_híbrido\Face-Recognition Proyect\Dataset_aumentado\Natalie Portman\Natalie_Portman_10_proc_aug03.jpg,Natalie Portman,8,Directo
C:\Users\joeyk\OneDrive\Desktop\CNN\Creación_de_Dataset_híbrido\Face-Recognition Proyect\Dataset_aumentado\Leonardo DiCaprio\Leonardo_DiCaprio_73_proc_aug02.jpg,Leonardo DiCaprio,7,Directo
C:\Users\joeyk\OneDrive\Desktop\CNN\Creación_de_Dataset_híbrido\Face-Recognition Proyect\Dataset_aumentado\Jennifer Lawrence\JenniferLawrence_99_proc_aug03.jpg,Jennifer Lawrence,3,Directo
C:\Users\joeyk\OneDrive\Desktop\CNN\Creación_de_Dataset_híbrido\Face-Recognition Proyect\Dataset_aumentado\Jennifer Lawrence\JenniferLawrence_71_proc_aug03.jpg,Jennifer Lawrence,3,Directo
C:\Users\joeyk\OneDrive\Desktop\CNN\Creación_de_Dataset_híbrido\Face-Recognition Proyect\Dataset_aumentado\Joey\Joey_169_proc_aug02.jpg,Joey,4,Directo
C:\Users\joeyk\OneDrive\Desktop\CNN\Creación_de_Dataset_híbrido\Face-Recognition Proyect\Dataset_aumentado\Nicole Kidman\Nicole_Kidman_50_proc_aug03.jpg,Nicole Kidman,9,Directo
C:\Users\joeyk\OneDrive\Desktop\CNN\Creación_de_Dataset_híbrido\Face-Recognition Proyect\Dataset_aumentado\Nicole Kidman\Nicole_Kidman_92_proc_aug02.jpg,Nicole Kidman,9,Directo
C:\Users\joeyk\OneDrive\Desktop\CNN\Creación_de_Dataset_híbrido\Face-Recognition Proyect\Dataset_aumentado\Joey\Joey_186_proc_aug02.jpg,Joey,4,Directo
C:\Users\joeyk\OneDrive\Desktop\CNN\Creación_de_Dataset_híbrido\Face-Recognition Proyect\Dataset_aumentado\Angelina Jolie\Angelina_Jolie_49_proc.jpg,Angelina Jolie,0,Directo
C:\Users\joeyk\OneDrive\Desktop\CNN\Creación_de_Dataset_híbrido\Face-Recognition Proyect\Dataset_aumentado\Joey\Joey_288_proc_aug03.jpg,Joey,4,Directo
C:\Users\joeyk\OneDrive\Desktop\CNN\Creación_de_Dataset_híbrido\Face-Recognition Proyect\Dataset_aumentado\Jennifer Lawrence\JenniferLawrence_3_proc.jpg,Jennifer Lawrence,3,Directo
C:\Users\joeyk\OneDrive\Desktop\CNN\Creación_de_Dataset_híbrido\Face-Recognition Proyect\Dataset_aumentado\Jennifer Lawrence\JenniferLawrence_11_proc_aug03.jpg,Jennifer Lawrence,3,Directo
C:\Users\joeyk\OneDrive\Desktop\CNN\Creación_de_Dataset_híbrido\Face-Recognition Proyect\Dataset_aumentado\Jennifer Lawrence\JenniferLawrence_68_proc.jpg,Jennifer Lawrence,3,Directo
C:\Users\joeyk\OneDrive\Desktop\CNN\Creación_de_Dataset_híbrido\Face-Recognition Proyect\Dataset_aumentado\Johnny Depp\Johnny_Depp_96_proc_aug02.jpg,Johnny Depp,5,Directo
C:\Users\joeyk\OneDrive\Desktop\CNN\Creación_de_Dataset_híbrido\Face-Recognition Proyect\Dataset_aumentado\Kevin\Kevin_155_proc.jpg,Kevin,6,Directo
C:\Users\joeyk\OneDrive\Desktop\CNN\Creación_de_Dataset_híbrido\Face-Recognition Proyect\Dataset_aumentado\Israel\Israel_104_proc_aug02.jpg,Israel,2,Directo
C:\Users\joeyk\OneDrive\Desktop\CNN\Creación_de_Dataset_híbrido\Face-Recognition Proyect\Dataset_aumentado\Brad Pitt\BradPitt_4_proc_aug03.jpg,Brad Pitt,1,Directo
C:\Users\joeyk\OneDrive\Desktop\CNN\Creación_de_Dataset_híbrido\Face-Recognition Proyect\Dataset_aumentado\Brad Pitt\BradPitt_93_proc_aug01.jpg,Brad Pitt,1,Directo
C:\Users\joeyk\OneDrive\Desktop\CNN\Creación_de_Dataset_híbrido\Face-Recognition Proyect\Dataset_aumentado\Angelina Jolie\Angelina_Jolie_56_proc_aug02.jpg,Angelina Jolie,0,Directo
C:\Users\joeyk\OneDrive\Desktop\CNN\Creación_de_Dataset_híbrido\Face-Recognition Proyect\Dataset_aumentado\Joey\Joey_216_proc_aug02.jpg,Joey,4,Directo
C:\Users\joeyk\OneDrive\Desktop\CNN\Creación_de_Dataset_híbrido\Face-Recognition Proyect\Dataset_aumentado\Kevin\Kevin_105_proc.jpg,Kevin,6,Directo
C:\Users\joeyk\OneDrive\Desktop\CNN\Creación_de_Dataset_híbrido\Face-Recognition Proyect\Dataset_aumentado\Johnny Depp\Johnny_Depp_71_proc_aug01.jpg,Johnny Depp,5,Directo
C:\Users\joeyk\OneDrive\Desktop\CNN\Creación_de_Dataset_híbrido\Face-Recognition Proyect\Dataset_aumentado\Joey\Joey_58_proc.jpg,Joey,4,Directo
C:\Users\joeyk\OneDrive\Desktop\CNN\Creación_de_Dataset_híbrido\Face-Recognition Proyect\Dataset_aumentado\Leonardo DiCaprio\Leonardo_DiCaprio_58_proc.jpg,Leonardo DiCaprio,7,Directo
C:\Users\joeyk\OneDrive\Desktop\CNN\Creación_de_Dataset_híbrido\Face-Recognition Proyect\Dataset_aumentado\Israel\Israel_163_proc.jpg,Israel,2,Directo
C:\Users\joeyk\OneDrive\Desktop\CNN\Creación_de_Dataset_híbrido\Face-Recognition Proyect\Dataset_aumentado\Angelina Jolie\Angelina_Jolie_53_proc_aug03.jpg,Angelina Jolie,0,Directo
C:\Users\joeyk\OneDrive\Desktop\CNN\Creación_de_Dataset_híbrido\Face-Recognition Proyect\Dataset_aumentado\Israel\Israel_148_proc_aug03.jpg,Israel,2,Directo
C:\Users\joeyk\OneDrive\Desktop\CNN\Creación_de_Dataset_híbrido\Face-Recognition Proyect\Dataset_aumentado\Johnny Depp\Johnny_Depp_52_proc_aug02.jpg,Johnny Depp,5,Directo
C:\Users\joeyk\OneDrive\Desktop\CNN\Creación_de_Dataset_híbrido\Face-Recognition Proyect\Dataset_aumentado\Kevin\Kevin_189_proc_aug03.jpg,Kevin,6,Directo
C:\Users\joeyk\OneDrive\Desktop\CNN\Creación_de_Dataset_híbrido\Face-Recognition Proyect\Dataset_aumentado\Leonardo DiCaprio\Leonardo_DiCaprio_95_proc_aug02.jpg,Leonardo DiCaprio,7,Directo
C:\Users\joeyk\OneDrive\Desktop\CNN\Creación_de_Dataset_híbrido\Face-Recognition Proyect\Dataset_aumentado\Joey\Joey_110_proc_aug01.jpg,Joey,4,Directo
C:\Users\joeyk\OneDrive\Desktop\CNN\Creación_de_Dataset_híbrido\Face-Recognition Proyect\Dataset_aumentado\Jennifer Lawrence\JenniferLawrence_4_proc.jpg,Jennifer Lawrence,3,Directo
C:\Users\joeyk\OneDrive\Desktop\CNN\Creación_de_Dataset_híbrido\Face-Recognition Proyect\Dataset_aumentado\Jennifer Lawrence\JenniferLawrence_76_proc_aug03.jpg,Jennifer Lawrence,3,Directo
C:\Users\joeyk\OneDrive\Desktop\CNN\Creación_de_Dataset_híbrido\Face-Recognition Proyect\Dataset_aumentado\Johnny Depp\Johnny_Depp_31_proc_aug03.jpg,Johnny Depp,5,Directo
C:\Users\joeyk\OneDrive\Desktop\CNN\Creación_de_Dataset_híbrido\Face-Recognition Proyect\Dataset_aumentado\Johnny Depp\Johnny_Depp_93_proc_aug01.jpg,Johnny Depp,5,Directo
C:\Users\joeyk\OneDrive\Desktop\CNN\Creación_de_Dataset_híbrido\Face-Recognition Proyect\Dataset_aumentado\Brad Pitt\BradPitt_78_proc_aug03.jpg,Brad Pitt,1,Directo
C:\Users\joeyk\OneDrive\Desktop\CNN\Creación_de_Dataset_híbrido\Face-Recognition Proyect\Dataset_aumentado\Angelina Jolie\Angelina_Jolie_15_proc_aug02.jpg,Angelina Jolie,0,Directo
C:\Users\joeyk\OneDrive\Desktop\CNN\Creación_de_Dataset_híbrido\Face-Recognition Proyect\Dataset_aumentado\Natalie Portman\Natalie_Portman_4_proc_aug02.jpg,Natalie Portman,8,Directo
C:\Users\joeyk\OneDrive\Desktop\CNN\Creación_de_Dataset_híbrido\Face-Recognition Proyect\Dataset_aumentado\Johnny Depp\Johnny_Depp_86_proc_aug03.jpg,Johnny Depp,5,Directo
C:\Users\joeyk\OneDrive\Desktop\CNN\Creación_de_Dataset_híbrido\Face-Recognition Proyect\Dataset_aumentado\Nicole Kidman\Nicole_Kidman_32_proc_aug01.jpg,Nicole Kidman,9,Directo
C:\Users\joeyk\OneDrive\Desktop\CNN\Creación_de_Dataset_híbrido\Face-Recognition Proyect\Dataset_aumentado\Joey\Joey_123_proc_aug01.jpg,Joey,4,Directo
C:\Users\joeyk\OneDrive\Desktop\CNN\Creación_de_Dataset_híbrido\Face-Recognition Proyect\Dataset_aumentado\Natalie Portman\Natalie_Portman_17_proc_aug02.jpg,Natalie Portman,8,Directo
C:\Users\joeyk\OneDrive\Desktop\CNN\Creación_de_Dataset_híbrido\Face-Recognition Proyect\Dataset_aumentado\Israel\Israel_16_proc.jpg,Israel,2,Directo
C:\Users\joeyk\OneDrive\Desktop\CNN\Creación_de_Dataset_híbrido\Face-Recognition Proyect\Dataset_aumentado\Leonardo DiCaprio\Leonardo_DiCaprio_22_proc_aug03.jpg,Leonardo DiCaprio,7,Directo
C:\Users\joeyk\OneDrive\Desktop\CNN\Creación_de_Dataset_híbrido\Face-Recognition Proyect\Dataset_aumentado\Kevin\Kevin_16_proc_aug01.jpg,Kevin,6,Directo
C:\Users\joeyk\OneDrive\Desktop\CNN\Creación_de_Dataset_híbrido\Face-Recognition Proyect\Dataset_aumentado\Angelina Jolie\Angelina_Jolie_83_proc_aug01.jpg,Angelina Jolie,0,Directo
C:\Users\joeyk\OneDrive\Desktop\CNN\Creación_de_Dataset_híbrido\Face-Recognition Proyect\Dataset_aumentado\Joey\Joey_196_proc_aug03.jpg,Joey,4,Directo
C:\Users\joeyk\OneDrive\Desktop\CNN\Creación_de_Dataset_híbrido\Face-Recognition Proyect\Dataset_aumentado\Nicole Kidman\Nicole_Kidman_53_proc_aug01.jpg,Nicole Kidman,9,Directo
C:\Users\joeyk\OneDrive\Desktop\CNN\Creación_de_Dataset_híbrido\Face-Recognition Proyect\Dataset_aumentado\Joey\Joey_99_proc_aug02.jpg,Joey,4,Directo
C:\Users\joeyk\OneDrive\Desktop\CNN\Creación_de_Dataset_híbrido\Face-Recognition Proyect\Dataset_aumentado\Kevin\Kevin_97_proc_aug01.jpg,Kevin,6,Directo
C:\Users\joeyk\OneDrive\Desktop\CNN\Creación_de_Dataset_híbrido\Face-Recognition Proyect\Dataset_aumentado\Israel\Israel_155_proc_aug02.jpg,Israel,2,Directo
C:\Users\joeyk\OneDrive\Desktop\CNN\Creación_de_Dataset_híbrido\Face-Recognition Proyect\Dataset_aumentado\Jennifer Lawrence\JenniferLawrence_46_proc_aug01.jpg,Jennifer Lawrence,3,Directo
C:\Users\joeyk\OneDrive\Desktop\CNN\Creación_de_Dataset_híbrido\Face-Recognition Proyect\Dataset_aumentado\Kevin\Kevin_87_proc_aug03.jpg,Kevin,6,Directo
C:\Users\joeyk\OneDrive\Desktop\CNN\Creación_de_Dataset_híbrido\Face-Recognition Proyect\Dataset_aumentado\Nicole Kidman\Nicole_Kidman_2_proc.jpg,Nicole Kidman,9,Directo
C:\Users\joeyk\OneDrive\Desktop\CNN\Creación_de_Dataset_híbrido\Face-Recognition Proyect\Dataset_aumentado\Joey\Joey_21_proc_aug02.jpg,Joey,4,Directo
C:\Users\joeyk\OneDrive\Desktop\CNN\Creación_de_Dataset_híbrido\Face-Recognition Proyect\Dataset_aumentado\Israel\Israel_131_proc_aug03.jpg,Israel,2,Directo
C:\Users\joeyk\OneDrive\Desktop\CNN\Creación_de_Dataset_híbrido\Face-Recognition Proyect\Dataset_aumentado\Israel\Israel_338_proc_aug02.jpg,Israel,2,Directo
C:\Users\joeyk\OneDrive\Desktop\CNN\Creación_de_Dataset_híbrido\Face-Recognition Proyect\Dataset_aumentado\Johnny Depp\Johnny_Depp_97_proc_aug03.jpg,Johnny Depp,5,Directo
C:\Users\joeyk\OneDrive\Desktop\CNN\Creación_de_Dataset_híbrido\Face-Recognition Proyect\Dataset_aumentado\Israel\Israel_71_proc_aug03.jpg,Israel,2,Directo
C:\Users\joeyk\OneDrive\Desktop\CNN\Creación_de_Dataset_híbrido\Face-Recognition Proyect\Dataset_aumentado\Brad Pitt\BradPitt_63_proc_aug03.jpg,Brad Pitt,1,Directo
C:\Users\joeyk\OneDrive\Desktop\CNN\Creación_de_Dataset_híbrido\Face-Recognition Proyect\Dataset_aumentado\Natalie Portman\Natalie_Portman_46_proc_aug03.jpg,Natalie Portman,8,Directo
C:\Users\joeyk\OneDrive\Desktop\CNN\Creación_de_Dataset_híbrido\Face-Recognition Proyect\Dataset_aumentado\Israel\Israel_292_proc_aug03.jpg,Israel,2,Directo
C:\Users\joeyk\OneDrive\Desktop\CNN\Creación_de_Dataset_híbrido\Face-Recognition Proyect\Dataset_aumentado\Israel\Israel_225_proc_aug03.jpg,Israel,2,Directo
C:\Users\joeyk\OneDrive\Desktop\CNN\Creación_de_Dataset_híbrido\Face-Recognition Proyect\Dataset_aumentado\Joey\Joey_239_proc_aug02.jpg,Joey,4,Directo
C:\Users\joeyk\OneDrive\Desktop\CNN\Creación_de_Dataset_híbrido\Face-Recognition Proyect\Dataset_aumentado\Nicole Kidman\Nicole_Kidman_92_proc_aug01.jpg,Nicole Kidman,9,Directo
C:\Users\joeyk\OneDrive\Desktop\CNN\Creación_de_Dataset_híbrido\Face-Recognition Proyect\Dataset_aumentado\Kevin\Kevin_76_proc.jpg,Kevin,6,Directo
C:\Users\joeyk\OneDrive\Desktop\CNN\Creación_de_Dataset_híbrido\Face-Recognition Proyect\Dataset_aumentado\Joey\Joey_76_proc_aug03.jpg,Joey,4,Directo
C:\Users\joeyk\OneDrive\Desktop\CNN\Creación_de_Dataset_híbrido\Face-Recognition Proyect\Dataset_aumentado\Joey\Joey_30_proc_aug03.jpg,Joey,4,Directo
C:\Users\joeyk\OneDrive\Desktop\CNN\Creación_de_Dataset_híbrido\Face-Recognition Proyect\Dataset_aumentado\Brad Pitt\BradPitt_10_proc_aug03.jpg,Brad Pitt,1,Directo
C:\Users\joeyk\OneDrive\Desktop\CNN\Creación_de_Dataset_híbrido\Face-Recognition Proyect\Dataset_aumentado\Jennifer Lawrence\JenniferLawrence_33_proc_aug02.jpg,Jennifer Lawrence,3,Directo
C:\Users\joeyk\OneDrive\Desktop\CNN\Creación_de_Dataset_híbrido\Face-Recognition Proyect\Dataset_aumentado\Natalie Portman\Natalie_Portman_100_proc_aug01.jpg,Natalie Portman,8,Directo
C:\Users\joeyk\OneDrive\Desktop\CNN\Creación_de_Dataset_híbrido\Face-Recognition Proyect\Dataset_aumentado\Brad Pitt\BradPitt_44_proc_aug02.jpg,Brad Pitt,1,Directo
C:\Users\joeyk\OneDrive\Desktop\CNN\Creación_de_Dataset_híbrido\Face-Recognition Proyect\Dataset_aumentado\Natalie Portman\Natalie_Portman_48_proc_aug03.jpg,Natalie Portman,8,Directo
C:\Users\joeyk\OneDrive\Desktop\CNN\Creación_de_Dataset_híbrido\Face-Recognition Proyect\Dataset_aumentado\Israel\Israel_14_proc.jpg,Israel,2,Directo
C:\Users\joeyk\OneDrive\Desktop\CNN\Creación_de_Dataset_híbrido\Face-Recognition Proyect\Dataset_aumentado\Joey\Joey_155_proc_aug02.jpg,Joey,4,Directo
C:\Users\joeyk\OneDrive\Desktop\CNN\Creación_de_Dataset_híbrido\Face-Recognition Proyect\Dataset_aumentado\Kevin\Kevin_140_proc_aug01.jpg,Kevin,6,Directo
C:\Users\joeyk\OneDrive\Desktop\CNN\Creación_de_Dataset_híbrido\Face-Recognition Proyect\Dataset_aumentado\Jennifer Lawrence\JenniferLawrence_29_proc.jpg,Jennifer Lawrence,3,Directo
C:\Users\joeyk\OneDrive\Desktop\CNN\Creación_de_Dataset_híbrido\Face-Recognition Proyect\Dataset_aumentado\Joey\Joey_153_proc_aug01.jpg,Joey,4,Directo
C:\Users\joeyk\OneDrive\Desktop\CNN\Creación_de_Dataset_híbrido\Face-Recognition Proyect\Dataset_aumentado\Kevin\Kevin_108_proc_aug02.jpg,Kevin,6,Directo
C:\Users\joeyk\OneDrive\Desktop\CNN\Creación_de_Dataset_híbrido\Face-Recognition Proyect\Dataset_aumentado\Joey\Joey_44_proc.jpg,Joey,4,Directo
C:\Users\joeyk\OneDrive\Desktop\CNN\Creación_de_Dataset_híbrido\Face-Recognition Proyect\Dataset_aumentado\Israel\Israel_88_proc_aug01.jpg,Israel,2,Directo
C:\Users\joeyk\OneDrive\Desktop\CNN\Creación_de_Dataset_híbrido\Face-Recognition Proyect\Dataset_aumentado\Israel\Israel_95_proc.jpg,Israel,2,Directo
C:\Users\joeyk\OneDrive\Desktop\CNN\Creación_de_Dataset_híbrido\Face-Recognition Proyect\Dataset_aumentado\Nicole Kidman\Nicole_Kidman_51_proc.jpg,Nicole Kidman,9,Directo
C:\Users\joeyk\OneDrive\Desktop\CNN\Creación_de_Dataset_híbrido\Face-Recognition Proyect\Dataset_aumentado\Leonardo DiCaprio\Leonardo_DiCaprio_83_proc.jpg,Leonardo DiCaprio,7,Directo
C:\Users\joeyk\OneDrive\Desktop\CNN\Creación_de_Dataset_híbrido\Face-Recognition Proyect\Dataset_aumentado\Joey\Joey_109_proc_aug01.jpg,Joey,4,Directo
C:\Users\joeyk\OneDrive\Desktop\CNN\Creación_de_Dataset_híbrido\Face-Recognition Proyect\Dataset_aumentado\Kevin\Kevin_17_proc.jpg,Kevin,6,Directo
C:\Users\joeyk\OneDrive\Desktop\CNN\Creación_de_Dataset_híbrido\Face-Recognition Proyect\Dataset_aumentado\Jennifer Lawrence\JenniferLawrence_86_proc_aug02.jpg,Jennifer Lawrence,3,Directo
C:\Users\joeyk\OneDrive\Desktop\CNN\Creación_de_Dataset_híbrido\Face-Recognition Proyect\Dataset_aumentado\Leonardo DiCaprio\Leonardo_DiCaprio_28_proc_aug03.jpg,Leonardo DiCaprio,7,Directo
C:\Users\joeyk\OneDrive\Desktop\CNN\Creación_de_Dataset_híbrido\Face-Recognition Proyect\Dataset_aumentado\Joey\Joey_173_proc_aug01.jpg,Joey,4,Directo
C:\Users\joeyk\OneDrive\Desktop\CNN\Creación_de_Dataset_híbrido\Face-Recognition Proyect\Dataset_aumentado\Jennifer Lawrence\JenniferLawrence_29_proc_aug03.jpg,Jennifer Lawrence,3,Directo
C:\Users\joeyk\OneDrive\Desktop\CNN\Creación_de_Dataset_híbrido\Face-Recognition Proyect\Dataset_aumentado\Kevin\Kevin_217_proc_aug02.jpg,Kevin,6,Directo
C:\Users\joeyk\OneDrive\Desktop\CNN\Creación_de_Dataset_híbrido\Face-Recognition Proyect\Dataset_aumentado\Brad Pitt\BradPitt_96_proc_aug01.jpg,Brad Pitt,1,Directo
C:\Users\joeyk\OneDrive\Desktop\CNN\Creación_de_Dataset_híbrido\Face-Recognition Proyect\Dataset_aumentado\Israel\Israel_128_proc_aug03.jpg,Israel,2,Directo
C:\Users\joeyk\OneDrive\Desktop\CNN\Creación_de_Dataset_híbrido\Face-Recognition Proyect\Dataset_aumentado\Israel\Israel_290_proc_aug03.jpg,Israel,2,Directo
C:\Users\joeyk\OneDrive\Desktop\CNN\Creación_de_Dataset_híbrido\Face-Recognition Proyect\Dataset_aumentado\Johnny Depp\Johnny_Depp_57_proc_aug01.jpg,Johnny Depp,5,Directo
C:\Users\joeyk\OneDrive\Desktop\CNN\Creación_de_Dataset_híbrido\Face-Recognition Proyect\Dataset_aumentado\Leonardo DiCaprio\Leonardo_DiCaprio_4_proc_aug02.jpg,Leonardo DiCaprio,7,Directo
C:\Users\joeyk\OneDrive\Desktop\CNN\Creación_de_Dataset_híbrido\Face-Recognition Proyect\Dataset_aumentado\Natalie Portman\Natalie_Portman_88_proc_aug03.jpg,Natalie Portman,8,Directo
C:\Users\joeyk\OneDrive\Desktop\CNN\Creación_de_Dataset_híbrido\Face-Recognition Proyect\Dataset_aumentado\Kevin\Kevin_60_proc_aug02.jpg,Kevin,6,Directo
C:\Users\joeyk\OneDrive\Desktop\CNN\Creación_de_Dataset_híbrido\Face-Recognition Proyect\Dataset_aumentado\Leonardo DiCaprio\Leonardo_DiCaprio_49_proc_aug03.jpg,Leonardo DiCaprio,7,Directo
C:\Users\joeyk\OneDrive\Desktop\CNN\Creación_de_Dataset_híbrido\Face-Recognition Proyect\Dataset_aumentado\Nicole Kidman\Nicole_Kidman_52_proc.jpg,Nicole Kidman,9,Directo
C:\Users\joeyk\OneDrive\Desktop\CNN\Creación_de_Dataset_híbrido\Face-Recognition Proyect\Dataset_aumentado\Israel\Israel_187_proc_aug03.jpg,Israel,2,Directo
C:\Users\joeyk\OneDrive\Desktop\CNN\Creación_de_Dataset_híbrido\Face-Recognition Proyect\Dataset_aumentado\Israel\Israel_122_proc_aug02.jpg,Israel,2,Directo
C:\Users\joeyk\OneDrive\Desktop\CNN\Creación_de_Dataset_híbrido\Face-Recognition Proyect\Dataset_aumentado\Johnny Depp\Johnny_Depp_82_proc_aug01.jpg,Johnny Depp,5,Directo
C:\Users\joeyk\OneDrive\Desktop\CNN\Creación_de_Dataset_híbrido\Face-Recognition Proyect\Dataset_aumentado\Kevin\Kevin_146_proc_aug01.jpg,Kevin,6,Directo
C:\Users\joeyk\OneDrive\Desktop\CNN\Creación_de_Dataset_híbrido\Face-Recognition Proyect\Dataset_aumentado\Angelina Jolie\Angelina_Jolie_20_proc_aug01.jpg,Angelina Jolie,0,Directo
C:\Users\joeyk\OneDrive\Desktop\CNN\Creación_de_Dataset_híbrido\Face-Recognition Proyect\Dataset_aumentado\Israel\Israel_24_proc_aug01.jpg,Israel,2,Directo
C:\Users\joeyk\OneDrive\Desktop\CNN\Creación_de_Dataset_híbrido\Face-Recognition Proyect\Dataset_aumentado\Joey\Joey_298_proc_aug03.jpg,Joey,4,Directo
C:\Users\joeyk\OneDrive\Desktop\CNN\Creación_de_Dataset_híbrido\Face-Recognition Proyect\Dataset_aumentado\Joey\Joey_19_proc.jpg,Joey,4,Directo
C:\Users\joeyk\OneDrive\Desktop\CNN\Creación_de_Dataset_híbrido\Face-Recognition Proyect\Dataset_aumentado\Kevin\Kevin_30_proc_aug03.jpg,Kevin,6,Directo
C:\Users\joeyk\OneDrive\Desktop\CNN\Creación_de_Dataset_híbrido\Face-Recognition Proyect\Dataset_aumentado\Jennifer Lawrence\JenniferLawrence_74_proc_aug03.jpg,Jennifer Lawrence,3,Directo
C:\Users\joeyk\OneDrive\Desktop\CNN\Creación_de_Dataset_híbrido\Face-Recognition Proyect\Dataset_aumentado\Joey\Joey_290_proc_aug03.jpg,Joey,4,Directo
C:\Users\joeyk\OneDrive\Desktop\CNN\Creación_de_Dataset_híbrido\Face-Recognition Proyect\Dataset_aumentado\Nicole Kidman\Nicole_Kidman_66_proc_aug02.jpg,Nicole Kidman,9,Directo
C:\Users\joeyk\OneDrive\Desktop\CNN\Creación_de_Dataset_híbrido\Face-Recognition Proyect\Dataset_aumentado\Israel\Israel_221_proc.jpg,Israel,2,Directo
C:\Users\joeyk\OneDrive\Desktop\CNN\Creación_de_Dataset_híbrido\Face-Recognition Proyect\Dataset_aumentado\Angelina Jolie\Angelina_Jolie_26_proc_aug03.jpg,Angelina Jolie,0,Directo
C:\Users\joeyk\OneDrive\Desktop\CNN\Creación_de_Dataset_híbrido\Face-Recognition Proyect\Dataset_aumentado\Leonardo DiCaprio\Leonardo_DiCaprio_1_proc.jpg,Leonardo DiCaprio,7,Directo
C:\Users\joeyk\OneDrive\Desktop\CNN\Creación_de_Dataset_híbrido\Face-Recognition Proyect\Dataset_aumentado\Natalie Portman\Natalie_Portman_9_proc.jpg,Natalie Portman,8,Directo
C:\Users\joeyk\OneDrive\Desktop\CNN\Creación_de_Dataset_híbrido\Face-Recognition Proyect\Dataset_aumentado\Kevin\Kevin_153_proc.jpg,Kevin,6,Directo
C:\Users\joeyk\OneDrive\Desktop\CNN\Creación_de_Dataset_híbrido\Face-Recognition Proyect\Dataset_aumentado\Angelina Jolie\Angelina_Jolie_75_proc_aug03.jpg,Angelina Jolie,0,Directo
C:\Users\joeyk\OneDrive\Desktop\CNN\Creación_de_Dataset_híbrido\Face-Recognition Proyect\Dataset_aumentado\Israel\Israel_309_proc_aug01.jpg,Israel,2,Directo
C:\Users\joeyk\OneDrive\Desktop\CNN\Creación_de_Dataset_híbrido\Face-Recognition Proyect\Dataset_aumentado\Israel\Israel_225_proc_aug01.jpg,Israel,2,Directo
C:\Users\joeyk\OneDrive\Desktop\CNN\Creación_de_Dataset_híbrido\Face-Recognition Proyect\Dataset_aumentado\Angelina Jolie\Angelina_Jolie_20_proc_aug03.jpg,Angelina Jolie,0,Directo
C:\Users\joeyk\OneDrive\Desktop\CNN\Creación_de_Dataset_híbrido\Face-Recognition Proyect\Dataset_aumentado\Joey\Joey_154_proc_aug02.jpg,Joey,4,Directo
C:\Users\joeyk\OneDrive\Desktop\CNN\Creación_de_Dataset_híbrido\Face-Recognition Proyect\Dataset_aumentado\Natalie Portman\Natalie_Portman_92_proc.jpg,Natalie Portman,8,Directo
C:\Users\joeyk\OneDrive\Desktop\CNN\Creación_de_Dataset_híbrido\Face-Recognition Proyect\Dataset_aumentado\Kevin\Kevin_67_proc.jpg,Kevin,6,Directo
C:\Users\joeyk\OneDrive\Desktop\CNN\Creación_de_Dataset_híbrido\Face-Recognition Proyect\Dataset_aumentado\Angelina Jolie\Angelina_Jolie_78_proc_aug02.jpg,Angelina Jolie,0,Directo
C:\Users\joeyk\OneDrive\Desktop\CNN\Creación_de_Dataset_híbrido\Face-Recognition Proyect\Dataset_aumentado\Israel\Israel_133_proc.jpg,Israel,2,Directo
C:\Users\joeyk\OneDrive\Desktop\CNN\Creación_de_Dataset_híbrido\Face-Recognition Proyect\Dataset_aumentado\Kevin\Kevin_69_proc_aug03.jpg,Kevin,6,Directo
C:\Users\joeyk\OneDrive\Desktop\CNN\Creación_de_Dataset_híbrido\Face-Recognition Proyect\Dataset_aumentado\Israel\Israel_139_proc_aug02.jpg,Israel,2,Directo
C:\Users\joeyk\OneDrive\Desktop\CNN\Creación_de_Dataset_híbrido\Face-Recognition Proyect\Dataset_aumentado\Johnny Depp\Johnny_Depp_74_proc_aug03.jpg,Johnny Depp,5,Directo
C:\Users\joeyk\OneDrive\Desktop\CNN\Creación_de_Dataset_híbrido\Face-Recognition Proyect\Dataset_aumentado\Joey\Joey_135_proc.jpg,Joey,4,Directo
C:\Users\joeyk\OneDrive\Desktop\CNN\Creación_de_Dataset_híbrido\Face-Recognition Proyect\Dataset_aumentado\Kevin\Kevin_34_proc.jpg,Kevin,6,Directo
C:\Users\joeyk\OneDrive\Desktop\CNN\Creación_de_Dataset_híbrido\Face-Recognition Proyect\Dataset_aumentado\Joey\Joey_238_proc_aug03.jpg,Joey,4,Directo
C:\Users\joeyk\OneDrive\Desktop\CNN\Creación_de_Dataset_híbrido\Face-Recognition Proyect\Dataset_aumentado\Johnny Depp\Johnny_Depp_55_proc.jpg,Johnny Depp,5,Directo
C:\Users\joeyk\OneDrive\Desktop\CNN\Creación_de_Dataset_híbrido\Face-Recognition Proyect\Dataset_aumentado\Kevin\Kevin_155_proc_aug03.jpg,Kevin,6,Directo
C:\Users\joeyk\OneDrive\Desktop\CNN\Creación_de_Dataset_híbrido\Face-Recognition Proyect\Dataset_aumentado\Kevin\Kevin_5_proc_aug01.jpg,Kevin,6,Directo
C:\Users\joeyk\OneDrive\Desktop\CNN\Creación_de_Dataset_híbrido\Face-Recognition Proyect\Dataset_aumentado\Israel\Israel_337_proc_aug01.jpg,Israel,2,Directo
C:\Users\joeyk\OneDrive\Desktop\CNN\Creación_de_Dataset_híbrido\Face-Recognition Proyect\Dataset_aumentado\Johnny Depp\Johnny_Depp_21_proc.jpg,Johnny Depp,5,Directo
C:\Users\joeyk\OneDrive\Desktop\CNN\Creación_de_Dataset_híbrido\Face-Recognition Proyect\Dataset_aumentado\Kevin\Kevin_180_proc.jpg,Kevin,6,Directo
C:\Users\joeyk\OneDrive\Desktop\CNN\Creación_de_Dataset_híbrido\Face-Recognition Proyect\Dataset_aumentado\Israel\Israel_138_proc_aug02.jpg,Israel,2,Directo
C:\Users\joeyk\OneDrive\Desktop\CNN\Creación_de_Dataset_híbrido\Face-Recognition Proyect\Dataset_aumentado\Joey\Joey_13_proc.jpg,Joey,4,Directo
C:\Users\joeyk\OneDrive\Desktop\CNN\Creación_de_Dataset_híbrido\Face-Recognition Proyect\Dataset_aumentado\Israel\Israel_61_proc_aug03.jpg,Israel,2,Directo
C:\Users\joeyk\OneDrive\Desktop\CNN\Creación_de_Dataset_híbrido\Face-Recognition Proyect\Dataset_aumentado\Angelina Jolie\Angelina_Jolie_62_proc_aug01.jpg,Angelina Jolie,0,Directo
C:\Users\joeyk\OneDrive\Desktop\CNN\Creación_de_Dataset_híbrido\Face-Recognition Proyect\Dataset_aumentado\Israel\Israel_81_proc_aug02.jpg,Israel,2,Directo
C:\Users\joeyk\OneDrive\Desktop\CNN\Creación_de_Dataset_híbrido\Face-Recognition Proyect\Dataset_aumentado\Israel\Israel_239_proc_aug01.jpg,Israel,2,Directo
C:\Users\joeyk\OneDrive\Desktop\CNN\Creación_de_Dataset_híbrido\Face-Recognition Proyect\Dataset_aumentado\Kevin\Kevin_187_proc_aug03.jpg,Kevin,6,Directo
C:\Users\joeyk\OneDrive\Desktop\CNN\Creación_de_Dataset_híbrido\Face-Recognition Proyect\Dataset_aumentado\Kevin\Kevin_106_proc_aug03.jpg,Kevin,6,Directo
C:\Users\joeyk\OneDrive\Desktop\CNN\Creación_de_Dataset_híbrido\Face-Recognition Proyect\Dataset_aumentado\Joey\Joey_286_proc_aug03.jpg,Joey,4,Directo
C:\Users\joeyk\OneDrive\Desktop\CNN\Creación_de_Dataset_híbrido\Face-Recognition Proyect\Dataset_aumentado\Kevin\Kevin_158_proc.jpg,Kevin,6,Directo
C:\Users\joeyk\OneDrive\Desktop\CNN\Creación_de_Dataset_híbrido\Face-Recognition Proyect\Dataset_aumentado\Brad Pitt\BradPitt_67_proc.jpg,Brad Pitt,1,Directo
C:\Users\joeyk\OneDrive\Desktop\CNN\Creación_de_Dataset_híbrido\Face-Recognition Proyect\Dataset_aumentado\Johnny Depp\Johnny_Depp_78_proc_aug01.jpg,Johnny Depp,5,Directo
C:\Users\joeyk\OneDrive\Desktop\CNN\Creación_de_Dataset_híbrido\Face-Recognition Proyect\Dataset_aumentado\Johnny Depp\Johnny_Depp_68_proc_aug03.jpg,Johnny Depp,5,Directo
C:\Users\joeyk\OneDrive\Desktop\CNN\Creación_de_Dataset_híbrido\Face-Recognition Proyect\Dataset_aumentado\Kevin\Kevin_74_proc_aug02.jpg,Kevin,6,Directo
C:\Users\joeyk\OneDrive\Desktop\CNN\Creación_de_Dataset_híbrido\Face-Recognition Proyect\Dataset_aumentado\Israel\Israel_109_proc_aug03.jpg,Israel,2,Directo
C:\Users\joeyk\OneDrive\Desktop\CNN\Creación_de_Dataset_híbrido\Face-Recognition Proyect\Dataset_aumentado\Israel\Israel_174_proc.jpg,Israel,2,Directo
C:\Users\joeyk\OneDrive\Desktop\CNN\Creación_de_Dataset_híbrido\Face-Recognition Proyect\Dataset_aumentado\Brad Pitt\BradPitt_11_proc.jpg,Brad Pitt,1,Directo
C:\Users\joeyk\OneDrive\Desktop\CNN\Creación_de_Dataset_híbrido\Face-Recognition Proyect\Dataset_aumentado\Kevin\Kevin_91_proc_aug01.jpg,Kevin,6,Directo
C:\Users\joeyk\OneDrive\Desktop\CNN\Creación_de_Dataset_híbrido\Face-Recognition Proyect\Dataset_aumentado\Israel\Israel_267_proc_aug02.jpg,Israel,2,Directo
C:\Users\joeyk\OneDrive\Desktop\CNN\Creación_de_Dataset_híbrido\Face-Recognition Proyect\Dataset_aumentado\Angelina Jolie\Angelina_Jolie_55_proc_aug02.jpg,Angelina Jolie,0,Directo
C:\Users\joeyk\OneDrive\Desktop\CNN\Creación_de_Dataset_híbrido\Face-Recognition Proyect\Dataset_aumentado\Kevin\Kevin_150_proc_aug01.jpg,Kevin,6,Directo
C:\Users\joeyk\OneDrive\Desktop\CNN\Creación_de_Dataset_híbrido\Face-Recognition Proyect\Dataset_aumentado\Israel\Israel_24_proc_aug02.jpg,Israel,2,Directo
C:\Users\joeyk\OneDrive\Desktop\CNN\Creación_de_Dataset_híbrido\Face-Recognition Proyect\Dataset_aumentado\Jennifer Lawrence\JenniferLawrence_93_proc_aug01.jpg,Jennifer Lawrence,3,Directo
C:\Users\joeyk\OneDrive\Desktop\CNN\Creación_de_Dataset_híbrido\Face-Recognition Proyect\Dataset_aumentado\Jennifer Lawrence\JenniferLawrence_25_proc.jpg,Jennifer Lawrence,3,Directo
C:\Users\joeyk\OneDrive\Desktop\CNN\Creación_de_Dataset_híbrido\Face-Recognition Proyect\Dataset_aumentado\Johnny Depp\Johnny_Depp_1_proc_aug03.jpg,Johnny Depp,5,Directo
C:\Users\joeyk\OneDrive\Desktop\CNN\Creación_de_Dataset_híbrido\Face-Recognition Proyect\Dataset_aumentado\Natalie Portman\Natalie_Portman_16_proc_aug02.jpg,Natalie Portman,8,Directo
C:\Users\joeyk\OneDrive\Desktop\CNN\Creación_de_Dataset_híbrido\Face-Recognition Proyect\Dataset_aumentado\Joey\Joey_100_proc_aug01.jpg,Joey,4,Directo
C:\Users\joeyk\OneDrive\Desktop\CNN\Creación_de_Dataset_híbrido\Face-Recognition Proyect\Dataset_aumentado\Nicole Kidman\Nicole_Kidman_30_proc_aug03.jpg,Nicole Kidman,9,Directo
C:\Users\joeyk\OneDrive\Desktop\CNN\Creación_de_Dataset_híbrido\Face-Recognition Proyect\Dataset_aumentado\Jennifer Lawrence\JenniferLawrence_52_proc_aug03.jpg,Jennifer Lawrence,3,Directo
C:\Users\joeyk\OneDrive\Desktop\CNN\Creación_de_Dataset_híbrido\Face-Recognition Proyect\Dataset_aumentado\Angelina Jolie\Angelina_Jolie_60_proc_aug03.jpg,Angelina Jolie,0,Directo
C:\Users\joeyk\OneDrive\Desktop\CNN\Creación_de_Dataset_híbrido\Face-Recognition Proyect\Dataset_aumentado\Joey\Joey_31_proc_aug01.jpg,Joey,4,Directo
C:\Users\joeyk\OneDrive\Desktop\CNN\Creación_de_Dataset_híbrido\Face-Recognition Proyect\Dataset_aumentado\Nicole Kidman\Nicole_Kidman_23_proc_aug02.jpg,Nicole Kidman,9,Directo
C:\Users\joeyk\OneDrive\Desktop\CNN\Creación_de_Dataset_híbrido\Face-Recognition Proyect\Dataset_aumentado\Kevin\Kevin_52_proc_aug01.jpg,Kevin,6,Directo
C:\Users\joeyk\OneDrive\Desktop\CNN\Creación_de_Dataset_híbrido\Face-Recognition Proyect\Dataset_aumentado\Joey\Joey_168_proc_aug02.jpg,Joey,4,Directo
C:\Users\joeyk\OneDrive\Desktop\CNN\Creación_de_Dataset_híbrido\Face-Recognition Proyect\Dataset_aumentado\Joey\Joey_283_proc.jpg,Joey,4,Directo
C:\Users\joeyk\OneDrive\Desktop\CNN\Creación_de_Dataset_híbrido\Face-Recognition Proyect\Dataset_aumentado\Joey\Joey_252_proc_aug02.jpg,Joey,4,Directo
C:\Users\joeyk\OneDrive\Desktop\CNN\Creación_de_Dataset_híbrido\Face-Recognition Proyect\Dataset_aumentado\Brad Pitt\BradPitt_11_proc_aug01.jpg,Brad Pitt,1,Directo
C:\Users\joeyk\OneDrive\Desktop\CNN\Creación_de_Dataset_híbrido\Face-Recognition Proyect\Dataset_aumentado\Nicole Kidman\Nicole_Kidman_6_proc_aug01.jpg,Nicole Kidman,9,Directo
C:\Users\joeyk\OneDrive\Desktop\CNN\Creación_de_Dataset_híbrido\Face-Recognition Proyect\Dataset_aumentado\Joey\Joey_148_proc.jpg,Joey,4,Directo
C:\Users\joeyk\OneDrive\Desktop\CNN\Creación_de_Dataset_híbrido\Face-Recognition Proyect\Dataset_aumentado\Brad Pitt\BradPitt_14_proc_aug02.jpg,Brad Pitt,1,Directo
C:\Users\joeyk\OneDrive\Desktop\CNN\Creación_de_Dataset_híbrido\Face-Recognition Proyect\Dataset_aumentado\Johnny Depp\Johnny_Depp_41_proc_aug01.jpg,Johnny Depp,5,Directo
C:\Users\joeyk\OneDrive\Desktop\CNN\Creación_de_Dataset_híbrido\Face-Recognition Proyect\Dataset_aumentado\Johnny Depp\Johnny_Depp_25_proc_aug01.jpg,Johnny Depp,5,Directo
C:\Users\joeyk\OneDrive\Desktop\CNN\Creación_de_Dataset_híbrido\Face-Recognition Proyect\Dataset_aumentado\Israel\Israel_88_proc_aug03.jpg,Israel,2,Directo
C:\Users\joeyk\OneDrive\Desktop\CNN\Creación_de_Dataset_híbrido\Face-Recognition Proyect\Dataset_aumentado\Jennifer Lawrence\JenniferLawrence_55_proc_aug02.jpg,Jennifer Lawrence,3,Directo
C:\Users\joeyk\OneDrive\Desktop\CNN\Creación_de_Dataset_híbrido\Face-Recognition Proyect\Dataset_aumentado\Joey\Joey_261_proc_aug01.jpg,Joey,4,Directo
C:\Users\joeyk\OneDrive\Desktop\CNN\Creación_de_Dataset_híbrido\Face-Recognition Proyect\Dataset_aumentado\Israel\Israel_109_proc_aug01.jpg,Israel,2,Directo
C:\Users\joeyk\OneDrive\Desktop\CNN\Creación_de_Dataset_híbrido\Face-Recognition Proyect\Dataset_aumentado\Israel\Israel_16_proc_aug01.jpg,Israel,2,Directo
C:\Users\joeyk\OneDrive\Desktop\CNN\Creación_de_Dataset_híbrido\Face-Recognition Proyect\Dataset_aumentado\Joey\Joey_156_proc_aug02.jpg,Joey,4,Directo
C:\Users\joeyk\OneDrive\Desktop\CNN\Creación_de_Dataset_híbrido\Face-Recognition Proyect\Dataset_aumentado\Angelina Jolie\Angelina_Jolie_65_proc_aug02.jpg,Angelina Jolie,0,Directo
C:\Users\joeyk\OneDrive\Desktop\CNN\Creación_de_Dataset_híbrido\Face-Recognition Proyect\Dataset_aumentado\Joey\Joey_167_proc_aug02.jpg,Joey,4,Directo
C:\Users\joeyk\OneDrive\Desktop\CNN\Creación_de_Dataset_híbrido\Face-Recognition Proyect\Dataset_aumentado\Israel\Israel_218_proc_aug01.jpg,Israel,2,Directo
C:\Users\joeyk\OneDrive\Desktop\CNN\Creación_de_Dataset_híbrido\Face-Recognition Proyect\Dataset_aumentado\Israel\Israel_240_proc.jpg,Israel,2,Directo
C:\Users\joeyk\OneDrive\Desktop\CNN\Creación_de_Dataset_híbrido\Face-Recognition Proyect\Dataset_aumentado\Kevin\Kevin_27_proc_aug03.jpg,Kevin,6,Directo
C:\Users\joeyk\OneDrive\Desktop\CNN\Creación_de_Dataset_híbrido\Face-Recognition Proyect\Dataset_aumentado\Israel\Israel_294_proc_aug02.jpg,Israel,2,Directo
C:\Users\joeyk\OneDrive\Desktop\CNN\Creación_de_Dataset_híbrido\Face-Recognition Proyect\Dataset_aumentado\Joey\Joey_17_proc_aug03.jpg,Joey,4,Directo
C:\Users\joeyk\OneDrive\Desktop\CNN\Creación_de_Dataset_híbrido\Face-Recognition Proyect\Dataset_aumentado\Joey\Joey_290_proc_aug02.jpg,Joey,4,Directo
C:\Users\joeyk\OneDrive\Desktop\CNN\Creación_de_Dataset_híbrido\Face-Recognition Proyect\Dataset_aumentado\Johnny Depp\Johnny_Depp_39_proc.jpg,Johnny Depp,5,Directo
C:\Users\joeyk\OneDrive\Desktop\CNN\Creación_de_Dataset_híbrido\Face-Recognition Proyect\Dataset_aumentado\Angelina Jolie\Angelina_Jolie_55_proc_aug03.jpg,Angelina Jolie,0,Directo
C:\Users\joeyk\OneDrive\Desktop\CNN\Creación_de_Dataset_híbrido\Face-Recognition Proyect\Dataset_aumentado\Joey\Joey_211_proc_aug03.jpg,Joey,4,Directo
C:\Users\joeyk\OneDrive\Desktop\CNN\Creación_de_Dataset_híbrido\Face-Recognition Proyect\Dataset_aumentado\Joey\Joey_237_proc.jpg,Joey,4,Directo
C:\Users\joeyk\OneDrive\Desktop\CNN\Creación_de_Dataset_híbrido\Face-Recognition Proyect\Dataset_aumentado\Joey\Joey_269_proc_aug03.jpg,Joey,4,Directo
C:\Users\joeyk\OneDrive\Desktop\CNN\Creación_de_Dataset_híbrido\Face-Recognition Proyect\Dataset_aumentado\Natalie Portman\Natalie_Portman_28_proc_aug03.jpg,Natalie Portman,8,Directo
C:\Users\joeyk\OneDrive\Desktop\CNN\Creación_de_Dataset_híbrido\Face-Recognition Proyect\Dataset_aumentado\Kevin\Kevin_93_proc_aug03.jpg,Kevin,6,Directo
C:\Users\joeyk\OneDrive\Desktop\CNN\Creación_de_Dataset_híbrido\Face-Recognition Proyect\Dataset_aumentado\Brad Pitt\BradPitt_56_proc_aug02.jpg,Brad Pitt,1,Directo
C:\Users\joeyk\OneDrive\Desktop\CNN\Creación_de_Dataset_híbrido\Face-Recognition Proyect\Dataset_aumentado\Angelina Jolie\Angelina_Jolie_78_proc_aug01.jpg,Angelina Jolie,0,Directo
C:\Users\joeyk\OneDrive\Desktop\CNN\Creación_de_Dataset_híbrido\Face-Recognition Proyect\Dataset_aumentado\Joey\Joey_154_proc.jpg,Joey,4,Directo
C:\Users\joeyk\OneDrive\Desktop\CNN\Creación_de_Dataset_híbrido\Face-Recognition Proyect\Dataset_aumentado\Joey\Joey_7_proc_aug03.jpg,Joey,4,Directo
C:\Users\joeyk\OneDrive\Desktop\CNN\Creación_de_Dataset_híbrido\Face-Recognition Proyect\Dataset_aumentado\Kevin\Kevin_31_proc_aug03.jpg,Kevin,6,Directo
C:\Users\joeyk\OneDrive\Desktop\CNN\Creación_de_Dataset_híbrido\Face-Recognition Proyect\Dataset_aumentado\Johnny Depp\Johnny_Depp_86_proc_aug01.jpg,Johnny Depp,5,Directo
C:\Users\joeyk\OneDrive\Desktop\CNN\Creación_de_Dataset_híbrido\Face-Recognition Proyect\Dataset_aumentado\Jennifer Lawrence\JenniferLawrence_73_proc_aug03.jpg,Jennifer Lawrence,3,Directo
C:\Users\joeyk\OneDrive\Desktop\CNN\Creación_de_Dataset_híbrido\Face-Recognition Proyect\Dataset_aumentado\Israel\Israel_181_proc.jpg,Israel,2,Directo
C:\Users\joeyk\OneDrive\Desktop\CNN\Creación_de_Dataset_híbrido\Face-Recognition Proyect\Dataset_aumentado\Angelina Jolie\Angelina_Jolie_84_proc_aug03.jpg,Angelina Jolie,0,Directo
C:\Users\joeyk\OneDrive\Desktop\CNN\Creación_de_Dataset_híbrido\Face-Recognition Proyect\Dataset_aumentado\Brad Pitt\BradPitt_33_proc_aug03.jpg,Brad Pitt,1,Directo
C:\Users\joeyk\OneDrive\Desktop\CNN\Creación_de_Dataset_híbrido\Face-Recognition Proyect\Dataset_aumentado\Israel\Israel_269_proc_aug01.jpg,Israel,2,Directo
C:\Users\joeyk\OneDrive\Desktop\CNN\Creación_de_Dataset_híbrido\Face-Recognition Proyect\Dataset_aumentado\Israel\Israel_118_proc_aug01.jpg,Israel,2,Directo
C:\Users\joeyk\OneDrive\Desktop\CNN\Creación_de_Dataset_híbrido\Face-Recognition Proyect\Dataset_aumentado\Israel\Israel_182_proc.jpg,Israel,2,Directo
C:\Users\joeyk\OneDrive\Desktop\CNN\Creación_de_Dataset_híbrido\Face-Recognition Proyect\Dataset_aumentado\Kevin\Kevin_193_proc_aug03.jpg,Kevin,6,Directo
C:\Users\joeyk\OneDrive\Desktop\CNN\Creación_de_Dataset_híbrido\Face-Recognition Proyect\Dataset_aumentado\Brad Pitt\BradPitt_56_proc_aug03.jpg,Brad Pitt,1,Directo
C:\Users\joeyk\OneDrive\Desktop\CNN\Creación_de_Dataset_híbrido\Face-Recognition Proyect\Dataset_aumentado\Jennifer Lawrence\JenniferLawrence_27_proc_aug01.jpg,Jennifer Lawrence,3,Directo
C:\Users\joeyk\OneDrive\Desktop\CNN\Creación_de_Dataset_híbrido\Face-Recognition Proyect\Dataset_aumentado\Joey\Joey_122_proc_aug01.jpg,Joey,4,Directo
C:\Users\joeyk\OneDrive\Desktop\CNN\Creación_de_Dataset_híbrido\Face-Recognition Proyect\Dataset_aumentado\Joey\Joey_150_proc_aug01.jpg,Joey,4,Directo
C:\Users\joeyk\OneDrive\Desktop\CNN\Creación_de_Dataset_híbrido\Face-Recognition Proyect\Dataset_aumentado\Kevin\Kevin_16_proc_aug02.jpg,Kevin,6,Directo
C:\Users\joeyk\OneDrive\Desktop\CNN\Creación_de_Dataset_híbrido\Face-Recognition Proyect\Dataset_aumentado\Joey\Joey_178_proc_aug03.jpg,Joey,4,Directo
C:\Users\joeyk\OneDrive\Desktop\CNN\Creación_de_Dataset_híbrido\Face-Recognition Proyect\Dataset_aumentado\Israel\Israel_208_proc.jpg,Israel,2,Directo
C:\Users\joeyk\OneDrive\Desktop\CNN\Creación_de_Dataset_híbrido\Face-Recognition Proyect\Dataset_aumentado\Natalie Portman\Natalie_Portman_6_proc_aug01.jpg,Natalie Portman,8,Directo
C:\Users\joeyk\OneDrive\Desktop\CNN\Creación_de_Dataset_híbrido\Face-Recognition Proyect\Dataset_aumentado\Israel\Israel_173_proc_aug03.jpg,Israel,2,Directo
C:\Users\joeyk\OneDrive\Desktop\CNN\Creación_de_Dataset_híbrido\Face-Recognition Proyect\Dataset_aumentado\Israel\Israel_110_proc.jpg,Israel,2,Directo
C:\Users\joeyk\OneDrive\Desktop\CNN\Creación_de_Dataset_híbrido\Face-Recognition Proyect\Dataset_aumentado\Angelina Jolie\Angelina_Jolie_37_proc_aug01.jpg,Angelina Jolie,0,Directo
C:\Users\joeyk\OneDrive\Desktop\CNN\Creación_de_Dataset_híbrido\Face-Recognition Proyect\Dataset_aumentado\Brad Pitt\BradPitt_63_proc.jpg,Brad Pitt,1,Directo
C:\Users\joeyk\OneDrive\Desktop\CNN\Creación_de_Dataset_híbrido\Face-Recognition Proyect\Dataset_aumentado\Natalie Portman\Natalie_Portman_81_proc_aug02.jpg,Natalie Portman,8,Directo
C:\Users\joeyk\OneDrive\Desktop\CNN\Creación_de_Dataset_híbrido\Face-Recognition Proyect\Dataset_aumentado\Angelina Jolie\Angelina_Jolie_33_proc_aug01.jpg,Angelina Jolie,0,Directo
C:\Users\joeyk\OneDrive\Desktop\CNN\Creación_de_Dataset_híbrido\Face-Recognition Proyect\Dataset_aumentado\Joey\Joey_136_proc.jpg,Joey,4,Directo
C:\Users\joeyk\OneDrive\Desktop\CNN\Creación_de_Dataset_híbrido\Face-Recognition Proyect\Dataset_aumentado\Joey\Joey_270_proc_aug01.jpg,Joey,4,Directo
C:\Users\joeyk\OneDrive\Desktop\CNN\Creación_de_Dataset_híbrido\Face-Recognition Proyect\Dataset_aumentado\Natalie Portman\Natalie_Portman_6_proc_aug03.jpg,Natalie Portman,8,Directo
C:\Users\joeyk\OneDrive\Desktop\CNN\Creación_de_Dataset_híbrido\Face-Recognition Proyect\Dataset_aumentado\Kevin\Kevin_12_proc_aug01.jpg,Kevin,6,Directo
C:\Users\joeyk\OneDrive\Desktop\CNN\Creación_de_Dataset_híbrido\Face-Recognition Proyect\Dataset_aumentado\Kevin\Kevin_25_proc.jpg,Kevin,6,Directo
C:\Users\joeyk\OneDrive\Desktop\CNN\Creación_de_Dataset_híbrido\Face-Recognition Proyect\Dataset_aumentado\Israel\Israel_189_proc.jpg,Israel,2,Directo
C:\Users\joeyk\OneDrive\Desktop\CNN\Creación_de_Dataset_híbrido\Face-Recognition Proyect\Dataset_aumentado\Kevin\Kevin_136_proc.jpg,Kevin,6,Directo
C:\Users\joeyk\OneDrive\Desktop\CNN\Creación_de_Dataset_híbrido\Face-Recognition Proyect\Dataset_aumentado\Kevin\Kevin_34_proc_aug03.jpg,Kevin,6,Directo
C:\Users\joeyk\OneDrive\Desktop\CNN\Creación_de_Dataset_híbrido\Face-Recognition Proyect\Dataset_aumentado\Nicole Kidman\Nicole_Kidman_13_proc_aug01.jpg,Nicole Kidman,9,Directo
C:\Users\joeyk\OneDrive\Desktop\CNN\Creación_de_Dataset_híbrido\Face-Recognition Proyect\Dataset_aumentado\Kevin\Kevin_168_proc_aug02.jpg,Kevin,6,Directo
C:\Users\joeyk\OneDrive\Desktop\CNN\Creación_de_Dataset_híbrido\Face-Recognition Proyect\Dataset_aumentado\Natalie Portman\Natalie_Portman_15_proc_aug01.jpg,Natalie Portman,8,Directo
C:\Users\joeyk\OneDrive\Desktop\CNN\Creación_de_Dataset_híbrido\Face-Recognition Proyect\Dataset_aumentado\Israel\Israel_158_proc_aug03.jpg,Israel,2,Directo
C:\Users\joeyk\OneDrive\Desktop\CNN\Creación_de_Dataset_híbrido\Face-Recognition Proyect\Dataset_aumentado\Angelina Jolie\Angelina_Jolie_30_proc.jpg,Angelina Jolie,0,Directo
C:\Users\joeyk\OneDrive\Desktop\CNN\Creación_de_Dataset_híbrido\Face-Recognition Proyect\Dataset_aumentado\Nicole Kidman\Nicole_Kidman_25_proc_aug01.jpg,Nicole Kidman,9,Directo
C:\Users\joeyk\OneDrive\Desktop\CNN\Creación_de_Dataset_híbrido\Face-Recognition Proyect\Dataset_aumentado\Israel\Israel_280_proc_aug02.jpg,Israel,2,Directo
C:\Users\joeyk\OneDrive\Desktop\CNN\Creación_de_Dataset_híbrido\Face-Recognition Proyect\Dataset_aumentado\Kevin\Kevin_153_proc_aug01.jpg,Kevin,6,Directo
C:\Users\joeyk\OneDrive\Desktop\CNN\Creación_de_Dataset_híbrido\Face-Recognition Proyect\Dataset_aumentado\Israel\Israel_119_proc_aug01.jpg,Israel,2,Directo
C:\Users\joeyk\OneDrive\Desktop\CNN\Creación_de_Dataset_híbrido\Face-Recognition Proyect\Dataset_aumentado\Johnny Depp\Johnny_Depp_76_proc_aug02.jpg,Johnny Depp,5,Directo
C:\Users\joeyk\OneDrive\Desktop\CNN\Creación_de_Dataset_híbrido\Face-Recognition Proyect\Dataset_aumentado\Kevin\Kevin_123_proc_aug03.jpg,Kevin,6,Directo
C:\Users\joeyk\OneDrive\Desktop\CNN\Creación_de_Dataset_híbrido\Face-Recognition Proyect\Dataset_aumentado\Leonardo DiCaprio\Leonardo_DiCaprio_8_proc_aug01.jpg,Leonardo DiCaprio,7,Directo
C:\Users\joeyk\OneDrive\Desktop\CNN\Creación_de_Dataset_híbrido\Face-Recognition Proyect\Dataset_aumentado\Brad Pitt\BradPitt_40_proc_aug01.jpg,Brad Pitt,1,Directo
C:\Users\joeyk\OneDrive\Desktop\CNN\Creación_de_Dataset_híbrido\Face-Recognition Proyect\Dataset_aumentado\Natalie Portman\Natalie_Portman_90_proc.jpg,Natalie Portman,8,Directo
C:\Users\joeyk\OneDrive\Desktop\CNN\Creación_de_Dataset_híbrido\Face-Recognition Proyect\Dataset_aumentado\Israel\Israel_253_proc_aug01.jpg,Israel,2,Directo
C:\Users\joeyk\OneDrive\Desktop\CNN\Creación_de_Dataset_híbrido\Face-Recognition Proyect\Dataset_aumentado\Angelina Jolie\Angelina_Jolie_43_proc_aug03.jpg,Angelina Jolie,0,Directo
C:\Users\joeyk\OneDrive\Desktop\CNN\Creación_de_Dataset_híbrido\Face-Recognition Proyect\Dataset_aumentado\Israel\Israel_142_proc_aug03.jpg,Israel,2,Directo
C:\Users\joeyk\OneDrive\Desktop\CNN\Creación_de_Dataset_híbrido\Face-Recognition Proyect\Dataset_aumentado\Jennifer Lawrence\JenniferLawrence_96_proc_aug03.jpg,Jennifer Lawrence,3,Directo
C:\Users\joeyk\OneDrive\Desktop\CNN\Creación_de_Dataset_híbrido\Face-Recognition Proyect\Dataset_aumentado\Brad Pitt\BradPitt_62_proc_aug02.jpg,Brad Pitt,1,Directo
C:\Users\joeyk\OneDrive\Desktop\CNN\Creación_de_Dataset_híbrido\Face-Recognition Proyect\Dataset_aumentado\Jennifer Lawrence\JenniferLawrence_26_proc_aug01.jpg,Jennifer Lawrence,3,Directo
C:\Users\joeyk\OneDrive\Desktop\CNN\Creación_de_Dataset_híbrido\Face-Recognition Proyect\Dataset_aumentado\Israel\Israel_104_proc_aug01.jpg,Israel,2,Directo
C:\Users\joeyk\OneDrive\Desktop\CNN\Creación_de_Dataset_híbrido\Face-Recognition Proyect\Dataset_aumentado\Jennifer Lawrence\JenniferLawrence_93_proc_aug03.jpg,Jennifer Lawrence,3,Directo
C:\Users\joeyk\OneDrive\Desktop\CNN\Creación_de_Dataset_híbrido\Face-Recognition Proyect\Dataset_aumentado\Joey\Joey_140_proc.jpg,Joey,4,Directo
C:\Users\joeyk\OneDrive\Desktop\CNN\Creación_de_Dataset_híbrido\Face-Recognition Proyect\Dataset_aumentado\Jennifer Lawrence\JenniferLawrence_88_proc_aug03.jpg,Jennifer Lawrence,3,Directo
C:\Users\joeyk\OneDrive\Desktop\CNN\Creación_de_Dataset_híbrido\Face-Recognition Proyect\Dataset_aumentado\Angelina Jolie\Angelina_Jolie_2_proc_aug02.jpg,Angelina Jolie,0,Directo
C:\Users\joeyk\OneDrive\Desktop\CNN\Creación_de_Dataset_híbrido\Face-Recognition Proyect\Dataset_aumentado\Jennifer Lawrence\JenniferLawrence_37_proc_aug03.jpg,Jennifer Lawrence,3,Directo
C:\Users\joeyk\OneDrive\Desktop\CNN\Creación_de_Dataset_híbrido\Face-Recognition Proyect\Dataset_aumentado\Angelina Jolie\Angelina_Jolie_17_proc_aug01.jpg,Angelina Jolie,0,Directo
C:\Users\joeyk\OneDrive\Desktop\CNN\Creación_de_Dataset_híbrido\Face-Recognition Proyect\Dataset_aumentado\Natalie Portman\Natalie_Portman_60_proc_aug03.jpg,Natalie Portman,8,Directo
C:\Users\joeyk\OneDrive\Desktop\CNN\Creación_de_Dataset_híbrido\Face-Recognition Proyect\Dataset_aumentado\Israel\Israel_271_proc_aug03.jpg,Israel,2,Directo
C:\Users\joeyk\OneDrive\Desktop\CNN\Creación_de_Dataset_híbrido\Face-Recognition Proyect\Dataset_aumentado\Leonardo DiCaprio\Leonardo_DiCaprio_61_proc_aug03.jpg,Leonardo DiCaprio,7,Directo
C:\Users\joeyk\OneDrive\Desktop\CNN\Creación_de_Dataset_híbrido\Face-Recognition Proyect\Dataset_aumentado\Joey\Joey_149_proc_aug03.jpg,Joey,4,Directo
C:\Users\joeyk\OneDrive\Desktop\CNN\Creación_de_Dataset_híbrido\Face-Recognition Proyect\Dataset_aumentado\Natalie Portman\Natalie_Portman_9_proc_aug01.jpg,Natalie Portman,8,Directo
C:\Users\joeyk\OneDrive\Desktop\CNN\Creación_de_Dataset_híbrido\Face-Recognition Proyect\Dataset_aumentado\Israel\Israel_228_proc_aug01.jpg,Israel,2,Directo
C:\Users\joeyk\OneDrive\Desktop\CNN\Creación_de_Dataset_híbrido\Face-Recognition Proyect\Dataset_aumentado\Natalie Portman\Natalie_Portman_71_proc_aug01.jpg,Natalie Portman,8,Directo
C:\Users\joeyk\OneDrive\Desktop\CNN\Creación_de_Dataset_híbrido\Face-Recognition Proyect\Dataset_aumentado\Natalie Portman\Natalie_Portman_86_proc.jpg,Natalie Portman,8,Directo
C:\Users\joeyk\OneDrive\Desktop\CNN\Creación_de_Dataset_híbrido\Face-Recognition Proyect\Dataset_aumentado\Brad Pitt\BradPitt_45_proc_aug03.jpg,Brad Pitt,1,Directo
C:\Users\joeyk\OneDrive\Desktop\CNN\Creación_de_Dataset_híbrido\Face-Recognition Proyect\Dataset_aumentado\Joey\Joey_173_proc_aug03.jpg,Joey,4,Directo
C:\Users\joeyk\OneDrive\Desktop\CNN\Creación_de_Dataset_híbrido\Face-Recognition Proyect\Dataset_aumentado\Kevin\Kevin_5_proc_aug03.jpg,Kevin,6,Directo
C:\Users\joeyk\OneDrive\Desktop\CNN\Creación_de_Dataset_híbrido\Face-Recognition Proyect\Dataset_aumentado\Israel\Israel_260_proc_aug03.jpg,Israel,2,Directo
C:\Users\joeyk\OneDrive\Desktop\CNN\Creación_de_Dataset_híbrido\Face-Recognition Proyect\Dataset_aumentado\Joey\Joey_110_proc_aug02.jpg,Joey,4,Directo
C:\Users\joeyk\OneDrive\Desktop\CNN\Creación_de_Dataset_híbrido\Face-Recognition Proyect\Dataset_aumentado\Natalie Portman\Natalie_Portman_81_proc.jpg,Natalie Portman,8,Directo
C:\Users\joeyk\OneDrive\Desktop\CNN\Creación_de_Dataset_híbrido\Face-Recognition Proyect\Dataset_aumentado\Joey\Joey_169_proc.jpg,Joey,4,Directo
C:\Users\joeyk\OneDrive\Desktop\CNN\Creación_de_Dataset_híbrido\Face-Recognition Proyect\Dataset_aumentado\Israel\Israel_128_proc_aug01.jpg,Israel,2,Directo
C:\Users\joeyk\OneDrive\Desktop\CNN\Creación_de_Dataset_híbrido\Face-Recognition Proyect\Dataset_aumentado\Israel\Israel_29_proc.jpg,Israel,2,Directo
C:\Users\joeyk\OneDrive\Desktop\CNN\Creación_de_Dataset_híbrido\Face-Recognition Proyect\Dataset_aumentado\Kevin\Kevin_161_proc_aug01.jpg,Kevin,6,Directo
C:\Users\joeyk\OneDrive\Desktop\CNN\Creación_de_Dataset_híbrido\Face-Recognition Proyect\Dataset_aumentado\Brad Pitt\BradPitt_34_proc_aug03.jpg,Brad Pitt,1,Directo
C:\Users\joeyk\OneDrive\Desktop\CNN\Creación_de_Dataset_híbrido\Face-Recognition Proyect\Dataset_aumentado\Natalie Portman\Natalie_Portman_7_proc_aug02.jpg,Natalie Portman,8,Directo
C:\Users\joeyk\OneDrive\Desktop\CNN\Creación_de_Dataset_híbrido\Face-Recognition Proyect\Dataset_aumentado\Brad Pitt\BradPitt_96_proc_aug02.jpg,Brad Pitt,1,Directo
C:\Users\joeyk\OneDrive\Desktop\CNN\Creación_de_Dataset_híbrido\Face-Recognition Proyect\Dataset_aumentado\Leonardo DiCaprio\Leonardo_DiCaprio_23_proc_aug02.jpg,Leonardo DiCaprio,7,Directo
C:\Users\joeyk\OneDrive\Desktop\CNN\Creación_de_Dataset_híbrido\Face-Recognition Proyect\Dataset_aumentado\Joey\Joey_18_proc_aug01.jpg,Joey,4,Directo
C:\Users\joeyk\OneDrive\Desktop\CNN\Creación_de_Dataset_híbrido\Face-Recognition Proyect\Dataset_aumentado\Leonardo DiCaprio\Leonardo_DiCaprio_27_proc.jpg,Leonardo DiCaprio,7,Directo
C:\Users\joeyk\OneDrive\Desktop\CNN\Creación_de_Dataset_híbrido\Face-Recognition Proyect\Dataset_aumentado\Kevin\Kevin_4_proc_aug01.jpg,Kevin,6,Directo
C:\Users\joeyk\OneDrive\Desktop\CNN\Creación_de_Dataset_híbrido\Face-Recognition Proyect\Dataset_aumentado\Brad Pitt\BradPitt_19_proc.jpg,Brad Pitt,1,Directo
C:\Users\joeyk\OneDrive\Desktop\CNN\Creación_de_Dataset_híbrido\Face-Recognition Proyect\Dataset_aumentado\Natalie Portman\Natalie_Portman_32_proc_aug02.jpg,Natalie Portman,8,Directo
C:\Users\joeyk\OneDrive\Desktop\CNN\Creación_de_Dataset_híbrido\Face-Recognition Proyect\Dataset_aumentado\Joey\Joey_31_proc_aug03.jpg,Joey,4,Directo
C:\Users\joeyk\OneDrive\Desktop\CNN\Creación_de_Dataset_híbrido\Face-Recognition Proyect\Dataset_aumentado\Jennifer Lawrence\JenniferLawrence_99_proc.jpg,Jennifer Lawrence,3,Directo
C:\Users\joeyk\OneDrive\Desktop\CNN\Creación_de_Dataset_híbrido\Face-Recognition Proyect\Dataset_aumentado\Leonardo DiCaprio\Leonardo_DiCaprio_29_proc.jpg,Leonardo DiCaprio,7,Directo
C:\Users\joeyk\OneDrive\Desktop\CNN\Creación_de_Dataset_híbrido\Face-Recognition Proyect\Dataset_aumentado\Joey\Joey_88_proc.jpg,Joey,4,Directo
C:\Users\joeyk\OneDrive\Desktop\CNN\Creación_de_Dataset_híbrido\Face-Recognition Proyect\Dataset_aumentado\Johnny Depp\Johnny_Depp_32_proc_aug02.jpg,Johnny Depp,5,Directo
C:\Users\joeyk\OneDrive\Desktop\CNN\Creación_de_Dataset_híbrido\Face-Recognition Proyect\Dataset_aumentado\Angelina Jolie\Angelina_Jolie_71_proc_aug01.jpg,Angelina Jolie,0,Directo
C:\Users\joeyk\OneDrive\Desktop\CNN\Creación_de_Dataset_híbrido\Face-Recognition Proyect\Dataset_aumentado\Israel\Israel_34_proc.jpg,Israel,2,Directo
C:\Users\joeyk\OneDrive\Desktop\CNN\Creación_de_Dataset_híbrido\Face-Recognition Proyect\Dataset_aumentado\Leonardo DiCaprio\Leonardo_DiCaprio_75_proc_aug03.jpg,Leonardo DiCaprio,7,Directo
C:\Users\joeyk\OneDrive\Desktop\CNN\Creación_de_Dataset_híbrido\Face-Recognition Proyect\Dataset_aumentado\Israel\Israel_272_proc_aug02.jpg,Israel,2,Directo
C:\Users\joeyk\OneDrive\Desktop\CNN\Creación_de_Dataset_híbrido\Face-Recognition Proyect\Dataset_aumentado\Joey\Joey_186_proc.jpg,Joey,4,Directo
C:\Users\joeyk\OneDrive\Desktop\CNN\Creación_de_Dataset_híbrido\Face-Recognition Proyect\Dataset_aumentado\Kevin\Kevin_118_proc_aug01.jpg,Kevin,6,Directo
C:\Users\joeyk\OneDrive\Desktop\CNN\Creación_de_Dataset_híbrido\Face-Recognition Proyect\Dataset_aumentado\Israel\Israel_287_proc_aug01.jpg,Israel,2,Directo
C:\Users\joeyk\OneDrive\Desktop\CNN\Creación_de_Dataset_híbrido\Face-Recognition Proyect\Dataset_aumentado\Kevin\Kevin_116_proc_aug01.jpg,Kevin,6,Directo
C:\Users\joeyk\OneDrive\Desktop\CNN\Creación_de_Dataset_híbrido\Face-Recognition Proyect\Dataset_aumentado\Israel\Israel_283_proc_aug03.jpg,Israel,2,Directo
C:\Users\joeyk\OneDrive\Desktop\CNN\Creación_de_Dataset_híbrido\Face-Recognition Proyect\Dataset_aumentado\Jennifer Lawrence\JenniferLawrence_72_proc_aug02.jpg,Jennifer Lawrence,3,Directo
C:\Users\joeyk\OneDrive\Desktop\CNN\Creación_de_Dataset_híbrido\Face-Recognition Proyect\Dataset_aumentado\Joey\Joey_122_proc.jpg,Joey,4,Directo
C:\Users\joeyk\OneDrive\Desktop\CNN\Creación_de_Dataset_híbrido\Face-Recognition Proyect\Dataset_aumentado\Joey\Joey_140_proc_aug03.jpg,Joey,4,Directo
C:\Users\joeyk\OneDrive\Desktop\CNN\Creación_de_Dataset_híbrido\Face-Recognition Proyect\Dataset_aumentado\Jennifer Lawrence\JenniferLawrence_7_proc.jpg,Jennifer Lawrence,3,Directo
C:\Users\joeyk\OneDrive\Desktop\CNN\Creación_de_Dataset_híbrido\Face-Recognition Proyect\Dataset_aumentado\Kevin\Kevin_183_proc_aug03.jpg,Kevin,6,Directo
C:\Users\joeyk\OneDrive\Desktop\CNN\Creación_de_Dataset_híbrido\Face-Recognition Proyect\Dataset_aumentado\Israel\Israel_227_proc_aug02.jpg,Israel,2,Directo
C:\Users\joeyk\OneDrive\Desktop\CNN\Creación_de_Dataset_híbrido\Face-Recognition Proyect\Dataset_aumentado\Kevin\Kevin_73_proc_aug03.jpg,Kevin,6,Directo
C:\Users\joeyk\OneDrive\Desktop\CNN\Creación_de_Dataset_híbrido\Face-Recognition Proyect\Dataset_aumentado\Joey\Joey_177_proc_aug03.jpg,Joey,4,Directo
C:\Users\joeyk\OneDrive\Desktop\CNN\Creación_de_Dataset_híbrido\Face-Recognition Proyect\Dataset_aumentado\Joey\Joey_47_proc.jpg,Joey,4,Directo
C:\Users\joeyk\OneDrive\Desktop\CNN\Creación_de_Dataset_híbrido\Face-Recognition Proyect\Dataset_aumentado\Joey\Joey_261_proc.jpg,Joey,4,Directo
C:\Users\joeyk\OneDrive\Desktop\CNN\Creación_de_Dataset_híbrido\Face-Recognition Proyect\Dataset_aumentado\Nicole Kidman\Nicole_Kidman_9_proc.jpg,Nicole Kidman,9,Directo
C:\Users\joeyk\OneDrive\Desktop\CNN\Creación_de_Dataset_híbrido\Face-Recognition Proyect\Dataset_aumentado\Nicole Kidman\Nicole_Kidman_51_proc_aug01.jpg,Nicole Kidman,9,Directo
C:\Users\joeyk\OneDrive\Desktop\CNN\Creación_de_Dataset_híbrido\Face-Recognition Proyect\Dataset_aumentado\Jennifer Lawrence\JenniferLawrence_29_proc_aug02.jpg,Jennifer Lawrence,3,Directo
C:\Users\joeyk\OneDrive\Desktop\CNN\Creación_de_Dataset_híbrido\Face-Recognition Proyect\Dataset_aumentado\Israel\Israel_234_proc_aug02.jpg,Israel,2,Directo
C:\Users\joeyk\OneDrive\Desktop\CNN\Creación_de_Dataset_híbrido\Face-Recognition Proyect\Dataset_aumentado\Nicole Kidman\Nicole_Kidman_89_proc_aug03.jpg,Nicole Kidman,9,Directo
C:\Users\joeyk\OneDrive\Desktop\CNN\Creación_de_Dataset_híbrido\Face-Recognition Proyect\Dataset_aumentado\Nicole Kidman\Nicole_Kidman_80_proc_aug03.jpg,Nicole Kidman,9,Directo
C:\Users\joeyk\OneDrive\Desktop\CNN\Creación_de_Dataset_híbrido\Face-Recognition Proyect\Dataset_aumentado\Joey\Joey_32_proc_aug01.jpg,Joey,4,Directo
C:\Users\joeyk\OneDrive\Desktop\CNN\Creación_de_Dataset_híbrido\Face-Recognition Proyect\Dataset_aumentado\Kevin\Kevin_38_proc.jpg,Kevin,6,Directo
C:\Users\joeyk\OneDrive\Desktop\CNN\Creación_de_Dataset_híbrido\Face-Recognition Proyect\Dataset_aumentado\Kevin\Kevin_83_proc.jpg,Kevin,6,Directo
C:\Users\joeyk\OneDrive\Desktop\CNN\Creación_de_Dataset_híbrido\Face-Recognition Proyect\Dataset_aumentado\Israel\Israel_83_proc_aug03.jpg,Israel,2,Directo
C:\Users\joeyk\OneDrive\Desktop\CNN\Creación_de_Dataset_híbrido\Face-Recognition Proyect\Dataset_aumentado\Israel\Israel_181_proc_aug03.jpg,Israel,2,Directo
C:\Users\joeyk\OneDrive\Desktop\CNN\Creación_de_Dataset_híbrido\Face-Recognition Proyect\Dataset_aumentado\Joey\Joey_16_proc_aug03.jpg,Joey,4,Directo
C:\Users\joeyk\OneDrive\Desktop\CNN\Creación_de_Dataset_híbrido\Face-Recognition Proyect\Dataset_aumentado\Israel\Israel_77_proc_aug02.jpg,Israel,2,Directo
C:\Users\joeyk\OneDrive\Desktop\CNN\Creación_de_Dataset_híbrido\Face-Recognition Proyect\Dataset_aumentado\Joey\Joey_270_proc_aug02.jpg,Joey,4,Directo
C:\Users\joeyk\OneDrive\Desktop\CNN\Creación_de_Dataset_híbrido\Face-Recognition Proyect\Dataset_aumentado\Kevin\Kevin_191_proc_aug02.jpg,Kevin,6,Directo
C:\Users\joeyk\OneDrive\Desktop\CNN\Creación_de_Dataset_híbrido\Face-Recognition Proyect\Dataset_aumentado\Kevin\Kevin_209_proc_aug02.jpg,Kevin,6,Directo
C:\Users\joeyk\OneDrive\Desktop\CNN\Creación_de_Dataset_híbrido\Face-Recognition Proyect\Dataset_aumentado\Nicole Kidman\Nicole_Kidman_34_proc_aug03.jpg,Nicole Kidman,9,Directo
C:\Users\joeyk\OneDrive\Desktop\CNN\Creación_de_Dataset_híbrido\Face-Recognition Proyect\Dataset_aumentado\Israel\Israel_167_proc_aug03.jpg,Israel,2,Directo
C:\Users\joeyk\OneDrive\Desktop\CNN\Creación_de_Dataset_híbrido\Face-Recognition Proyect\Dataset_aumentado\Joey\Joey_127_proc.jpg,Joey,4,Directo
C:\Users\joeyk\OneDrive\Desktop\CNN\Creación_de_Dataset_híbrido\Face-Recognition Proyect\Dataset_aumentado\Joey\Joey_99_proc_aug03.jpg,Joey,4,Directo
C:\Users\joeyk\OneDrive\Desktop\CNN\Creación_de_Dataset_híbrido\Face-Recognition Proyect\Dataset_aumentado\Israel\Israel_118_proc.jpg,Israel,2,Directo
C:\Users\joeyk\OneDrive\Desktop\CNN\Creación_de_Dataset_híbrido\Face-Recognition Proyect\Dataset_aumentado\Kevin\Kevin_166_proc_aug03.jpg,Kevin,6,Directo
C:\Users\joeyk\OneDrive\Desktop\CNN\Creación_de_Dataset_híbrido\Face-Recognition Proyect\Dataset_aumentado\Johnny Depp\Johnny_Depp_5_proc_aug02.jpg,Johnny Depp,5,Directo
C:\Users\joeyk\OneDrive\Desktop\CNN\Creación_de_Dataset_híbrido\Face-Recognition Proyect\Dataset_aumentado\Jennifer Lawrence\JenniferLawrence_92_proc.jpg,Jennifer Lawrence,3,Directo
C:\Users\joeyk\OneDrive\Desktop\CNN\Creación_de_Dataset_híbrido\Face-Recognition Proyect\Dataset_aumentado\Jennifer Lawrence\JenniferLawrence_21_proc_aug02.jpg,Jennifer Lawrence,3,Directo
C:\Users\joeyk\OneDrive\Desktop\CNN\Creación_de_Dataset_híbrido\Face-Recognition Proyect\Dataset_aumentado\Angelina Jolie\Angelina_Jolie_75_proc_aug02.jpg,Angelina Jolie,0,Directo
C:\Users\joeyk\OneDrive\Desktop\CNN\Creación_de_Dataset_híbrido\Face-Recognition Proyect\Dataset_aumentado\Joey\Joey_216_proc.jpg,Joey,4,Directo
C:\Users\joeyk\OneDrive\Desktop\CNN\Creación_de_Dataset_híbrido\Face-Recognition Proyect\Dataset_aumentado\Kevin\Kevin_3_proc_aug01.jpg,Kevin,6,Directo
C:\Users\joeyk\OneDrive\Desktop\CNN\Creación_de_Dataset_híbrido\Face-Recognition Proyect\Dataset_aumentado\Israel\Israel_238_proc_aug02.jpg,Israel,2,Directo
C:\Users\joeyk\OneDrive\Desktop\CNN\Creación_de_Dataset_híbrido\Face-Recognition Proyect\Dataset_aumentado\Leonardo DiCaprio\Leonardo_DiCaprio_95_proc_aug01.jpg,Leonardo DiCaprio,7,Directo
C:\Users\joeyk\OneDrive\Desktop\CNN\Creación_de_Dataset_híbrido\Face-Recognition Proyect\Dataset_aumentado\Nicole Kidman\Nicole_Kidman_57_proc_aug02.jpg,Nicole Kidman,9,Directo
C:\Users\joeyk\OneDrive\Desktop\CNN\Creación_de_Dataset_híbrido\Face-Recognition Proyect\Dataset_aumentado\Joey\Joey_66_proc_aug02.jpg,Joey,4,Directo
C:\Users\joeyk\OneDrive\Desktop\CNN\Creación_de_Dataset_híbrido\Face-Recognition Proyect\Dataset_aumentado\Kevin\Kevin_104_proc_aug02.jpg,Kevin,6,Directo
C:\Users\joeyk\OneDrive\Desktop\CNN\Creación_de_Dataset_híbrido\Face-Recognition Proyect\Dataset_aumentado\Kevin\Kevin_58_proc_aug01.jpg,Kevin,6,Directo
C:\Users\joeyk\OneDrive\Desktop\CNN\Creación_de_Dataset_híbrido\Face-Recognition Proyect\Dataset_aumentado\Kevin\Kevin_136_proc_aug01.jpg,Kevin,6,Directo
C:\Users\joeyk\OneDrive\Desktop\CNN\Creación_de_Dataset_híbrido\Face-Recognition Proyect\Dataset_aumentado\Israel\Israel_80_proc.jpg,Israel,2,Directo
C:\Users\joeyk\OneDrive\Desktop\CNN\Creación_de_Dataset_híbrido\Face-Recognition Proyect\Dataset_aumentado\Israel\Israel_278_proc.jpg,Israel,2,Directo
C:\Users\joeyk\OneDrive\Desktop\CNN\Creación_de_Dataset_híbrido\Face-Recognition Proyect\Dataset_aumentado\Israel\Israel_243_proc_aug03.jpg,Israel,2,Directo
C:\Users\joeyk\OneDrive\Desktop\CNN\Creación_de_Dataset_híbrido\Face-Recognition Proyect\Dataset_aumentado\Jennifer Lawrence\JenniferLawrence_41_proc_aug03.jpg,Jennifer Lawrence,3,Directo
C:\Users\joeyk\OneDrive\Desktop\CNN\Creación_de_Dataset_híbrido\Face-Recognition Proyect\Dataset_aumentado\Joey\Joey_237_proc_aug02.jpg,Joey,4,Directo
C:\Users\joeyk\OneDrive\Desktop\CNN\Creación_de_Dataset_híbrido\Face-Recognition Proyect\Dataset_aumentado\Israel\Israel_67_proc.jpg,Israel,2,Directo
C:\Users\joeyk\OneDrive\Desktop\CNN\Creación_de_Dataset_híbrido\Face-Recognition Proyect\Dataset_aumentado\Nicole Kidman\Nicole_Kidman_61_proc_aug03.jpg,Nicole Kidman,9,Directo
C:\Users\joeyk\OneDrive\Desktop\CNN\Creación_de_Dataset_híbrido\Face-Recognition Proyect\Dataset_aumentado\Nicole Kidman\Nicole_Kidman_90_proc_aug01.jpg,Nicole Kidman,9,Directo
C:\Users\joeyk\OneDrive\Desktop\CNN\Creación_de_Dataset_híbrido\Face-Recognition Proyect\Dataset_aumentado\Leonardo DiCaprio\Leonardo_DiCaprio_89_proc_aug01.jpg,Leonardo DiCaprio,7,Directo
C:\Users\joeyk\OneDrive\Desktop\CNN\Creación_de_Dataset_híbrido\Face-Recognition Proyect\Dataset_aumentado\Israel\Israel_219_proc_aug03.jpg,Israel,2,Directo
C:\Users\joeyk\OneDrive\Desktop\CNN\Creación_de_Dataset_híbrido\Face-Recognition Proyect\Dataset_aumentado\Johnny Depp\Johnny_Depp_12_proc_aug03.jpg,Johnny Depp,5,Directo
C:\Users\joeyk\OneDrive\Desktop\CNN\Creación_de_Dataset_híbrido\Face-Recognition Proyect\Dataset_aumentado\Angelina Jolie\Angelina_Jolie_42_proc_aug02.jpg,Angelina Jolie,0,Directo
C:\Users\joeyk\OneDrive\Desktop\CNN\Creación_de_Dataset_híbrido\Face-Recognition Proyect\Dataset_aumentado\Nicole Kidman\Nicole_Kidman_5_proc.jpg,Nicole Kidman,9,Directo
C:\Users\joeyk\OneDrive\Desktop\CNN\Creación_de_Dataset_híbrido\Face-Recognition Proyect\Dataset_aumentado\Leonardo DiCaprio\Leonardo_DiCaprio_40_proc_aug03.jpg,Leonardo DiCaprio,7,Directo
C:\Users\joeyk\OneDrive\Desktop\CNN\Creación_de_Dataset_híbrido\Face-Recognition Proyect\Dataset_aumentado\Kevin\Kevin_113_proc_aug01.jpg,Kevin,6,Directo
C:\Users\joeyk\OneDrive\Desktop\CNN\Creación_de_Dataset_híbrido\Face-Recognition Proyect\Dataset_aumentado\Kevin\Kevin_152_proc.jpg,Kevin,6,Directo
C:\Users\joeyk\OneDrive\Desktop\CNN\Creación_de_Dataset_híbrido\Face-Recognition Proyect\Dataset_aumentado\Joey\Joey_276_proc_aug02.jpg,Joey,4,Directo
C:\Users\joeyk\OneDrive\Desktop\CNN\Creación_de_Dataset_híbrido\Face-Recognition Proyect\Dataset_aumentado\Kevin\Kevin_104_proc_aug01.jpg,Kevin,6,Directo
C:\Users\joeyk\OneDrive\Desktop\CNN\Creación_de_Dataset_híbrido\Face-Recognition Proyect\Dataset_aumentado\Joey\Joey_168_proc_aug03.jpg,Joey,4,Directo
C:\Users\joeyk\OneDrive\Desktop\CNN\Creación_de_Dataset_híbrido\Face-Recognition Proyect\Dataset_aumentado\Brad Pitt\BradPitt_6_proc_aug02.jpg,Brad Pitt,1,Directo
C:\Users\joeyk\OneDrive\Desktop\CNN\Creación_de_Dataset_híbrido\Face-Recognition Proyect\Dataset_aumentado\Kevin\Kevin_91_proc.jpg,Kevin,6,Directo
C:\Users\joeyk\OneDrive\Desktop\CNN\Creación_de_Dataset_híbrido\Face-Recognition Proyect\Dataset_aumentado\Leonardo DiCaprio\Leonardo_DiCaprio_7_proc_aug02.jpg,Leonardo DiCaprio,7,Directo
C:\Users\joeyk\OneDrive\Desktop\CNN\Creación_de_Dataset_híbrido\Face-Recognition Proyect\Dataset_aumentado\Israel\Israel_338_proc_aug03.jpg,Israel,2,Directo
C:\Users\joeyk\OneDrive\Desktop\CNN\Creación_de_Dataset_híbrido\Face-Recognition Proyect\Dataset_aumentado\Brad Pitt\BradPitt_39_proc.jpg,Brad Pitt,1,Directo
C:\Users\joeyk\OneDrive\Desktop\CNN\Creación_de_Dataset_híbrido\Face-Recognition Proyect\Dataset_aumentado\Israel\Israel_172_proc_aug02.jpg,Israel,2,Directo
C:\Users\joeyk\OneDrive\Desktop\CNN\Creación_de_Dataset_híbrido\Face-Recognition Proyect\Dataset_aumentado\Israel\Israel_41_proc_aug03.jpg,Israel,2,Directo
C:\Users\joeyk\OneDrive\Desktop\CNN\Creación_de_Dataset_híbrido\Face-Recognition Proyect\Dataset_aumentado\Israel\Israel_143_proc_aug03.jpg,Israel,2,Directo
C:\Users\joeyk\OneDrive\Desktop\CNN\Creación_de_Dataset_híbrido\Face-Recognition Proyect\Dataset_aumentado\Israel\Israel_176_proc_aug02.jpg,Israel,2,Directo
C:\Users\joeyk\OneDrive\Desktop\CNN\Creación_de_Dataset_híbrido\Face-Recognition Proyect\Dataset_aumentado\Joey\Joey_174_proc_aug03.jpg,Joey,4,Directo
C:\Users\joeyk\OneDrive\Desktop\CNN\Creación_de_Dataset_híbrido\Face-Recognition Proyect\Dataset_aumentado\Kevin\Kevin_111_proc_aug02.jpg,Kevin,6,Directo
C:\Users\joeyk\OneDrive\Desktop\CNN\Creación_de_Dataset_híbrido\Face-Recognition Proyect\Dataset_aumentado\Natalie Portman\Natalie_Portman_64_proc_aug01.jpg,Natalie Portman,8,Directo
C:\Users\joeyk\OneDrive\Desktop\CNN\Creación_de_Dataset_híbrido\Face-Recognition Proyect\Dataset_aumentado\Israel\Israel_211_proc_aug03.jpg,Israel,2,Directo
C:\Users\joeyk\OneDrive\Desktop\CNN\Creación_de_Dataset_híbrido\Face-Recognition Proyect\Dataset_aumentado\Israel\Israel_201_proc_aug01.jpg,Israel,2,Directo
C:\Users\joeyk\OneDrive\Desktop\CNN\Creación_de_Dataset_híbrido\Face-Recognition Proyect\Dataset_aumentado\Natalie Portman\Natalie_Portman_23_proc_aug03.jpg,Natalie Portman,8,Directo
C:\Users\joeyk\OneDrive\Desktop\CNN\Creación_de_Dataset_híbrido\Face-Recognition Proyect\Dataset_aumentado\Israel\Israel_247_proc_aug02.jpg,Israel,2,Directo
C:\Users\joeyk\OneDrive\Desktop\CNN\Creación_de_Dataset_híbrido\Face-Recognition Proyect\Dataset_aumentado\Israel\Israel_83_proc_aug01.jpg,Israel,2,Directo
C:\Users\joeyk\OneDrive\Desktop\CNN\Creación_de_Dataset_híbrido\Face-Recognition Proyect\Dataset_aumentado\Jennifer Lawrence\JenniferLawrence_90_proc_aug01.jpg,Jennifer Lawrence,3,Directo
C:\Users\joeyk\OneDrive\Desktop\CNN\Creación_de_Dataset_híbrido\Face-Recognition Proyect\Dataset_aumentado\Angelina Jolie\Angelina_Jolie_70_proc_aug02.jpg,Angelina Jolie,0,Directo
C:\Users\joeyk\OneDrive\Desktop\CNN\Creación_de_Dataset_híbrido\Face-Recognition Proyect\Dataset_aumentado\Jennifer Lawrence\JenniferLawrence_11_proc_aug02.jpg,Jennifer Lawrence,3,Directo
C:\Users\joeyk\OneDrive\Desktop\CNN\Creación_de_Dataset_híbrido\Face-Recognition Proyect\Dataset_aumentado\Joey\Joey_232_proc_aug02.jpg,Joey,4,Directo
C:\Users\joeyk\OneDrive\Desktop\CNN\Creación_de_Dataset_híbrido\Face-Recognition Proyect\Dataset_aumentado\Jennifer Lawrence\JenniferLawrence_27_proc_aug02.jpg,Jennifer Lawrence,3,Directo
C:\Users\joeyk\OneDrive\Desktop\CNN\Creación_de_Dataset_híbrido\Face-Recognition Proyect\Dataset_aumentado\Johnny Depp\Johnny_Depp_87_proc_aug02.jpg,Johnny Depp,5,Directo
C:\Users\joeyk\OneDrive\Desktop\CNN\Creación_de_Dataset_híbrido\Face-Recognition Proyect\Dataset_aumentado\Johnny Depp\Johnny_Depp_11_proc_aug02.jpg,Johnny Depp,5,Directo
C:\Users\joeyk\OneDrive\Desktop\CNN\Creación_de_Dataset_híbrido\Face-Recognition Proyect\Dataset_aumentado\Brad Pitt\BradPitt_18_proc_aug02.jpg,Brad Pitt,1,Directo
C:\Users\joeyk\OneDrive\Desktop\CNN\Creación_de_Dataset_híbrido\Face-Recognition Proyect\Dataset_aumentado\Joey\Joey_246_proc.jpg,Joey,4,Directo
C:\Users\joeyk\OneDrive\Desktop\CNN\Creación_de_Dataset_híbrido\Face-Recognition Proyect\Dataset_aumentado\Natalie Portman\Natalie_Portman_3_proc_aug01.jpg,Natalie Portman,8,Directo
C:\Users\joeyk\OneDrive\Desktop\CNN\Creación_de_Dataset_híbrido\Face-Recognition Proyect\Dataset_aumentado\Johnny Depp\Johnny_Depp_55_proc_aug03.jpg,Johnny Depp,5,Directo
C:\Users\joeyk\OneDrive\Desktop\CNN\Creación_de_Dataset_híbrido\Face-Recognition Proyect\Dataset_aumentado\Kevin\Kevin_113_proc_aug02.jpg,Kevin,6,Directo
C:\Users\joeyk\OneDrive\Desktop\CNN\Creación_de_Dataset_híbrido\Face-Recognition Proyect\Dataset_aumentado\Natalie Portman\Natalie_Portman_86_proc_aug03.jpg,Natalie Portman,8,Directo
C:\Users\joeyk\OneDrive\Desktop\CNN\Creación_de_Dataset_híbrido\Face-Recognition Proyect\Dataset_aumentado\Kevin\Kevin_219_proc_aug03.jpg,Kevin,6,Directo
C:\Users\joeyk\OneDrive\Desktop\CNN\Creación_de_Dataset_híbrido\Face-Recognition Proyect\Dataset_aumentado\Kevin\Kevin_154_proc_aug02.jpg,Kevin,6,Directo
C:\Users\joeyk\OneDrive\Desktop\CNN\Creación_de_Dataset_híbrido\Face-Recognition Proyect\Dataset_aumentado\Johnny Depp\Johnny_Depp_87_proc.jpg,Johnny Depp,5,Directo
C:\Users\joeyk\OneDrive\Desktop\CNN\Creación_de_Dataset_híbrido\Face-Recognition Proyect\Dataset_aumentado\Brad Pitt\BradPitt_2_proc_aug03.jpg,Brad Pitt,1,Directo
C:\Users\joeyk\OneDrive\Desktop\CNN\Creación_de_Dataset_híbrido\Face-Recognition Proyect\Dataset_aumentado\Kevin\Kevin_218_proc_aug02.jpg,Kevin,6,Directo
C:\Users\joeyk\OneDrive\Desktop\CNN\Creación_de_Dataset_híbrido\Face-Recognition Proyect\Dataset_aumentado\Israel\Israel_195_proc_aug01.jpg,Israel,2,Directo
C:\Users\joeyk\OneDrive\Desktop\CNN\Creación_de_Dataset_híbrido\Face-Recognition Proyect\Dataset_aumentado\Nicole Kidman\Nicole_Kidman_85_proc_aug01.jpg,Nicole Kidman,9,Directo
C:\Users\joeyk\OneDrive\Desktop\CNN\Creación_de_Dataset_híbrido\Face-Recognition Proyect\Dataset_aumentado\Johnny Depp\Johnny_Depp_21_proc_aug03.jpg,Johnny Depp,5,Directo
C:\Users\joeyk\OneDrive\Desktop\CNN\Creación_de_Dataset_híbrido\Face-Recognition Proyect\Dataset_aumentado\Nicole Kidman\Nicole_Kidman_63_proc.jpg,Nicole Kidman,9,Directo
C:\Users\joeyk\OneDrive\Desktop\CNN\Creación_de_Dataset_híbrido\Face-Recognition Proyect\Dataset_aumentado\Joey\Joey_231_proc_aug01.jpg,Joey,4,Directo
C:\Users\joeyk\OneDrive\Desktop\CNN\Creación_de_Dataset_híbrido\Face-Recognition Proyect\Dataset_aumentado\Israel\Israel_273_proc.jpg,Israel,2,Directo
C:\Users\joeyk\OneDrive\Desktop\CNN\Creación_de_Dataset_híbrido\Face-Recognition Proyect\Dataset_aumentado\Brad Pitt\BradPitt_51_proc_aug03.jpg,Brad Pitt,1,Directo
C:\Users\joeyk\OneDrive\Desktop\CNN\Creación_de_Dataset_híbrido\Face-Recognition Proyect\Dataset_aumentado\Natalie Portman\Natalie_Portman_92_proc_aug02.jpg,Natalie Portman,8,Directo
C:\Users\joeyk\OneDrive\Desktop\CNN\Creación_de_Dataset_híbrido\Face-Recognition Proyect\Dataset_aumentado\Kevin\Kevin_44_proc_aug03.jpg,Kevin,6,Directo
C:\Users\joeyk\OneDrive\Desktop\CNN\Creación_de_Dataset_híbrido\Face-Recognition Proyect\Dataset_aumentado\Joey\Joey_262_proc_aug01.jpg,Joey,4,Directo
C:\Users\joeyk\OneDrive\Desktop\CNN\Creación_de_Dataset_híbrido\Face-Recognition Proyect\Dataset_aumentado\Israel\Israel_75_proc.jpg,Israel,2,Directo
C:\Users\joeyk\OneDrive\Desktop\CNN\Creación_de_Dataset_híbrido\Face-Recognition Proyect\Dataset_aumentado\Jennifer Lawrence\JenniferLawrence_58_proc_aug01.jpg,Jennifer Lawrence,3,Directo
C:\Users\joeyk\OneDrive\Desktop\CNN\Creación_de_Dataset_híbrido\Face-Recognition Proyect\Dataset_aumentado\Johnny Depp\Johnny_Depp_75_proc.jpg,Johnny Depp,5,Directo
C:\Users\joeyk\OneDrive\Desktop\CNN\Creación_de_Dataset_híbrido\Face-Recognition Proyect\Dataset_aumentado\Kevin\Kevin_95_proc.jpg,Kevin,6,Directo
C:\Users\joeyk\OneDrive\Desktop\CNN\Creación_de_Dataset_híbrido\Face-Recognition Proyect\Dataset_aumentado\Nicole Kidman\Nicole_Kidman_73_proc_aug02.jpg,Nicole Kidman,9,Directo
C:\Users\joeyk\OneDrive\Desktop\CNN\Creación_de_Dataset_híbrido\Face-Recognition Proyect\Dataset_aumentado\Natalie Portman\Natalie_Portman_55_proc_aug03.jpg,Natalie Portman,8,Directo
C:\Users\joeyk\OneDrive\Desktop\CNN\Creación_de_Dataset_híbrido\Face-Recognition Proyect\Dataset_aumentado\Israel\Israel_273_proc_aug02.jpg,Israel,2,Directo
C:\Users\joeyk\OneDrive\Desktop\CNN\Creación_de_Dataset_híbrido\Face-Recognition Proyect\Dataset_aumentado\Israel\Israel_235_proc.jpg,Israel,2,Directo
C:\Users\joeyk\OneDrive\Desktop\CNN\Creación_de_Dataset_híbrido\Face-Recognition Proyect\Dataset_aumentado\Natalie Portman\Natalie_Portman_40_proc_aug02.jpg,Natalie Portman,8,Directo
C:\Users\joeyk\OneDrive\Desktop\CNN\Creación_de_Dataset_híbrido\Face-Recognition Proyect\Dataset_aumentado\Israel\Israel_108_proc_aug03.jpg,Israel,2,Directo
C:\Users\joeyk\OneDrive\Desktop\CNN\Creación_de_Dataset_híbrido\Face-Recognition Proyect\Dataset_aumentado\Johnny Depp\Johnny_Depp_59_proc_aug02.jpg,Johnny Depp,5,Directo
C:\Users\joeyk\OneDrive\Desktop\CNN\Creación_de_Dataset_híbrido\Face-Recognition Proyect\Dataset_aumentado\Joey\Joey_274_proc_aug02.jpg,Joey,4,Directo
C:\Users\joeyk\OneDrive\Desktop\CNN\Creación_de_Dataset_híbrido\Face-Recognition Proyect\Dataset_aumentado\Brad Pitt\BradPitt_62_proc_aug01.jpg,Brad Pitt,1,Directo
C:\Users\joeyk\OneDrive\Desktop\CNN\Creación_de_Dataset_híbrido\Face-Recognition Proyect\Dataset_aumentado\Israel\Israel_116_proc_aug01.jpg,Israel,2,Directo
C:\Users\joeyk\OneDrive\Desktop\CNN\Creación_de_Dataset_híbrido\Face-Recognition Proyect\Dataset_aumentado\Israel\Israel_208_proc_aug03.jpg,Israel,2,Directo
C:\Users\joeyk\OneDrive\Desktop\CNN\Creación_de_Dataset_híbrido\Face-Recognition Proyect\Dataset_aumentado\Leonardo DiCaprio\Leonardo_DiCaprio_16_proc.jpg,Leonardo DiCaprio,7,Directo
C:\Users\joeyk\OneDrive\Desktop\CNN\Creación_de_Dataset_híbrido\Face-Recognition Proyect\Dataset_aumentado\Joey\Joey_243_proc.jpg,Joey,4,Directo
C:\Users\joeyk\OneDrive\Desktop\CNN\Creación_de_Dataset_híbrido\Face-Recognition Proyect\Dataset_aumentado\Natalie Portman\Natalie_Portman_11_proc.jpg,Natalie Portman,8,Directo
C:\Users\joeyk\OneDrive\Desktop\CNN\Creación_de_Dataset_híbrido\Face-Recognition Proyect\Dataset_aumentado\Natalie Portman\Natalie_Portman_66_proc_aug02.jpg,Natalie Portman,8,Directo
C:\Users\joeyk\OneDrive\Desktop\CNN\Creación_de_Dataset_híbrido\Face-Recognition Proyect\Dataset_aumentado\Johnny Depp\Johnny_Depp_68_proc_aug01.jpg,Johnny Depp,5,Directo
C:\Users\joeyk\OneDrive\Desktop\CNN\Creación_de_Dataset_híbrido\Face-Recognition Proyect\Dataset_aumentado\Leonardo DiCaprio\Leonardo_DiCaprio_64_proc.jpg,Leonardo DiCaprio,7,Directo
C:\Users\joeyk\OneDrive\Desktop\CNN\Creación_de_Dataset_híbrido\Face-Recognition Proyect\Dataset_aumentado\Nicole Kidman\Nicole_Kidman_7_proc_aug01.jpg,Nicole Kidman,9,Directo
C:\Users\joeyk\OneDrive\Desktop\CNN\Creación_de_Dataset_híbrido\Face-Recognition Proyect\Dataset_aumentado\Israel\Israel_175_proc.jpg,Israel,2,Directo
C:\Users\joeyk\OneDrive\Desktop\CNN\Creación_de_Dataset_híbrido\Face-Recognition Proyect\Dataset_aumentado\Israel\Israel_295_proc_aug03.jpg,Israel,2,Directo
C:\Users\joeyk\OneDrive\Desktop\CNN\Creación_de_Dataset_híbrido\Face-Recognition Proyect\Dataset_aumentado\Jennifer Lawrence\JenniferLawrence_26_proc_aug03.jpg,Jennifer Lawrence,3,Directo
C:\Users\joeyk\OneDrive\Desktop\CNN\Creación_de_Dataset_híbrido\Face-Recognition Proyect\Dataset_aumentado\Johnny Depp\Johnny_Depp_71_proc_aug02.jpg,Johnny Depp,5,Directo
C:\Users\joeyk\OneDrive\Desktop\CNN\Creación_de_Dataset_híbrido\Face-Recognition Proyect\Dataset_aumentado\Joey\Joey_162_proc_aug01.jpg,Joey,4,Directo
C:\Users\joeyk\OneDrive\Desktop\CNN\Creación_de_Dataset_híbrido\Face-Recognition Proyect\Dataset_aumentado\Brad Pitt\BradPitt_86_proc_aug03.jpg,Brad Pitt,1,Directo
C:\Users\joeyk\OneDrive\Desktop\CNN\Creación_de_Dataset_híbrido\Face-Recognition Proyect\Dataset_aumentado\Israel\Israel_156_proc_aug02.jpg,Israel,2,Directo
C:\Users\joeyk\OneDrive\Desktop\CNN\Creación_de_Dataset_híbrido\Face-Recognition Proyect\Dataset_aumentado\Brad Pitt\BradPitt_55_proc_aug01.jpg,Brad Pitt,1,Directo
C:\Users\joeyk\OneDrive\Desktop\CNN\Creación_de_Dataset_híbrido\Face-Recognition Proyect\Dataset_aumentado\Israel\Israel_336_proc_aug02.jpg,Israel,2,Directo
C:\Users\joeyk\OneDrive\Desktop\CNN\Creación_de_Dataset_híbrido\Face-Recognition Proyect\Dataset_aumentado\Johnny Depp\Johnny_Depp_82_proc_aug03.jpg,Johnny Depp,5,Directo
C:\Users\joeyk\OneDrive\Desktop\CNN\Creación_de_Dataset_híbrido\Face-Recognition Proyect\Dataset_aumentado\Johnny Depp\Johnny_Depp_74_proc.jpg,Johnny Depp,5,Directo
C:\Users\joeyk\OneDrive\Desktop\CNN\Creación_de_Dataset_híbrido\Face-Recognition Proyect\Dataset_aumentado\Kevin\Kevin_122_proc.jpg,Kevin,6,Directo
C:\Users\joeyk\OneDrive\Desktop\CNN\Creación_de_Dataset_híbrido\Face-Recognition Proyect\Dataset_aumentado\Angelina Jolie\Angelina_Jolie_71_proc_aug02.jpg,Angelina Jolie,0,Directo
C:\Users\joeyk\OneDrive\Desktop\CNN\Creación_de_Dataset_híbrido\Face-Recognition Proyect\Dataset_aumentado\Joey\Joey_125_proc.jpg,Joey,4,Directo
C:\Users\joeyk\OneDrive\Desktop\CNN\Creación_de_Dataset_híbrido\Face-Recognition Proyect\Dataset_aumentado\Johnny Depp\Johnny_Depp_52_proc.jpg,Johnny Depp,5,Directo
C:\Users\joeyk\OneDrive\Desktop\CNN\Creación_de_Dataset_híbrido\Face-Recognition Proyect\Dataset_aumentado\Israel\Israel_138_proc_aug01.jpg,Israel,2,Directo
C:\Users\joeyk\OneDrive\Desktop\CNN\Creación_de_Dataset_híbrido\Face-Recognition Proyect\Dataset_aumentado\Kevin\Kevin_96_proc.jpg,Kevin,6,Directo
C:\Users\joeyk\OneDrive\Desktop\CNN\Creación_de_Dataset_híbrido\Face-Recognition Proyect\Dataset_aumentado\Nicole Kidman\Nicole_Kidman_36_proc.jpg,Nicole Kidman,9,Directo
C:\Users\joeyk\OneDrive\Desktop\CNN\Creación_de_Dataset_híbrido\Face-Recognition Proyect\Dataset_aumentado\Jennifer Lawrence\JenniferLawrence_25_proc_aug02.jpg,Jennifer Lawrence,3,Directo
C:\Users\joeyk\OneDrive\Desktop\CNN\Creación_de_Dataset_híbrido\Face-Recognition Proyect\Dataset_aumentado\Israel\Israel_93_proc_aug02.jpg,Israel,2,Directo
C:\Users\joeyk\OneDrive\Desktop\CNN\Creación_de_Dataset_híbrido\Face-Recognition Proyect\Dataset_aumentado\Natalie Portman\Natalie_Portman_15_proc_aug03.jpg,Natalie Portman,8,Directo
C:\Users\joeyk\OneDrive\Desktop\CNN\Creación_de_Dataset_híbrido\Face-Recognition Proyect\Dataset_aumentado\Jennifer Lawrence\JenniferLawrence_42_proc_aug03.jpg,Jennifer Lawrence,3,Directo
C:\Users\joeyk\OneDrive\Desktop\CNN\Creación_de_Dataset_híbrido\Face-Recognition Proyect\Dataset_aumentado\Jennifer Lawrence\JenniferLawrence_4_proc_aug02.jpg,Jennifer Lawrence,3,Directo
C:\Users\joeyk\OneDrive\Desktop\CNN\Creación_de_Dataset_híbrido\Face-Recognition Proyect\Dataset_aumentado\Israel\Israel_220_proc_aug02.jpg,Israel,2,Directo
C:\Users\joeyk\OneDrive\Desktop\CNN\Creación_de_Dataset_híbrido\Face-Recognition Proyect\Dataset_aumentado\Joey\Joey_4_proc_aug01.jpg,Joey,4,Directo
C:\Users\joeyk\OneDrive\Desktop\CNN\Creación_de_Dataset_híbrido\Face-Recognition Proyect\Dataset_aumentado\Joey\Joey_36_proc_aug01.jpg,Joey,4,Directo
C:\Users\joeyk\OneDrive\Desktop\CNN\Creación_de_Dataset_híbrido\Face-Recognition Proyect\Dataset_aumentado\Joey\Joey_148_proc_aug02.jpg,Joey,4,Directo
C:\Users\joeyk\OneDrive\Desktop\CNN\Creación_de_Dataset_híbrido\Face-Recognition Proyect\Dataset_aumentado\Joey\Joey_59_proc_aug03.jpg,Joey,4,Directo
C:\Users\joeyk\OneDrive\Desktop\CNN\Creación_de_Dataset_híbrido\Face-Recognition Proyect\Dataset_aumentado\Nicole Kidman\Nicole_Kidman_2_proc_aug03.jpg,Nicole Kidman,9,Directo
C:\Users\joeyk\OneDrive\Desktop\CNN\Creación_de_Dataset_híbrido\Face-Recognition Proyect\Dataset_aumentado\Joey\Joey_216_proc_aug01.jpg,Joey,4,Directo
C:\Users\joeyk\OneDrive\Desktop\CNN\Creación_de_Dataset_híbrido\Face-Recognition Proyect\Dataset_aumentado\Kevin\Kevin_132_proc_aug02.jpg,Kevin,6,Directo
C:\Users\joeyk\OneDrive\Desktop\CNN\Creación_de_Dataset_híbrido\Face-Recognition Proyect\Dataset_aumentado\Israel\Israel_152_proc_aug02.jpg,Israel,2,Directo
C:\Users\joeyk\OneDrive\Desktop\CNN\Creación_de_Dataset_híbrido\Face-Recognition Proyect\Dataset_aumentado\Angelina Jolie\Angelina_Jolie_45_proc.jpg,Angelina Jolie,0,Directo
C:\Users\joeyk\OneDrive\Desktop\CNN\Creación_de_Dataset_híbrido\Face-Recognition Proyect\Dataset_aumentado\Israel\Israel_174_proc_aug01.jpg,Israel,2,Directo
C:\Users\joeyk\OneDrive\Desktop\CNN\Creación_de_Dataset_híbrido\Face-Recognition Proyect\Dataset_aumentado\Israel\Israel_340_proc_aug02.jpg,Israel,2,Directo
C:\Users\joeyk\OneDrive\Desktop\CNN\Creación_de_Dataset_híbrido\Face-Recognition Proyect\Dataset_aumentado\Kevin\Kevin_50_proc_aug01.jpg,Kevin,6,Directo
C:\Users\joeyk\OneDrive\Desktop\CNN\Creación_de_Dataset_híbrido\Face-Recognition Proyect\Dataset_aumentado\Israel\Israel_177_proc_aug03.jpg,Israel,2,Directo
C:\Users\joeyk\OneDrive\Desktop\CNN\Creación_de_Dataset_híbrido\Face-Recognition Proyect\Dataset_aumentado\Leonardo DiCaprio\Leonardo_DiCaprio_20_proc_aug02.jpg,Leonardo DiCaprio,7,Directo
C:\Users\joeyk\OneDrive\Desktop\CNN\Creación_de_Dataset_híbrido\Face-Recognition Proyect\Dataset_aumentado\Brad Pitt\BradPitt_46_proc_aug02.jpg,Brad Pitt,1,Directo
C:\Users\joeyk\OneDrive\Desktop\CNN\Creación_de_Dataset_híbrido\Face-Recognition Proyect\Dataset_aumentado\Israel\Israel_269_proc_aug03.jpg,Israel,2,Directo
C:\Users\joeyk\OneDrive\Desktop\CNN\Creación_de_Dataset_híbrido\Face-Recognition Proyect\Dataset_aumentado\Natalie Portman\Natalie_Portman_29_proc.jpg,Natalie Portman,8,Directo
C:\Users\joeyk\OneDrive\Desktop\CNN\Creación_de_Dataset_híbrido\Face-Recognition Proyect\Dataset_aumentado\Johnny Depp\Johnny_Depp_21_proc_aug01.jpg,Johnny Depp,5,Directo
C:\Users\joeyk\OneDrive\Desktop\CNN\Creación_de_Dataset_híbrido\Face-Recognition Proyect\Dataset_aumentado\Jennifer Lawrence\JenniferLawrence_41_proc_aug02.jpg,Jennifer Lawrence,3,Directo
C:\Users\joeyk\OneDrive\Desktop\CNN\Creación_de_Dataset_híbrido\Face-Recognition Proyect\Dataset_aumentado\Leonardo DiCaprio\Leonardo_DiCaprio_14_proc.jpg,Leonardo DiCaprio,7,Directo
C:\Users\joeyk\OneDrive\Desktop\CNN\Creación_de_Dataset_híbrido\Face-Recognition Proyect\Dataset_aumentado\Brad Pitt\BradPitt_44_proc.jpg,Brad Pitt,1,Directo
C:\Users\joeyk\OneDrive\Desktop\CNN\Creación_de_Dataset_híbrido\Face-Recognition Proyect\Dataset_aumentado\Natalie Portman\Natalie_Portman_26_proc_aug02.jpg,Natalie Portman,8,Directo
C:\Users\joeyk\OneDrive\Desktop\CNN\Creación_de_Dataset_híbrido\Face-Recognition Proyect\Dataset_aumentado\Kevin\Kevin_73_proc_aug01.jpg,Kevin,6,Directo
C:\Users\joeyk\OneDrive\Desktop\CNN\Creación_de_Dataset_híbrido\Face-Recognition Proyect\Dataset_aumentado\Israel\Israel_247_proc_aug03.jpg,Israel,2,Directo
C:\Users\joeyk\OneDrive\Desktop\CNN\Creación_de_Dataset_híbrido\Face-Recognition Proyect\Dataset_aumentado\Israel\Israel_243_proc.jpg,Israel,2,Directo
C:\Users\joeyk\OneDrive\Desktop\CNN\Creación_de_Dataset_híbrido\Face-Recognition Proyect\Dataset_aumentado\Joey\Joey_77_proc_aug03.jpg,Joey,4,Directo
C:\Users\joeyk\OneDrive\Desktop\CNN\Creación_de_Dataset_híbrido\Face-Recognition Proyect\Dataset_aumentado\Kevin\Kevin_143_proc.jpg,Kevin,6,Directo
C:\Users\joeyk\OneDrive\Desktop\CNN\Creación_de_Dataset_híbrido\Face-Recognition Proyect\Dataset_aumentado\Brad Pitt\BradPitt_69_proc_aug02.jpg,Brad Pitt,1,Directo
C:\Users\joeyk\OneDrive\Desktop\CNN\Creación_de_Dataset_híbrido\Face-Recognition Proyect\Dataset_aumentado\Brad Pitt\BradPitt_12_proc.jpg,Brad Pitt,1,Directo
C:\Users\joeyk\OneDrive\Desktop\CNN\Creación_de_Dataset_híbrido\Face-Recognition Proyect\Dataset_aumentado\Leonardo DiCaprio\Leonardo_DiCaprio_31_proc_aug02.jpg,Leonardo DiCaprio,7,Directo
C:\Users\joeyk\OneDrive\Desktop\CNN\Creación_de_Dataset_híbrido\Face-Recognition Proyect\Dataset_aumentado\Natalie Portman\Natalie_Portman_31_proc_aug02.jpg,Natalie Portman,8,Directo
C:\Users\joeyk\OneDrive\Desktop\CNN\Creación_de_Dataset_híbrido\Face-Recognition Proyect\Dataset_aumentado\Joey\Joey_107_proc_aug02.jpg,Joey,4,Directo
C:\Users\joeyk\OneDrive\Desktop\CNN\Creación_de_Dataset_híbrido\Face-Recognition Proyect\Dataset_aumentado\Israel\Israel_9_proc_aug03.jpg,Israel,2,Directo
C:\Users\joeyk\OneDrive\Desktop\CNN\Creación_de_Dataset_híbrido\Face-Recognition Proyect\Dataset_aumentado\Kevin\Kevin_171_proc_aug03.jpg,Kevin,6,Directo
C:\Users\joeyk\OneDrive\Desktop\CNN\Creación_de_Dataset_híbrido\Face-Recognition Proyect\Dataset_aumentado\Brad Pitt\BradPitt_99_proc.jpg,Brad Pitt,1,Directo
C:\Users\joeyk\OneDrive\Desktop\CNN\Creación_de_Dataset_híbrido\Face-Recognition Proyect\Dataset_aumentado\Joey\Joey_92_proc_aug02.jpg,Joey,4,Directo
C:\Users\joeyk\OneDrive\Desktop\CNN\Creación_de_Dataset_híbrido\Face-Recognition Proyect\Dataset_aumentado\Joey\Joey_15_proc.jpg,Joey,4,Directo
C:\Users\joeyk\OneDrive\Desktop\CNN\Creación_de_Dataset_híbrido\Face-Recognition Proyect\Dataset_aumentado\Leonardo DiCaprio\Leonardo_DiCaprio_61_proc_aug02.jpg,Leonardo DiCaprio,7,Directo
C:\Users\joeyk\OneDrive\Desktop\CNN\Creación_de_Dataset_híbrido\Face-Recognition Proyect\Dataset_aumentado\Natalie Portman\Natalie_Portman_92_proc_aug01.jpg,Natalie Portman,8,Directo
C:\Users\joeyk\OneDrive\Desktop\CNN\Creación_de_Dataset_híbrido\Face-Recognition Proyect\Dataset_aumentado\Israel\Israel_204_proc_aug03.jpg,Israel,2,Directo
C:\Users\joeyk\OneDrive\Desktop\CNN\Creación_de_Dataset_híbrido\Face-Recognition Proyect\Dataset_aumentado\Leonardo DiCaprio\Leonardo_DiCaprio_70_proc_aug02.jpg,Leonardo DiCaprio,7,Directo
C:\Users\joeyk\OneDrive\Desktop\CNN\Creación_de_Dataset_híbrido\Face-Recognition Proyect\Dataset_aumentado\Israel\Israel_70_proc.jpg,Israel,2,Directo
C:\Users\joeyk\OneDrive\Desktop\CNN\Creación_de_Dataset_híbrido\Face-Recognition Proyect\Dataset_aumentado\Johnny Depp\Johnny_Depp_39_proc_aug01.jpg,Johnny Depp,5,Directo
C:\Users\joeyk\OneDrive\Desktop\CNN\Creación_de_Dataset_híbrido\Face-Recognition Proyect\Dataset_aumentado\Johnny Depp\Johnny_Depp_11_proc_aug03.jpg,Johnny Depp,5,Directo
C:\Users\joeyk\OneDrive\Desktop\CNN\Creación_de_Dataset_híbrido\Face-Recognition Proyect\Dataset_aumentado\Leonardo DiCaprio\Leonardo_DiCaprio_81_proc_aug01.jpg,Leonardo DiCaprio,7,Directo
C:\Users\joeyk\OneDrive\Desktop\CNN\Creación_de_Dataset_híbrido\Face-Recognition Proyect\Dataset_aumentado\Natalie Portman\Natalie_Portman_33_proc.jpg,Natalie Portman,8,Directo
C:\Users\joeyk\OneDrive\Desktop\CNN\Creación_de_Dataset_híbrido\Face-Recognition Proyect\Dataset_aumentado\Nicole Kidman\Nicole_Kidman_66_proc_aug03.jpg,Nicole Kidman,9,Directo
C:\Users\joeyk\OneDrive\Desktop\CNN\Creación_de_Dataset_híbrido\Face-Recognition Proyect\Dataset_aumentado\Israel\Israel_54_proc_aug03.jpg,Israel,2,Directo
C:\Users\joeyk\OneDrive\Desktop\CNN\Creación_de_Dataset_híbrido\Face-Recognition Proyect\Dataset_aumentado\Israel\Israel_301_proc_aug01.jpg,Israel,2,Directo
C:\Users\joeyk\OneDrive\Desktop\CNN\Creación_de_Dataset_híbrido\Face-Recognition Proyect\Dataset_aumentado\Israel\Israel_131_proc.jpg,Israel,2,Directo
C:\Users\joeyk\OneDrive\Desktop\CNN\Creación_de_Dataset_híbrido\Face-Recognition Proyect\Dataset_aumentado\Israel\Israel_327_proc_aug01.jpg,Israel,2,Directo
C:\Users\joeyk\OneDrive\Desktop\CNN\Creación_de_Dataset_híbrido\Face-Recognition Proyect\Dataset_aumentado\Jennifer Lawrence\JenniferLawrence_69_proc.jpg,Jennifer Lawrence,3,Directo
C:\Users\joeyk\OneDrive\Desktop\CNN\Creación_de_Dataset_híbrido\Face-Recognition Proyect\Dataset_aumentado\Joey\Joey_134_proc.jpg,Joey,4,Directo
C:\Users\joeyk\OneDrive\Desktop\CNN\Creación_de_Dataset_híbrido\Face-Recognition Proyect\Dataset_aumentado\Israel\Israel_330_proc_aug03.jpg,Israel,2,Directo
C:\Users\joeyk\OneDrive\Desktop\CNN\Creación_de_Dataset_híbrido\Face-Recognition Proyect\Dataset_aumentado\Israel\Israel_298_proc_aug02.jpg,Israel,2,Directo
C:\Users\joeyk\OneDrive\Desktop\CNN\Creación_de_Dataset_híbrido\Face-Recognition Proyect\Dataset_aumentado\Joey\Joey_187_proc_aug03.jpg,Joey,4,Directo
C:\Users\joeyk\OneDrive\Desktop\CNN\Creación_de_Dataset_híbrido\Face-Recognition Proyect\Dataset_aumentado\Israel\Israel_338_proc_aug01.jpg,Israel,2,Directo
C:\Users\joeyk\OneDrive\Desktop\CNN\Creación_de_Dataset_híbrido\Face-Recognition Proyect\Dataset_aumentado\Kevin\Kevin_154_proc.jpg,Kevin,6,Directo
C:\Users\joeyk\OneDrive\Desktop\CNN\Creación_de_Dataset_híbrido\Face-Recognition Proyect\Dataset_aumentado\Kevin\Kevin_95_proc_aug02.jpg,Kevin,6,Directo
C:\Users\joeyk\OneDrive\Desktop\CNN\Creación_de_Dataset_híbrido\Face-Recognition Proyect\Dataset_aumentado\Jennifer Lawrence\JenniferLawrence_87_proc.jpg,Jennifer Lawrence,3,Directo
C:\Users\joeyk\OneDrive\Desktop\CNN\Creación_de_Dataset_híbrido\Face-Recognition Proyect\Dataset_aumentado\Israel\Israel_105_proc_aug02.jpg,Israel,2,Directo
C:\Users\joeyk\OneDrive\Desktop\CNN\Creación_de_Dataset_híbrido\Face-Recognition Proyect\Dataset_aumentado\Israel\Israel_335_proc_aug01.jpg,Israel,2,Directo
C:\Users\joeyk\OneDrive\Desktop\CNN\Creación_de_Dataset_híbrido\Face-Recognition Proyect\Dataset_aumentado\Israel\Israel_219_proc_aug01.jpg,Israel,2,Directo
C:\Users\joeyk\OneDrive\Desktop\CNN\Creación_de_Dataset_híbrido\Face-Recognition Proyect\Dataset_aumentado\Johnny Depp\Johnny_Depp_50_proc.jpg,Johnny Depp,5,Directo
C:\Users\joeyk\OneDrive\Desktop\CNN\Creación_de_Dataset_híbrido\Face-Recognition Proyect\Dataset_aumentado\Joey\Joey_297_proc_aug03.jpg,Joey,4,Directo
C:\Users\joeyk\OneDrive\Desktop\CNN\Creación_de_Dataset_híbrido\Face-Recognition Proyect\Dataset_aumentado\Johnny Depp\Johnny_Depp_52_proc_aug01.jpg,Johnny Depp,5,Directo
C:\Users\joeyk\OneDrive\Desktop\CNN\Creación_de_Dataset_híbrido\Face-Recognition Proyect\Dataset_aumentado\Joey\Joey_107_proc_aug01.jpg,Joey,4,Directo
C:\Users\joeyk\OneDrive\Desktop\CNN\Creación_de_Dataset_híbrido\Face-Recognition Proyect\Dataset_aumentado\Kevin\Kevin_153_proc_aug02.jpg,Kevin,6,Directo
C:\Users\joeyk\OneDrive\Desktop\CNN\Creación_de_Dataset_híbrido\Face-Recognition Proyect\Dataset_aumentado\Israel\Israel_27_proc.jpg,Israel,2,Directo
C:\Users\joeyk\OneDrive\Desktop\CNN\Creación_de_Dataset_híbrido\Face-Recognition Proyect\Dataset_aumentado\Kevin\Kevin_118_proc.jpg,Kevin,6,Directo
C:\Users\joeyk\OneDrive\Desktop\CNN\Creación_de_Dataset_híbrido\Face-Recognition Proyect\Dataset_aumentado\Leonardo DiCaprio\Leonardo_DiCaprio_13_proc_aug01.jpg,Leonardo DiCaprio,7,Directo
C:\Users\joeyk\OneDrive\Desktop\CNN\Creación_de_Dataset_híbrido\Face-Recognition Proyect\Dataset_aumentado\Joey\Joey_292_proc_aug01.jpg,Joey,4,Directo
C:\Users\joeyk\OneDrive\Desktop\CNN\Creación_de_Dataset_híbrido\Face-Recognition Proyect\Dataset_aumentado\Israel\Israel_120_proc_aug03.jpg,Israel,2,Directo
C:\Users\joeyk\OneDrive\Desktop\CNN\Creación_de_Dataset_híbrido\Face-Recognition Proyect\Dataset_aumentado\Leonardo DiCaprio\Leonardo_DiCaprio_16_proc_aug01.jpg,Leonardo DiCaprio,7,Directo
C:\Users\joeyk\OneDrive\Desktop\CNN\Creación_de_Dataset_híbrido\Face-Recognition Proyect\Dataset_aumentado\Israel\Israel_319_proc_aug01.jpg,Israel,2,Directo
C:\Users\joeyk\OneDrive\Desktop\CNN\Creación_de_Dataset_híbrido\Face-Recognition Proyect\Dataset_aumentado\Kevin\Kevin_42_proc.jpg,Kevin,6,Directo
C:\Users\joeyk\OneDrive\Desktop\CNN\Creación_de_Dataset_híbrido\Face-Recognition Proyect\Dataset_aumentado\Natalie Portman\Natalie_Portman_69_proc_aug01.jpg,Natalie Portman,8,Directo
C:\Users\joeyk\OneDrive\Desktop\CNN\Creación_de_Dataset_híbrido\Face-Recognition Proyect\Dataset_aumentado\Israel\Israel_111_proc_aug03.jpg,Israel,2,Directo
C:\Users\joeyk\OneDrive\Desktop\CNN\Creación_de_Dataset_híbrido\Face-Recognition Proyect\Dataset_aumentado\Johnny Depp\Johnny_Depp_76_proc.jpg,Johnny Depp,5,Directo
C:\Users\joeyk\OneDrive\Desktop\CNN\Creación_de_Dataset_híbrido\Face-Recognition Proyect\Dataset_aumentado\Angelina Jolie\Angelina_Jolie_26_proc_aug02.jpg,Angelina Jolie,0,Directo
C:\Users\joeyk\OneDrive\Desktop\CNN\Creación_de_Dataset_híbrido\Face-Recognition Proyect\Dataset_aumentado\Kevin\Kevin_133_proc_aug02.jpg,Kevin,6,Directo
C:\Users\joeyk\OneDrive\Desktop\CNN\Creación_de_Dataset_híbrido\Face-Recognition Proyect\Dataset_aumentado\Israel\Israel_307_proc_aug03.jpg,Israel,2,Directo
C:\Users\joeyk\OneDrive\Desktop\CNN\Creación_de_Dataset_híbrido\Face-Recognition Proyect\Dataset_aumentado\Nicole Kidman\Nicole_Kidman_73_proc_aug03.jpg,Nicole Kidman,9,Directo
C:\Users\joeyk\OneDrive\Desktop\CNN\Creación_de_Dataset_híbrido\Face-Recognition Proyect\Dataset_aumentado\Kevin\Kevin_152_proc_aug01.jpg,Kevin,6,Directo
C:\Users\joeyk\OneDrive\Desktop\CNN\Creación_de_Dataset_híbrido\Face-Recognition Proyect\Dataset_aumentado\Kevin\Kevin_83_proc_aug01.jpg,Kevin,6,Directo
C:\Users\joeyk\OneDrive\Desktop\CNN\Creación_de_Dataset_híbrido\Face-Recognition Proyect\Dataset_aumentado\Leonardo DiCaprio\Leonardo_DiCaprio_67_proc.jpg,Leonardo DiCaprio,7,Directo
C:\Users\joeyk\OneDrive\Desktop\CNN\Creación_de_Dataset_híbrido\Face-Recognition Proyect\Dataset_aumentado\Johnny Depp\Johnny_Depp_14_proc.jpg,Johnny Depp,5,Directo
C:\Users\joeyk\OneDrive\Desktop\CNN\Creación_de_Dataset_híbrido\Face-Recognition Proyect\Dataset_aumentado\Israel\Israel_277_proc_aug01.jpg,Israel,2,Directo
C:\Users\joeyk\OneDrive\Desktop\CNN\Creación_de_Dataset_híbrido\Face-Recognition Proyect\Dataset_aumentado\Natalie Portman\Natalie_Portman_74_proc_aug02.jpg,Natalie Portman,8,Directo
C:\Users\joeyk\OneDrive\Desktop\CNN\Creación_de_Dataset_híbrido\Face-Recognition Proyect\Dataset_aumentado\Angelina Jolie\Angelina_Jolie_42_proc_aug01.jpg,Angelina Jolie,0,Directo
C:\Users\joeyk\OneDrive\Desktop\CNN\Creación_de_Dataset_híbrido\Face-Recognition Proyect\Dataset_aumentado\Leonardo DiCaprio\Leonardo_DiCaprio_75_proc_aug01.jpg,Leonardo DiCaprio,7,Directo
C:\Users\joeyk\OneDrive\Desktop\CNN\Creación_de_Dataset_híbrido\Face-Recognition Proyect\Dataset_aumentado\Brad Pitt\BradPitt_51_proc_aug02.jpg,Brad Pitt,1,Directo
C:\Users\joeyk\OneDrive\Desktop\CNN\Creación_de_Dataset_híbrido\Face-Recognition Proyect\Dataset_aumentado\Kevin\Kevin_18_proc.jpg,Kevin,6,Directo
C:\Users\joeyk\OneDrive\Desktop\CNN\Creación_de_Dataset_híbrido\Face-Recognition Proyect\Dataset_aumentado\Israel\Israel_240_proc_aug02.jpg,Israel,2,Directo
C:\Users\joeyk\OneDrive\Desktop\CNN\Creación_de_Dataset_híbrido\Face-Recognition Proyect\Dataset_aumentado\Kevin\Kevin_44_proc_aug01.jpg,Kevin,6,Directo
C:\Users\joeyk\OneDrive\Desktop\CNN\Creación_de_Dataset_híbrido\Face-Recognition Proyect\Dataset_aumentado\Nicole Kidman\Nicole_Kidman_97_proc_aug02.jpg,Nicole Kidman,9,Directo
C:\Users\joeyk\OneDrive\Desktop\CNN\Creación_de_Dataset_híbrido\Face-Recognition Proyect\Dataset_aumentado\Joey\Joey_213_proc_aug01.jpg,Joey,4,Directo
C:\Users\joeyk\OneDrive\Desktop\CNN\Creación_de_Dataset_híbrido\Face-Recognition Proyect\Dataset_aumentado\Kevin\Kevin_117_proc_aug02.jpg,Kevin,6,Directo
C:\Users\joeyk\OneDrive\Desktop\CNN\Creación_de_Dataset_híbrido\Face-Recognition Proyect\Dataset_aumentado\Israel\Israel_49_proc_aug02.jpg,Israel,2,Directo
C:\Users\joeyk\OneDrive\Desktop\CNN\Creación_de_Dataset_híbrido\Face-Recognition Proyect\Dataset_aumentado\Israel\Israel_113_proc_aug03.jpg,Israel,2,Directo
C:\Users\joeyk\OneDrive\Desktop\CNN\Creación_de_Dataset_híbrido\Face-Recognition Proyect\Dataset_aumentado\Leonardo DiCaprio\Leonardo_DiCaprio_12_proc_aug03.jpg,Leonardo DiCaprio,7,Directo
C:\Users\joeyk\OneDrive\Desktop\CNN\Creación_de_Dataset_híbrido\Face-Recognition Proyect\Dataset_aumentado\Nicole Kidman\Nicole_Kidman_79_proc_aug02.jpg,Nicole Kidman,9,Directo
C:\Users\joeyk\OneDrive\Desktop\CNN\Creación_de_Dataset_híbrido\Face-Recognition Proyect\Dataset_aumentado\Angelina Jolie\Angelina_Jolie_94_proc_aug03.jpg,Angelina Jolie,0,Directo
C:\Users\joeyk\OneDrive\Desktop\CNN\Creación_de_Dataset_híbrido\Face-Recognition Proyect\Dataset_aumentado\Israel\Israel_203_proc_aug02.jpg,Israel,2,Directo
C:\Users\joeyk\OneDrive\Desktop\CNN\Creación_de_Dataset_híbrido\Face-Recognition Proyect\Dataset_aumentado\Johnny Depp\Johnny_Depp_57_proc_aug03.jpg,Johnny Depp,5,Directo
C:\Users\joeyk\OneDrive\Desktop\CNN\Creación_de_Dataset_híbrido\Face-Recognition Proyect\Dataset_aumentado\Joey\Joey_52_proc_aug03.jpg,Joey,4,Directo
C:\Users\joeyk\OneDrive\Desktop\CNN\Creación_de_Dataset_híbrido\Face-Recognition Proyect\Dataset_aumentado\Joey\Joey_126_proc_aug01.jpg,Joey,4,Directo
C:\Users\joeyk\OneDrive\Desktop\CNN\Creación_de_Dataset_híbrido\Face-Recognition Proyect\Dataset_aumentado\Israel\Israel_6_proc.jpg,Israel,2,Directo
C:\Users\joeyk\OneDrive\Desktop\CNN\Creación_de_Dataset_híbrido\Face-Recognition Proyect\Dataset_aumentado\Jennifer Lawrence\JenniferLawrence_13_proc_aug02.jpg,Jennifer Lawrence,3,Directo
C:\Users\joeyk\OneDrive\Desktop\CNN\Creación_de_Dataset_híbrido\Face-Recognition Proyect\Dataset_aumentado\Joey\Joey_243_proc_aug01.jpg,Joey,4,Directo
C:\Users\joeyk\OneDrive\Desktop\CNN\Creación_de_Dataset_híbrido\Face-Recognition Proyect\Dataset_aumentado\Jennifer Lawrence\JenniferLawrence_50_proc_aug02.jpg,Jennifer Lawrence,3,Directo
C:\Users\joeyk\OneDrive\Desktop\CNN\Creación_de_Dataset_híbrido\Face-Recognition Proyect\Dataset_aumentado\Angelina Jolie\Angelina_Jolie_94_proc_aug02.jpg,Angelina Jolie,0,Directo
C:\Users\joeyk\OneDrive\Desktop\CNN\Creación_de_Dataset_híbrido\Face-Recognition Proyect\Dataset_aumentado\Brad Pitt\BradPitt_42_proc.jpg,Brad Pitt,1,Directo
C:\Users\joeyk\OneDrive\Desktop\CNN\Creación_de_Dataset_híbrido\Face-Recognition Proyect\Dataset_aumentado\Kevin\Kevin_86_proc_aug01.jpg,Kevin,6,Directo
C:\Users\joeyk\OneDrive\Desktop\CNN\Creación_de_Dataset_híbrido\Face-Recognition Proyect\Dataset_aumentado\Joey\Joey_47_proc_aug02.jpg,Joey,4,Directo
C:\Users\joeyk\OneDrive\Desktop\CNN\Creación_de_Dataset_híbrido\Face-Recognition Proyect\Dataset_aumentado\Brad Pitt\BradPitt_45_proc.jpg,Brad Pitt,1,Directo
C:\Users\joeyk\OneDrive\Desktop\CNN\Creación_de_Dataset_híbrido\Face-Recognition Proyect\Dataset_aumentado\Joey\Joey_55_proc_aug02.jpg,Joey,4,Directo
C:\Users\joeyk\OneDrive\Desktop\CNN\Creación_de_Dataset_híbrido\Face-Recognition Proyect\Dataset_aumentado\Nicole Kidman\Nicole_Kidman_70_proc_aug02.jpg,Nicole Kidman,9,Directo
C:\Users\joeyk\OneDrive\Desktop\CNN\Creación_de_Dataset_híbrido\Face-Recognition Proyect\Dataset_aumentado\Joey\Joey_288_proc.jpg,Joey,4,Directo
C:\Users\joeyk\OneDrive\Desktop\CNN\Creación_de_Dataset_híbrido\Face-Recognition Proyect\Dataset_aumentado\Israel\Israel_228_proc.jpg,Israel,2,Directo
C:\Users\joeyk\OneDrive\Desktop\CNN\Creación_de_Dataset_híbrido\Face-Recognition Proyect\Dataset_aumentado\Leonardo DiCaprio\Leonardo_DiCaprio_74_proc_aug01.jpg,Leonardo DiCaprio,7,Directo
C:\Users\joeyk\OneDrive\Desktop\CNN\Creación_de_Dataset_híbrido\Face-Recognition Proyect\Dataset_aumentado\Kevin\Kevin_97_proc_aug03.jpg,Kevin,6,Directo
C:\Users\joeyk\OneDrive\Desktop\CNN\Creación_de_Dataset_híbrido\Face-Recognition Proyect\Dataset_aumentado\Israel\Israel_105_proc.jpg,Israel,2,Directo
C:\Users\joeyk\OneDrive\Desktop\CNN\Creación_de_Dataset_híbrido\Face-Recognition Proyect\Dataset_aumentado\Nicole Kidman\Nicole_Kidman_36_proc_aug01.jpg,Nicole Kidman,9,Directo
C:\Users\joeyk\OneDrive\Desktop\CNN\Creación_de_Dataset_híbrido\Face-Recognition Proyect\Dataset_aumentado\Joey\Joey_75_proc_aug01.jpg,Joey,4,Directo
C:\Users\joeyk\OneDrive\Desktop\CNN\Creación_de_Dataset_híbrido\Face-Recognition Proyect\Dataset_aumentado\Joey\Joey_13_proc_aug01.jpg,Joey,4,Directo
C:\Users\joeyk\OneDrive\Desktop\CNN\Creación_de_Dataset_híbrido\Face-Recognition Proyect\Dataset_aumentado\Kevin\Kevin_219_proc.jpg,Kevin,6,Directo
C:\Users\joeyk\OneDrive\Desktop\CNN\Creación_de_Dataset_híbrido\Face-Recognition Proyect\Dataset_aumentado\Leonardo DiCaprio\Leonardo_DiCaprio_61_proc_aug01.jpg,Leonardo DiCaprio,7,Directo
C:\Users\joeyk\OneDrive\Desktop\CNN\Creación_de_Dataset_híbrido\Face-Recognition Proyect\Dataset_aumentado\Nicole Kidman\Nicole_Kidman_76_proc_aug02.jpg,Nicole Kidman,9,Directo
C:\Users\joeyk\OneDrive\Desktop\CNN\Creación_de_Dataset_híbrido\Face-Recognition Proyect\Dataset_aumentado\Leonardo DiCaprio\Leonardo_DiCaprio_59_proc_aug01.jpg,Leonardo DiCaprio,7,Directo
C:\Users\joeyk\OneDrive\Desktop\CNN\Creación_de_Dataset_híbrido\Face-Recognition Proyect\Dataset_aumentado\Leonardo DiCaprio\Leonardo_DiCaprio_1_proc_aug01.jpg,Leonardo DiCaprio,7,Directo
C:\Users\joeyk\OneDrive\Desktop\CNN\Creación_de_Dataset_híbrido\Face-Recognition Proyect\Dataset_aumentado\Joey\Joey_283_proc_aug01.jpg,Joey,4,Directo
C:\Users\joeyk\OneDrive\Desktop\CNN\Creación_de_Dataset_híbrido\Face-Recognition Proyect\Dataset_aumentado\Israel\Israel_284_proc.jpg,Israel,2,Directo
C:\Users\joeyk\OneDrive\Desktop\CNN\Creación_de_Dataset_híbrido\Face-Recognition Proyect\Dataset_aumentado\Brad Pitt\BradPitt_40_proc_aug03.jpg,Brad Pitt,1,Directo
C:\Users\joeyk\OneDrive\Desktop\CNN\Creación_de_Dataset_híbrido\Face-Recognition Proyect\Dataset_aumentado\Nicole Kidman\Nicole_Kidman_69_proc_aug03.jpg,Nicole Kidman,9,Directo
C:\Users\joeyk\OneDrive\Desktop\CNN\Creación_de_Dataset_híbrido\Face-Recognition Proyect\Dataset_aumentado\Israel\Israel_311_proc_aug02.jpg,Israel,2,Directo
C:\Users\joeyk\OneDrive\Desktop\CNN\Creación_de_Dataset_híbrido\Face-Recognition Proyect\Dataset_aumentado\Brad Pitt\BradPitt_95_proc_aug02.jpg,Brad Pitt,1,Directo
C:\Users\joeyk\OneDrive\Desktop\CNN\Creación_de_Dataset_híbrido\Face-Recognition Proyect\Dataset_aumentado\Israel\Israel_106_proc_aug03.jpg,Israel,2,Directo
C:\Users\joeyk\OneDrive\Desktop\CNN\Creación_de_Dataset_híbrido\Face-Recognition Proyect\Dataset_aumentado\Johnny Depp\Johnny_Depp_95_proc_aug01.jpg,Johnny Depp,5,Directo
C:\Users\joeyk\OneDrive\Desktop\CNN\Creación_de_Dataset_híbrido\Face-Recognition Proyect\Dataset_aumentado\Joey\Joey_62_proc.jpg,Joey,4,Directo
C:\Users\joeyk\OneDrive\Desktop\CNN\Creación_de_Dataset_híbrido\Face-Recognition Proyect\Dataset_aumentado\Kevin\Kevin_40_proc_aug03.jpg,Kevin,6,Directo
C:\Users\joeyk\OneDrive\Desktop\CNN\Creación_de_Dataset_híbrido\Face-Recognition Proyect\Dataset_aumentado\Israel\Israel_32_proc_aug01.jpg,Israel,2,Directo
C:\Users\joeyk\OneDrive\Desktop\CNN\Creación_de_Dataset_híbrido\Face-Recognition Proyect\Dataset_aumentado\Johnny Depp\Johnny_Depp_65_proc.jpg,Johnny Depp,5,Directo
C:\Users\joeyk\OneDrive\Desktop\CNN\Creación_de_Dataset_híbrido\Face-Recognition Proyect\Dataset_aumentado\Natalie Portman\Natalie_Portman_35_proc.jpg,Natalie Portman,8,Directo
C:\Users\joeyk\OneDrive\Desktop\CNN\Creación_de_Dataset_híbrido\Face-Recognition Proyect\Dataset_aumentado\Leonardo DiCaprio\Leonardo_DiCaprio_8_proc_aug03.jpg,Leonardo DiCaprio,7,Directo
C:\Users\joeyk\OneDrive\Desktop\CNN\Creación_de_Dataset_híbrido\Face-Recognition Proyect\Dataset_aumentado\Kevin\Kevin_10_proc_aug01.jpg,Kevin,6,Directo
C:\Users\joeyk\OneDrive\Desktop\CNN\Creación_de_Dataset_híbrido\Face-Recognition Proyect\Dataset_aumentado\Joey\Joey_30_proc_aug02.jpg,Joey,4,Directo
C:\Users\joeyk\OneDrive\Desktop\CNN\Creación_de_Dataset_híbrido\Face-Recognition Proyect\Dataset_aumentado\Israel\Israel_82_proc_aug03.jpg,Israel,2,Directo
C:\Users\joeyk\OneDrive\Desktop\CNN\Creación_de_Dataset_híbrido\Face-Recognition Proyect\Dataset_aumentado\Angelina Jolie\Angelina_Jolie_93_proc_aug03.jpg,Angelina Jolie,0,Directo
C:\Users\joeyk\OneDrive\Desktop\CNN\Creación_de_Dataset_híbrido\Face-Recognition Proyect\Dataset_aumentado\Israel\Israel_295_proc_aug02.jpg,Israel,2,Directo
C:\Users\joeyk\OneDrive\Desktop\CNN\Creación_de_Dataset_híbrido\Face-Recognition Proyect\Dataset_aumentado\Israel\Israel_189_proc_aug02.jpg,Israel,2,Directo
C:\Users\joeyk\OneDrive\Desktop\CNN\Creación_de_Dataset_híbrido\Face-Recognition Proyect\Dataset_aumentado\Kevin\Kevin_118_proc_aug03.jpg,Kevin,6,Directo
C:\Users\joeyk\OneDrive\Desktop\CNN\Creación_de_Dataset_híbrido\Face-Recognition Proyect\Dataset_aumentado\Israel\Israel_158_proc_aug01.jpg,Israel,2,Directo
C:\Users\joeyk\OneDrive\Desktop\CNN\Creación_de_Dataset_híbrido\Face-Recognition Proyect\Dataset_aumentado\Jennifer Lawrence\JenniferLawrence_90_proc_aug02.jpg,Jennifer Lawrence,3,Directo
C:\Users\joeyk\OneDrive\Desktop\CNN\Creación_de_Dataset_híbrido\Face-Recognition Proyect\Dataset_aumentado\Angelina Jolie\Angelina_Jolie_58_proc_aug02.jpg,Angelina Jolie,0,Directo
C:\Users\joeyk\OneDrive\Desktop\CNN\Creación_de_Dataset_híbrido\Face-Recognition Proyect\Dataset_aumentado\Kevin\Kevin_149_proc_aug03.jpg,Kevin,6,Directo
C:\Users\joeyk\OneDrive\Desktop\CNN\Creación_de_Dataset_híbrido\Face-Recognition Proyect\Dataset_aumentado\Johnny Depp\Johnny_Depp_52_proc_aug03.jpg,Johnny Depp,5,Directo
C:\Users\joeyk\OneDrive\Desktop\CNN\Creación_de_Dataset_híbrido\Face-Recognition Proyect\Dataset_aumentado\Joey\Joey_105_proc_aug03.jpg,Joey,4,Directo
C:\Users\joeyk\OneDrive\Desktop\CNN\Creación_de_Dataset_híbrido\Face-Recognition Proyect\Dataset_aumentado\Joey\Joey_13_proc_aug02.jpg,Joey,4,Directo
C:\Users\joeyk\OneDrive\Desktop\CNN\Creación_de_Dataset_híbrido\Face-Recognition Proyect\Dataset_aumentado\Jennifer Lawrence\JenniferLawrence_97_proc_aug01.jpg,Jennifer Lawrence,3,Directo
C:\Users\joeyk\OneDrive\Desktop\CNN\Creación_de_Dataset_híbrido\Face-Recognition Proyect\Dataset_aumentado\Angelina Jolie\Angelina_Jolie_29_proc_aug01.jpg,Angelina Jolie,0,Directo
C:\Users\joeyk\OneDrive\Desktop\CNN\Creación_de_Dataset_híbrido\Face-Recognition Proyect\Dataset_aumentado\Joey\Joey_132_proc_aug02.jpg,Joey,4,Directo
